<?xml version="1.0" encoding="utf-8" ?>
<kml xmlns="http://www.opengis.net/kml/2.2">
<Document id="root_doc">
<Schema name="jag_id_grid" id="jag_id_grid">
	<SimpleField name="env.jag_id" type="float"></SimpleField>
</Schema>
<Folder><name>jag_id_grid</name>
  <Placemark>
	<Style><LineStyle><color>ff0000ff</color></LineStyle><PolyStyle><fill>0</fill></PolyStyle></Style>
	<ExtendedData><SchemaData schemaUrl="#jag_id_grid">
		<SimpleData name="env.jag_id">36</SimpleData>
	</SchemaData></ExtendedData>
      <Polygon><outerBoundaryIs><LinearRing><coordinates>18.381964711,-34.2006006203333 18.381964711,-34.19797711 18.38458822125,-34.19797711 18.38458822125,-34.2006006203333 18.381964711,-34.2006006203333</coordinates></LinearRing></outerBoundaryIs></Polygon>
  </Placemark>
  <Placemark>
	<Style><LineStyle><color>ff0000ff</color></LineStyle><PolyStyle><fill>0</fill></PolyStyle></Style>
	<ExtendedData><SchemaData schemaUrl="#jag_id_grid">
		<SimpleData name="env.jag_id">61</SimpleData>
	</SchemaData></ExtendedData>
      <Polygon><outerBoundaryIs><LinearRing><coordinates>18.38458822125,-34.2006006203333 18.38458822125,-34.19797711 18.3872117315,-34.19797711 18.3872117315,-34.2006006203333 18.38458822125,-34.2006006203333</coordinates></LinearRing></outerBoundaryIs></Polygon>
  </Placemark>
  <Placemark>
	<Style><LineStyle><color>ff0000ff</color></LineStyle><PolyStyle><fill>0</fill></PolyStyle></Style>
	<ExtendedData><SchemaData schemaUrl="#jag_id_grid">
		<SimpleData name="env.jag_id">90</SimpleData>
	</SchemaData></ExtendedData>
      <Polygon><outerBoundaryIs><LinearRing><coordinates>18.3872117315,-34.2006006203333 18.3872117315,-34.19797711 18.38983524175,-34.19797711 18.38983524175,-34.2006006203333 18.3872117315,-34.2006006203333</coordinates></LinearRing></outerBoundaryIs></Polygon>
  </Placemark>
  <Placemark>
	<Style><LineStyle><color>ff0000ff</color></LineStyle><PolyStyle><fill>0</fill></PolyStyle></Style>
	<ExtendedData><SchemaData schemaUrl="#jag_id_grid">
		<SimpleData name="env.jag_id">119</SimpleData>
	</SchemaData></ExtendedData>
      <Polygon><outerBoundaryIs><LinearRing><coordinates>18.38983524175,-34.2006006203333 18.38983524175,-34.19797711 18.392458752,-34.19797711 18.392458752,-34.2006006203333 18.38983524175,-34.2006006203333</coordinates></LinearRing></outerBoundaryIs></Polygon>
  </Placemark>
  <Placemark>
	<Style><LineStyle><color>ff0000ff</color></LineStyle><PolyStyle><fill>0</fill></PolyStyle></Style>
	<ExtendedData><SchemaData schemaUrl="#jag_id_grid">
		<SimpleData name="env.jag_id">149</SimpleData>
	</SchemaData></ExtendedData>
      <Polygon><outerBoundaryIs><LinearRing><coordinates>18.392458752,-34.2006006203333 18.392458752,-34.19797711 18.39508226225,-34.19797711 18.39508226225,-34.2006006203333 18.392458752,-34.2006006203333</coordinates></LinearRing></outerBoundaryIs></Polygon>
  </Placemark>
  <Placemark>
	<Style><LineStyle><color>ff0000ff</color></LineStyle><PolyStyle><fill>0</fill></PolyStyle></Style>
	<ExtendedData><SchemaData schemaUrl="#jag_id_grid">
		<SimpleData name="env.jag_id">182</SimpleData>
	</SchemaData></ExtendedData>
      <Polygon><outerBoundaryIs><LinearRing><coordinates>18.39508226225,-34.2006006203333 18.39508226225,-34.19797711 18.3977057725,-34.19797711 18.3977057725,-34.2006006203333 18.39508226225,-34.2006006203333</coordinates></LinearRing></outerBoundaryIs></Polygon>
  </Placemark>
  <Placemark>
	<Style><LineStyle><color>ff0000ff</color></LineStyle><PolyStyle><fill>0</fill></PolyStyle></Style>
	<ExtendedData><SchemaData schemaUrl="#jag_id_grid">
		<SimpleData name="env.jag_id">216</SimpleData>
	</SchemaData></ExtendedData>
      <Polygon><outerBoundaryIs><LinearRing><coordinates>18.3977057725,-34.2006006203333 18.3977057725,-34.19797711 18.40032928275,-34.19797711 18.40032928275,-34.2006006203333 18.3977057725,-34.2006006203333</coordinates></LinearRing></outerBoundaryIs></Polygon>
  </Placemark>
  <Placemark>
	<Style><LineStyle><color>ff0000ff</color></LineStyle><PolyStyle><fill>0</fill></PolyStyle></Style>
	<ExtendedData><SchemaData schemaUrl="#jag_id_grid">
		<SimpleData name="env.jag_id">250</SimpleData>
	</SchemaData></ExtendedData>
      <Polygon><outerBoundaryIs><LinearRing><coordinates>18.40032928275,-34.2006006203333 18.40032928275,-34.19797711 18.402952793,-34.19797711 18.402952793,-34.2006006203333 18.40032928275,-34.2006006203333</coordinates></LinearRing></outerBoundaryIs></Polygon>
  </Placemark>
  <Placemark>
	<Style><LineStyle><color>ff0000ff</color></LineStyle><PolyStyle><fill>0</fill></PolyStyle></Style>
	<ExtendedData><SchemaData schemaUrl="#jag_id_grid">
		<SimpleData name="env.jag_id">284</SimpleData>
	</SchemaData></ExtendedData>
      <Polygon><outerBoundaryIs><LinearRing><coordinates>18.402952793,-34.2006006203333 18.402952793,-34.19797711 18.40557630325,-34.19797711 18.40557630325,-34.2006006203333 18.402952793,-34.2006006203333</coordinates></LinearRing></outerBoundaryIs></Polygon>
  </Placemark>
  <Placemark>
	<Style><LineStyle><color>ff0000ff</color></LineStyle><PolyStyle><fill>0</fill></PolyStyle></Style>
	<ExtendedData><SchemaData schemaUrl="#jag_id_grid">
		<SimpleData name="env.jag_id">397</SimpleData>
	</SchemaData></ExtendedData>
      <Polygon><outerBoundaryIs><LinearRing><coordinates>18.41082332375,-34.2006006203333 18.41082332375,-34.19797711 18.413446834,-34.19797711 18.413446834,-34.2006006203333 18.41082332375,-34.2006006203333</coordinates></LinearRing></outerBoundaryIs></Polygon>
  </Placemark>
  <Placemark>
	<Style><LineStyle><color>ff0000ff</color></LineStyle><PolyStyle><fill>0</fill></PolyStyle></Style>
	<ExtendedData><SchemaData schemaUrl="#jag_id_grid">
		<SimpleData name="env.jag_id">439</SimpleData>
	</SchemaData></ExtendedData>
      <Polygon><outerBoundaryIs><LinearRing><coordinates>18.413446834,-34.2006006203333 18.413446834,-34.19797711 18.41607034425,-34.19797711 18.41607034425,-34.2006006203333 18.413446834,-34.2006006203333</coordinates></LinearRing></outerBoundaryIs></Polygon>
  </Placemark>
  <Placemark>
	<Style><LineStyle><color>ff0000ff</color></LineStyle><PolyStyle><fill>0</fill></PolyStyle></Style>
	<ExtendedData><SchemaData schemaUrl="#jag_id_grid">
		<SimpleData name="env.jag_id">483</SimpleData>
	</SchemaData></ExtendedData>
      <Polygon><outerBoundaryIs><LinearRing><coordinates>18.41607034425,-34.2006006203333 18.41607034425,-34.19797711 18.4186938545,-34.19797711 18.4186938545,-34.2006006203333 18.41607034425,-34.2006006203333</coordinates></LinearRing></outerBoundaryIs></Polygon>
  </Placemark>
  <Placemark>
	<Style><LineStyle><color>ff0000ff</color></LineStyle><PolyStyle><fill>0</fill></PolyStyle></Style>
	<ExtendedData><SchemaData schemaUrl="#jag_id_grid">
		<SimpleData name="env.jag_id">529</SimpleData>
	</SchemaData></ExtendedData>
      <Polygon><outerBoundaryIs><LinearRing><coordinates>18.4186938545,-34.2006006203333 18.4186938545,-34.19797711 18.42131736475,-34.19797711 18.42131736475,-34.2006006203333 18.4186938545,-34.2006006203333</coordinates></LinearRing></outerBoundaryIs></Polygon>
  </Placemark>
  <Placemark>
	<Style><LineStyle><color>ff0000ff</color></LineStyle><PolyStyle><fill>0</fill></PolyStyle></Style>
	<ExtendedData><SchemaData schemaUrl="#jag_id_grid">
		<SimpleData name="env.jag_id">575</SimpleData>
	</SchemaData></ExtendedData>
      <Polygon><outerBoundaryIs><LinearRing><coordinates>18.42131736475,-34.2006006203333 18.42131736475,-34.19797711 18.423940875,-34.19797711 18.423940875,-34.2006006203333 18.42131736475,-34.2006006203333</coordinates></LinearRing></outerBoundaryIs></Polygon>
  </Placemark>
  <Placemark>
	<Style><LineStyle><color>ff0000ff</color></LineStyle><PolyStyle><fill>0</fill></PolyStyle></Style>
	<ExtendedData><SchemaData schemaUrl="#jag_id_grid">
		<SimpleData name="env.jag_id">711</SimpleData>
	</SchemaData></ExtendedData>
      <Polygon><outerBoundaryIs><LinearRing><coordinates>18.4291878955,-34.2006006203333 18.4291878955,-34.19797711 18.43181140575,-34.19797711 18.43181140575,-34.2006006203333 18.4291878955,-34.2006006203333</coordinates></LinearRing></outerBoundaryIs></Polygon>
  </Placemark>
  <Placemark>
	<Style><LineStyle><color>ff0000ff</color></LineStyle><PolyStyle><fill>0</fill></PolyStyle></Style>
	<ExtendedData><SchemaData schemaUrl="#jag_id_grid">
		<SimpleData name="env.jag_id">753</SimpleData>
	</SchemaData></ExtendedData>
      <Polygon><outerBoundaryIs><LinearRing><coordinates>18.43181140575,-34.2006006203333 18.43181140575,-34.19797711 18.434434916,-34.19797711 18.434434916,-34.2006006203333 18.43181140575,-34.2006006203333</coordinates></LinearRing></outerBoundaryIs></Polygon>
  </Placemark>
  <Placemark>
	<Style><LineStyle><color>ff0000ff</color></LineStyle><PolyStyle><fill>0</fill></PolyStyle></Style>
	<ExtendedData><SchemaData schemaUrl="#jag_id_grid">
		<SimpleData name="env.jag_id">793</SimpleData>
	</SchemaData></ExtendedData>
      <Polygon><outerBoundaryIs><LinearRing><coordinates>18.434434916,-34.2006006203333 18.434434916,-34.19797711 18.43705842625,-34.19797711 18.43705842625,-34.2006006203333 18.434434916,-34.2006006203333</coordinates></LinearRing></outerBoundaryIs></Polygon>
  </Placemark>
  <Placemark>
	<Style><LineStyle><color>ff0000ff</color></LineStyle><PolyStyle><fill>0</fill></PolyStyle></Style>
	<ExtendedData><SchemaData schemaUrl="#jag_id_grid">
		<SimpleData name="env.jag_id">834</SimpleData>
	</SchemaData></ExtendedData>
      <Polygon><outerBoundaryIs><LinearRing><coordinates>18.43705842625,-34.2006006203333 18.43705842625,-34.19797711 18.4396819365,-34.19797711 18.4396819365,-34.2006006203333 18.43705842625,-34.2006006203333</coordinates></LinearRing></outerBoundaryIs></Polygon>
  </Placemark>
  <Placemark>
	<Style><LineStyle><color>ff0000ff</color></LineStyle><PolyStyle><fill>0</fill></PolyStyle></Style>
	<ExtendedData><SchemaData schemaUrl="#jag_id_grid">
		<SimpleData name="env.jag_id">875</SimpleData>
	</SchemaData></ExtendedData>
      <Polygon><outerBoundaryIs><LinearRing><coordinates>18.4396819365,-34.2006006203333 18.4396819365,-34.19797711 18.44230544675,-34.19797711 18.44230544675,-34.2006006203333 18.4396819365,-34.2006006203333</coordinates></LinearRing></outerBoundaryIs></Polygon>
  </Placemark>
  <Placemark>
	<Style><LineStyle><color>ff0000ff</color></LineStyle><PolyStyle><fill>0</fill></PolyStyle></Style>
	<ExtendedData><SchemaData schemaUrl="#jag_id_grid">
		<SimpleData name="env.jag_id">915</SimpleData>
	</SchemaData></ExtendedData>
      <Polygon><outerBoundaryIs><LinearRing><coordinates>18.44230544675,-34.2006006203333 18.44230544675,-34.19797711 18.444928957,-34.19797711 18.444928957,-34.2006006203333 18.44230544675,-34.2006006203333</coordinates></LinearRing></outerBoundaryIs></Polygon>
  </Placemark>
  <Placemark>
	<Style><LineStyle><color>ff0000ff</color></LineStyle><PolyStyle><fill>0</fill></PolyStyle></Style>
	<ExtendedData><SchemaData schemaUrl="#jag_id_grid">
		<SimpleData name="env.jag_id">62</SimpleData>
	</SchemaData></ExtendedData>
      <Polygon><outerBoundaryIs><LinearRing><coordinates>18.38458822125,-34.2032241306667 18.38458822125,-34.2006006203333 18.3872117315,-34.2006006203333 18.3872117315,-34.2032241306667 18.38458822125,-34.2032241306667</coordinates></LinearRing></outerBoundaryIs></Polygon>
  </Placemark>
  <Placemark>
	<Style><LineStyle><color>ff0000ff</color></LineStyle><PolyStyle><fill>0</fill></PolyStyle></Style>
	<ExtendedData><SchemaData schemaUrl="#jag_id_grid">
		<SimpleData name="env.jag_id">91</SimpleData>
	</SchemaData></ExtendedData>
      <Polygon><outerBoundaryIs><LinearRing><coordinates>18.3872117315,-34.2032241306667 18.3872117315,-34.2006006203333 18.38983524175,-34.2006006203333 18.38983524175,-34.2032241306667 18.3872117315,-34.2032241306667</coordinates></LinearRing></outerBoundaryIs></Polygon>
  </Placemark>
  <Placemark>
	<Style><LineStyle><color>ff0000ff</color></LineStyle><PolyStyle><fill>0</fill></PolyStyle></Style>
	<ExtendedData><SchemaData schemaUrl="#jag_id_grid">
		<SimpleData name="env.jag_id">120</SimpleData>
	</SchemaData></ExtendedData>
      <Polygon><outerBoundaryIs><LinearRing><coordinates>18.38983524175,-34.2032241306667 18.38983524175,-34.2006006203333 18.392458752,-34.2006006203333 18.392458752,-34.2032241306667 18.38983524175,-34.2032241306667</coordinates></LinearRing></outerBoundaryIs></Polygon>
  </Placemark>
  <Placemark>
	<Style><LineStyle><color>ff0000ff</color></LineStyle><PolyStyle><fill>0</fill></PolyStyle></Style>
	<ExtendedData><SchemaData schemaUrl="#jag_id_grid">
		<SimpleData name="env.jag_id">150</SimpleData>
	</SchemaData></ExtendedData>
      <Polygon><outerBoundaryIs><LinearRing><coordinates>18.392458752,-34.2032241306667 18.392458752,-34.2006006203333 18.39508226225,-34.2006006203333 18.39508226225,-34.2032241306667 18.392458752,-34.2032241306667</coordinates></LinearRing></outerBoundaryIs></Polygon>
  </Placemark>
  <Placemark>
	<Style><LineStyle><color>ff0000ff</color></LineStyle><PolyStyle><fill>0</fill></PolyStyle></Style>
	<ExtendedData><SchemaData schemaUrl="#jag_id_grid">
		<SimpleData name="env.jag_id">183</SimpleData>
	</SchemaData></ExtendedData>
      <Polygon><outerBoundaryIs><LinearRing><coordinates>18.39508226225,-34.2032241306667 18.39508226225,-34.2006006203333 18.3977057725,-34.2006006203333 18.3977057725,-34.2032241306667 18.39508226225,-34.2032241306667</coordinates></LinearRing></outerBoundaryIs></Polygon>
  </Placemark>
  <Placemark>
	<Style><LineStyle><color>ff0000ff</color></LineStyle><PolyStyle><fill>0</fill></PolyStyle></Style>
	<ExtendedData><SchemaData schemaUrl="#jag_id_grid">
		<SimpleData name="env.jag_id">217</SimpleData>
	</SchemaData></ExtendedData>
      <Polygon><outerBoundaryIs><LinearRing><coordinates>18.3977057725,-34.2032241306667 18.3977057725,-34.2006006203333 18.40032928275,-34.2006006203333 18.40032928275,-34.2032241306667 18.3977057725,-34.2032241306667</coordinates></LinearRing></outerBoundaryIs></Polygon>
  </Placemark>
  <Placemark>
	<Style><LineStyle><color>ff0000ff</color></LineStyle><PolyStyle><fill>0</fill></PolyStyle></Style>
	<ExtendedData><SchemaData schemaUrl="#jag_id_grid">
		<SimpleData name="env.jag_id">251</SimpleData>
	</SchemaData></ExtendedData>
      <Polygon><outerBoundaryIs><LinearRing><coordinates>18.40032928275,-34.2032241306667 18.40032928275,-34.2006006203333 18.402952793,-34.2006006203333 18.402952793,-34.2032241306667 18.40032928275,-34.2032241306667</coordinates></LinearRing></outerBoundaryIs></Polygon>
  </Placemark>
  <Placemark>
	<Style><LineStyle><color>ff0000ff</color></LineStyle><PolyStyle><fill>0</fill></PolyStyle></Style>
	<ExtendedData><SchemaData schemaUrl="#jag_id_grid">
		<SimpleData name="env.jag_id">320</SimpleData>
	</SchemaData></ExtendedData>
      <Polygon><outerBoundaryIs><LinearRing><coordinates>18.40557630325,-34.2032241306667 18.40557630325,-34.2006006203333 18.4081998135,-34.2006006203333 18.4081998135,-34.2032241306667 18.40557630325,-34.2032241306667</coordinates></LinearRing></outerBoundaryIs></Polygon>
  </Placemark>
  <Placemark>
	<Style><LineStyle><color>ff0000ff</color></LineStyle><PolyStyle><fill>0</fill></PolyStyle></Style>
	<ExtendedData><SchemaData schemaUrl="#jag_id_grid">
		<SimpleData name="env.jag_id">398</SimpleData>
	</SchemaData></ExtendedData>
      <Polygon><outerBoundaryIs><LinearRing><coordinates>18.41082332375,-34.2032241306667 18.41082332375,-34.2006006203333 18.413446834,-34.2006006203333 18.413446834,-34.2032241306667 18.41082332375,-34.2032241306667</coordinates></LinearRing></outerBoundaryIs></Polygon>
  </Placemark>
  <Placemark>
	<Style><LineStyle><color>ff0000ff</color></LineStyle><PolyStyle><fill>0</fill></PolyStyle></Style>
	<ExtendedData><SchemaData schemaUrl="#jag_id_grid">
		<SimpleData name="env.jag_id">440</SimpleData>
	</SchemaData></ExtendedData>
      <Polygon><outerBoundaryIs><LinearRing><coordinates>18.413446834,-34.2032241306667 18.413446834,-34.2006006203333 18.41607034425,-34.2006006203333 18.41607034425,-34.2032241306667 18.413446834,-34.2032241306667</coordinates></LinearRing></outerBoundaryIs></Polygon>
  </Placemark>
  <Placemark>
	<Style><LineStyle><color>ff0000ff</color></LineStyle><PolyStyle><fill>0</fill></PolyStyle></Style>
	<ExtendedData><SchemaData schemaUrl="#jag_id_grid">
		<SimpleData name="env.jag_id">484</SimpleData>
	</SchemaData></ExtendedData>
      <Polygon><outerBoundaryIs><LinearRing><coordinates>18.41607034425,-34.2032241306667 18.41607034425,-34.2006006203333 18.4186938545,-34.2006006203333 18.4186938545,-34.2032241306667 18.41607034425,-34.2032241306667</coordinates></LinearRing></outerBoundaryIs></Polygon>
  </Placemark>
  <Placemark>
	<Style><LineStyle><color>ff0000ff</color></LineStyle><PolyStyle><fill>0</fill></PolyStyle></Style>
	<ExtendedData><SchemaData schemaUrl="#jag_id_grid">
		<SimpleData name="env.jag_id">530</SimpleData>
	</SchemaData></ExtendedData>
      <Polygon><outerBoundaryIs><LinearRing><coordinates>18.4186938545,-34.2032241306667 18.4186938545,-34.2006006203333 18.42131736475,-34.2006006203333 18.42131736475,-34.2032241306667 18.4186938545,-34.2032241306667</coordinates></LinearRing></outerBoundaryIs></Polygon>
  </Placemark>
  <Placemark>
	<Style><LineStyle><color>ff0000ff</color></LineStyle><PolyStyle><fill>0</fill></PolyStyle></Style>
	<ExtendedData><SchemaData schemaUrl="#jag_id_grid">
		<SimpleData name="env.jag_id">576</SimpleData>
	</SchemaData></ExtendedData>
      <Polygon><outerBoundaryIs><LinearRing><coordinates>18.42131736475,-34.2032241306667 18.42131736475,-34.2006006203333 18.423940875,-34.2006006203333 18.423940875,-34.2032241306667 18.42131736475,-34.2032241306667</coordinates></LinearRing></outerBoundaryIs></Polygon>
  </Placemark>
  <Placemark>
	<Style><LineStyle><color>ff0000ff</color></LineStyle><PolyStyle><fill>0</fill></PolyStyle></Style>
	<ExtendedData><SchemaData schemaUrl="#jag_id_grid">
		<SimpleData name="env.jag_id">622</SimpleData>
	</SchemaData></ExtendedData>
      <Polygon><outerBoundaryIs><LinearRing><coordinates>18.423940875,-34.2032241306667 18.423940875,-34.2006006203333 18.42656438525,-34.2006006203333 18.42656438525,-34.2032241306667 18.423940875,-34.2032241306667</coordinates></LinearRing></outerBoundaryIs></Polygon>
  </Placemark>
  <Placemark>
	<Style><LineStyle><color>ff0000ff</color></LineStyle><PolyStyle><fill>0</fill></PolyStyle></Style>
	<ExtendedData><SchemaData schemaUrl="#jag_id_grid">
		<SimpleData name="env.jag_id">668</SimpleData>
	</SchemaData></ExtendedData>
      <Polygon><outerBoundaryIs><LinearRing><coordinates>18.42656438525,-34.2032241306667 18.42656438525,-34.2006006203333 18.4291878955,-34.2006006203333 18.4291878955,-34.2032241306667 18.42656438525,-34.2032241306667</coordinates></LinearRing></outerBoundaryIs></Polygon>
  </Placemark>
  <Placemark>
	<Style><LineStyle><color>ff0000ff</color></LineStyle><PolyStyle><fill>0</fill></PolyStyle></Style>
	<ExtendedData><SchemaData schemaUrl="#jag_id_grid">
		<SimpleData name="env.jag_id">712</SimpleData>
	</SchemaData></ExtendedData>
      <Polygon><outerBoundaryIs><LinearRing><coordinates>18.4291878955,-34.2032241306667 18.4291878955,-34.2006006203333 18.43181140575,-34.2006006203333 18.43181140575,-34.2032241306667 18.4291878955,-34.2032241306667</coordinates></LinearRing></outerBoundaryIs></Polygon>
  </Placemark>
  <Placemark>
	<Style><LineStyle><color>ff0000ff</color></LineStyle><PolyStyle><fill>0</fill></PolyStyle></Style>
	<ExtendedData><SchemaData schemaUrl="#jag_id_grid">
		<SimpleData name="env.jag_id">754</SimpleData>
	</SchemaData></ExtendedData>
      <Polygon><outerBoundaryIs><LinearRing><coordinates>18.43181140575,-34.2032241306667 18.43181140575,-34.2006006203333 18.434434916,-34.2006006203333 18.434434916,-34.2032241306667 18.43181140575,-34.2032241306667</coordinates></LinearRing></outerBoundaryIs></Polygon>
  </Placemark>
  <Placemark>
	<Style><LineStyle><color>ff0000ff</color></LineStyle><PolyStyle><fill>0</fill></PolyStyle></Style>
	<ExtendedData><SchemaData schemaUrl="#jag_id_grid">
		<SimpleData name="env.jag_id">794</SimpleData>
	</SchemaData></ExtendedData>
      <Polygon><outerBoundaryIs><LinearRing><coordinates>18.434434916,-34.2032241306667 18.434434916,-34.2006006203333 18.43705842625,-34.2006006203333 18.43705842625,-34.2032241306667 18.434434916,-34.2032241306667</coordinates></LinearRing></outerBoundaryIs></Polygon>
  </Placemark>
  <Placemark>
	<Style><LineStyle><color>ff0000ff</color></LineStyle><PolyStyle><fill>0</fill></PolyStyle></Style>
	<ExtendedData><SchemaData schemaUrl="#jag_id_grid">
		<SimpleData name="env.jag_id">835</SimpleData>
	</SchemaData></ExtendedData>
      <Polygon><outerBoundaryIs><LinearRing><coordinates>18.43705842625,-34.2032241306667 18.43705842625,-34.2006006203333 18.4396819365,-34.2006006203333 18.4396819365,-34.2032241306667 18.43705842625,-34.2032241306667</coordinates></LinearRing></outerBoundaryIs></Polygon>
  </Placemark>
  <Placemark>
	<Style><LineStyle><color>ff0000ff</color></LineStyle><PolyStyle><fill>0</fill></PolyStyle></Style>
	<ExtendedData><SchemaData schemaUrl="#jag_id_grid">
		<SimpleData name="env.jag_id">876</SimpleData>
	</SchemaData></ExtendedData>
      <Polygon><outerBoundaryIs><LinearRing><coordinates>18.4396819365,-34.2032241306667 18.4396819365,-34.2006006203333 18.44230544675,-34.2006006203333 18.44230544675,-34.2032241306667 18.4396819365,-34.2032241306667</coordinates></LinearRing></outerBoundaryIs></Polygon>
  </Placemark>
  <Placemark>
	<Style><LineStyle><color>ff0000ff</color></LineStyle><PolyStyle><fill>0</fill></PolyStyle></Style>
	<ExtendedData><SchemaData schemaUrl="#jag_id_grid">
		<SimpleData name="env.jag_id">916</SimpleData>
	</SchemaData></ExtendedData>
      <Polygon><outerBoundaryIs><LinearRing><coordinates>18.44230544675,-34.2032241306667 18.44230544675,-34.2006006203333 18.444928957,-34.2006006203333 18.444928957,-34.2032241306667 18.44230544675,-34.2032241306667</coordinates></LinearRing></outerBoundaryIs></Polygon>
  </Placemark>
  <Placemark>
	<Style><LineStyle><color>ff0000ff</color></LineStyle><PolyStyle><fill>0</fill></PolyStyle></Style>
	<ExtendedData><SchemaData schemaUrl="#jag_id_grid">
		<SimpleData name="env.jag_id">956</SimpleData>
	</SchemaData></ExtendedData>
      <Polygon><outerBoundaryIs><LinearRing><coordinates>18.444928957,-34.2032241306667 18.444928957,-34.2006006203333 18.44755246725,-34.2006006203333 18.44755246725,-34.2032241306667 18.444928957,-34.2032241306667</coordinates></LinearRing></outerBoundaryIs></Polygon>
  </Placemark>
  <Placemark>
	<Style><LineStyle><color>ff0000ff</color></LineStyle><PolyStyle><fill>0</fill></PolyStyle></Style>
	<ExtendedData><SchemaData schemaUrl="#jag_id_grid">
		<SimpleData name="env.jag_id">997</SimpleData>
	</SchemaData></ExtendedData>
      <Polygon><outerBoundaryIs><LinearRing><coordinates>18.44755246725,-34.2032241306667 18.44755246725,-34.2006006203333 18.4501759775,-34.2006006203333 18.4501759775,-34.2032241306667 18.44755246725,-34.2032241306667</coordinates></LinearRing></outerBoundaryIs></Polygon>
  </Placemark>
  <Placemark>
	<Style><LineStyle><color>ff0000ff</color></LineStyle><PolyStyle><fill>0</fill></PolyStyle></Style>
	<ExtendedData><SchemaData schemaUrl="#jag_id_grid">
		<SimpleData name="env.jag_id">9</SimpleData>
	</SchemaData></ExtendedData>
      <Polygon><outerBoundaryIs><LinearRing><coordinates>18.3767176905,-34.205847641 18.3767176905,-34.2032241306667 18.37934120075,-34.2032241306667 18.37934120075,-34.205847641 18.3767176905,-34.205847641</coordinates></LinearRing></outerBoundaryIs></Polygon>
  </Placemark>
  <Placemark>
	<Style><LineStyle><color>ff0000ff</color></LineStyle><PolyStyle><fill>0</fill></PolyStyle></Style>
	<ExtendedData><SchemaData schemaUrl="#jag_id_grid">
		<SimpleData name="env.jag_id">20</SimpleData>
	</SchemaData></ExtendedData>
      <Polygon><outerBoundaryIs><LinearRing><coordinates>18.37934120075,-34.205847641 18.37934120075,-34.2032241306667 18.381964711,-34.2032241306667 18.381964711,-34.205847641 18.37934120075,-34.205847641</coordinates></LinearRing></outerBoundaryIs></Polygon>
  </Placemark>
  <Placemark>
	<Style><LineStyle><color>ff0000ff</color></LineStyle><PolyStyle><fill>0</fill></PolyStyle></Style>
	<ExtendedData><SchemaData schemaUrl="#jag_id_grid">
		<SimpleData name="env.jag_id">37</SimpleData>
	</SchemaData></ExtendedData>
      <Polygon><outerBoundaryIs><LinearRing><coordinates>18.381964711,-34.205847641 18.381964711,-34.2032241306667 18.38458822125,-34.2032241306667 18.38458822125,-34.205847641 18.381964711,-34.205847641</coordinates></LinearRing></outerBoundaryIs></Polygon>
  </Placemark>
  <Placemark>
	<Style><LineStyle><color>ff0000ff</color></LineStyle><PolyStyle><fill>0</fill></PolyStyle></Style>
	<ExtendedData><SchemaData schemaUrl="#jag_id_grid">
		<SimpleData name="env.jag_id">63</SimpleData>
	</SchemaData></ExtendedData>
      <Polygon><outerBoundaryIs><LinearRing><coordinates>18.38458822125,-34.205847641 18.38458822125,-34.2032241306667 18.3872117315,-34.2032241306667 18.3872117315,-34.205847641 18.38458822125,-34.205847641</coordinates></LinearRing></outerBoundaryIs></Polygon>
  </Placemark>
  <Placemark>
	<Style><LineStyle><color>ff0000ff</color></LineStyle><PolyStyle><fill>0</fill></PolyStyle></Style>
	<ExtendedData><SchemaData schemaUrl="#jag_id_grid">
		<SimpleData name="env.jag_id">92</SimpleData>
	</SchemaData></ExtendedData>
      <Polygon><outerBoundaryIs><LinearRing><coordinates>18.3872117315,-34.205847641 18.3872117315,-34.2032241306667 18.38983524175,-34.2032241306667 18.38983524175,-34.205847641 18.3872117315,-34.205847641</coordinates></LinearRing></outerBoundaryIs></Polygon>
  </Placemark>
  <Placemark>
	<Style><LineStyle><color>ff0000ff</color></LineStyle><PolyStyle><fill>0</fill></PolyStyle></Style>
	<ExtendedData><SchemaData schemaUrl="#jag_id_grid">
		<SimpleData name="env.jag_id">121</SimpleData>
	</SchemaData></ExtendedData>
      <Polygon><outerBoundaryIs><LinearRing><coordinates>18.38983524175,-34.205847641 18.38983524175,-34.2032241306667 18.392458752,-34.2032241306667 18.392458752,-34.205847641 18.38983524175,-34.205847641</coordinates></LinearRing></outerBoundaryIs></Polygon>
  </Placemark>
  <Placemark>
	<Style><LineStyle><color>ff0000ff</color></LineStyle><PolyStyle><fill>0</fill></PolyStyle></Style>
	<ExtendedData><SchemaData schemaUrl="#jag_id_grid">
		<SimpleData name="env.jag_id">151</SimpleData>
	</SchemaData></ExtendedData>
      <Polygon><outerBoundaryIs><LinearRing><coordinates>18.392458752,-34.205847641 18.392458752,-34.2032241306667 18.39508226225,-34.2032241306667 18.39508226225,-34.205847641 18.392458752,-34.205847641</coordinates></LinearRing></outerBoundaryIs></Polygon>
  </Placemark>
  <Placemark>
	<Style><LineStyle><color>ff0000ff</color></LineStyle><PolyStyle><fill>0</fill></PolyStyle></Style>
	<ExtendedData><SchemaData schemaUrl="#jag_id_grid">
		<SimpleData name="env.jag_id">184</SimpleData>
	</SchemaData></ExtendedData>
      <Polygon><outerBoundaryIs><LinearRing><coordinates>18.39508226225,-34.205847641 18.39508226225,-34.2032241306667 18.3977057725,-34.2032241306667 18.3977057725,-34.205847641 18.39508226225,-34.205847641</coordinates></LinearRing></outerBoundaryIs></Polygon>
  </Placemark>
  <Placemark>
	<Style><LineStyle><color>ff0000ff</color></LineStyle><PolyStyle><fill>0</fill></PolyStyle></Style>
	<ExtendedData><SchemaData schemaUrl="#jag_id_grid">
		<SimpleData name="env.jag_id">441</SimpleData>
	</SchemaData></ExtendedData>
      <Polygon><outerBoundaryIs><LinearRing><coordinates>18.413446834,-34.205847641 18.413446834,-34.2032241306667 18.41607034425,-34.2032241306667 18.41607034425,-34.205847641 18.413446834,-34.205847641</coordinates></LinearRing></outerBoundaryIs></Polygon>
  </Placemark>
  <Placemark>
	<Style><LineStyle><color>ff0000ff</color></LineStyle><PolyStyle><fill>0</fill></PolyStyle></Style>
	<ExtendedData><SchemaData schemaUrl="#jag_id_grid">
		<SimpleData name="env.jag_id">485</SimpleData>
	</SchemaData></ExtendedData>
      <Polygon><outerBoundaryIs><LinearRing><coordinates>18.41607034425,-34.205847641 18.41607034425,-34.2032241306667 18.4186938545,-34.2032241306667 18.4186938545,-34.205847641 18.41607034425,-34.205847641</coordinates></LinearRing></outerBoundaryIs></Polygon>
  </Placemark>
  <Placemark>
	<Style><LineStyle><color>ff0000ff</color></LineStyle><PolyStyle><fill>0</fill></PolyStyle></Style>
	<ExtendedData><SchemaData schemaUrl="#jag_id_grid">
		<SimpleData name="env.jag_id">531</SimpleData>
	</SchemaData></ExtendedData>
      <Polygon><outerBoundaryIs><LinearRing><coordinates>18.4186938545,-34.205847641 18.4186938545,-34.2032241306667 18.42131736475,-34.2032241306667 18.42131736475,-34.205847641 18.4186938545,-34.205847641</coordinates></LinearRing></outerBoundaryIs></Polygon>
  </Placemark>
  <Placemark>
	<Style><LineStyle><color>ff0000ff</color></LineStyle><PolyStyle><fill>0</fill></PolyStyle></Style>
	<ExtendedData><SchemaData schemaUrl="#jag_id_grid">
		<SimpleData name="env.jag_id">577</SimpleData>
	</SchemaData></ExtendedData>
      <Polygon><outerBoundaryIs><LinearRing><coordinates>18.42131736475,-34.205847641 18.42131736475,-34.2032241306667 18.423940875,-34.2032241306667 18.423940875,-34.205847641 18.42131736475,-34.205847641</coordinates></LinearRing></outerBoundaryIs></Polygon>
  </Placemark>
  <Placemark>
	<Style><LineStyle><color>ff0000ff</color></LineStyle><PolyStyle><fill>0</fill></PolyStyle></Style>
	<ExtendedData><SchemaData schemaUrl="#jag_id_grid">
		<SimpleData name="env.jag_id">623</SimpleData>
	</SchemaData></ExtendedData>
      <Polygon><outerBoundaryIs><LinearRing><coordinates>18.423940875,-34.205847641 18.423940875,-34.2032241306667 18.42656438525,-34.2032241306667 18.42656438525,-34.205847641 18.423940875,-34.205847641</coordinates></LinearRing></outerBoundaryIs></Polygon>
  </Placemark>
  <Placemark>
	<Style><LineStyle><color>ff0000ff</color></LineStyle><PolyStyle><fill>0</fill></PolyStyle></Style>
	<ExtendedData><SchemaData schemaUrl="#jag_id_grid">
		<SimpleData name="env.jag_id">669</SimpleData>
	</SchemaData></ExtendedData>
      <Polygon><outerBoundaryIs><LinearRing><coordinates>18.42656438525,-34.205847641 18.42656438525,-34.2032241306667 18.4291878955,-34.2032241306667 18.4291878955,-34.205847641 18.42656438525,-34.205847641</coordinates></LinearRing></outerBoundaryIs></Polygon>
  </Placemark>
  <Placemark>
	<Style><LineStyle><color>ff0000ff</color></LineStyle><PolyStyle><fill>0</fill></PolyStyle></Style>
	<ExtendedData><SchemaData schemaUrl="#jag_id_grid">
		<SimpleData name="env.jag_id">713</SimpleData>
	</SchemaData></ExtendedData>
      <Polygon><outerBoundaryIs><LinearRing><coordinates>18.4291878955,-34.205847641 18.4291878955,-34.2032241306667 18.43181140575,-34.2032241306667 18.43181140575,-34.205847641 18.4291878955,-34.205847641</coordinates></LinearRing></outerBoundaryIs></Polygon>
  </Placemark>
  <Placemark>
	<Style><LineStyle><color>ff0000ff</color></LineStyle><PolyStyle><fill>0</fill></PolyStyle></Style>
	<ExtendedData><SchemaData schemaUrl="#jag_id_grid">
		<SimpleData name="env.jag_id">755</SimpleData>
	</SchemaData></ExtendedData>
      <Polygon><outerBoundaryIs><LinearRing><coordinates>18.43181140575,-34.205847641 18.43181140575,-34.2032241306667 18.434434916,-34.2032241306667 18.434434916,-34.205847641 18.43181140575,-34.205847641</coordinates></LinearRing></outerBoundaryIs></Polygon>
  </Placemark>
  <Placemark>
	<Style><LineStyle><color>ff0000ff</color></LineStyle><PolyStyle><fill>0</fill></PolyStyle></Style>
	<ExtendedData><SchemaData schemaUrl="#jag_id_grid">
		<SimpleData name="env.jag_id">795</SimpleData>
	</SchemaData></ExtendedData>
      <Polygon><outerBoundaryIs><LinearRing><coordinates>18.434434916,-34.205847641 18.434434916,-34.2032241306667 18.43705842625,-34.2032241306667 18.43705842625,-34.205847641 18.434434916,-34.205847641</coordinates></LinearRing></outerBoundaryIs></Polygon>
  </Placemark>
  <Placemark>
	<Style><LineStyle><color>ff0000ff</color></LineStyle><PolyStyle><fill>0</fill></PolyStyle></Style>
	<ExtendedData><SchemaData schemaUrl="#jag_id_grid">
		<SimpleData name="env.jag_id">836</SimpleData>
	</SchemaData></ExtendedData>
      <Polygon><outerBoundaryIs><LinearRing><coordinates>18.43705842625,-34.205847641 18.43705842625,-34.2032241306667 18.4396819365,-34.2032241306667 18.4396819365,-34.205847641 18.43705842625,-34.205847641</coordinates></LinearRing></outerBoundaryIs></Polygon>
  </Placemark>
  <Placemark>
	<Style><LineStyle><color>ff0000ff</color></LineStyle><PolyStyle><fill>0</fill></PolyStyle></Style>
	<ExtendedData><SchemaData schemaUrl="#jag_id_grid">
		<SimpleData name="env.jag_id">877</SimpleData>
	</SchemaData></ExtendedData>
      <Polygon><outerBoundaryIs><LinearRing><coordinates>18.4396819365,-34.205847641 18.4396819365,-34.2032241306667 18.44230544675,-34.2032241306667 18.44230544675,-34.205847641 18.4396819365,-34.205847641</coordinates></LinearRing></outerBoundaryIs></Polygon>
  </Placemark>
  <Placemark>
	<Style><LineStyle><color>ff0000ff</color></LineStyle><PolyStyle><fill>0</fill></PolyStyle></Style>
	<ExtendedData><SchemaData schemaUrl="#jag_id_grid">
		<SimpleData name="env.jag_id">917</SimpleData>
	</SchemaData></ExtendedData>
      <Polygon><outerBoundaryIs><LinearRing><coordinates>18.44230544675,-34.205847641 18.44230544675,-34.2032241306667 18.444928957,-34.2032241306667 18.444928957,-34.205847641 18.44230544675,-34.205847641</coordinates></LinearRing></outerBoundaryIs></Polygon>
  </Placemark>
  <Placemark>
	<Style><LineStyle><color>ff0000ff</color></LineStyle><PolyStyle><fill>0</fill></PolyStyle></Style>
	<ExtendedData><SchemaData schemaUrl="#jag_id_grid">
		<SimpleData name="env.jag_id">957</SimpleData>
	</SchemaData></ExtendedData>
      <Polygon><outerBoundaryIs><LinearRing><coordinates>18.444928957,-34.205847641 18.444928957,-34.2032241306667 18.44755246725,-34.2032241306667 18.44755246725,-34.205847641 18.444928957,-34.205847641</coordinates></LinearRing></outerBoundaryIs></Polygon>
  </Placemark>
  <Placemark>
	<Style><LineStyle><color>ff0000ff</color></LineStyle><PolyStyle><fill>0</fill></PolyStyle></Style>
	<ExtendedData><SchemaData schemaUrl="#jag_id_grid">
		<SimpleData name="env.jag_id">998</SimpleData>
	</SchemaData></ExtendedData>
      <Polygon><outerBoundaryIs><LinearRing><coordinates>18.44755246725,-34.205847641 18.44755246725,-34.2032241306667 18.4501759775,-34.2032241306667 18.4501759775,-34.205847641 18.44755246725,-34.205847641</coordinates></LinearRing></outerBoundaryIs></Polygon>
  </Placemark>
  <Placemark>
	<Style><LineStyle><color>ff0000ff</color></LineStyle><PolyStyle><fill>0</fill></PolyStyle></Style>
	<ExtendedData><SchemaData schemaUrl="#jag_id_grid">
		<SimpleData name="env.jag_id">1042</SimpleData>
	</SchemaData></ExtendedData>
      <Polygon><outerBoundaryIs><LinearRing><coordinates>18.4501759775,-34.205847641 18.4501759775,-34.2032241306667 18.45279948775,-34.2032241306667 18.45279948775,-34.205847641 18.4501759775,-34.205847641</coordinates></LinearRing></outerBoundaryIs></Polygon>
  </Placemark>
  <Placemark>
	<Style><LineStyle><color>ff0000ff</color></LineStyle><PolyStyle><fill>0</fill></PolyStyle></Style>
	<ExtendedData><SchemaData schemaUrl="#jag_id_grid">
		<SimpleData name="env.jag_id">1</SimpleData>
	</SchemaData></ExtendedData>
      <Polygon><outerBoundaryIs><LinearRing><coordinates>18.37147067,-34.2084711513333 18.37147067,-34.205847641 18.37409418025,-34.205847641 18.37409418025,-34.2084711513333 18.37147067,-34.2084711513333</coordinates></LinearRing></outerBoundaryIs></Polygon>
  </Placemark>
  <Placemark>
	<Style><LineStyle><color>ff0000ff</color></LineStyle><PolyStyle><fill>0</fill></PolyStyle></Style>
	<ExtendedData><SchemaData schemaUrl="#jag_id_grid">
		<SimpleData name="env.jag_id">4</SimpleData>
	</SchemaData></ExtendedData>
      <Polygon><outerBoundaryIs><LinearRing><coordinates>18.37409418025,-34.2084711513333 18.37409418025,-34.205847641 18.3767176905,-34.205847641 18.3767176905,-34.2084711513333 18.37409418025,-34.2084711513333</coordinates></LinearRing></outerBoundaryIs></Polygon>
  </Placemark>
  <Placemark>
	<Style><LineStyle><color>ff0000ff</color></LineStyle><PolyStyle><fill>0</fill></PolyStyle></Style>
	<ExtendedData><SchemaData schemaUrl="#jag_id_grid">
		<SimpleData name="env.jag_id">10</SimpleData>
	</SchemaData></ExtendedData>
      <Polygon><outerBoundaryIs><LinearRing><coordinates>18.3767176905,-34.2084711513333 18.3767176905,-34.205847641 18.37934120075,-34.205847641 18.37934120075,-34.2084711513333 18.3767176905,-34.2084711513333</coordinates></LinearRing></outerBoundaryIs></Polygon>
  </Placemark>
  <Placemark>
	<Style><LineStyle><color>ff0000ff</color></LineStyle><PolyStyle><fill>0</fill></PolyStyle></Style>
	<ExtendedData><SchemaData schemaUrl="#jag_id_grid">
		<SimpleData name="env.jag_id">21</SimpleData>
	</SchemaData></ExtendedData>
      <Polygon><outerBoundaryIs><LinearRing><coordinates>18.37934120075,-34.2084711513333 18.37934120075,-34.205847641 18.381964711,-34.205847641 18.381964711,-34.2084711513333 18.37934120075,-34.2084711513333</coordinates></LinearRing></outerBoundaryIs></Polygon>
  </Placemark>
  <Placemark>
	<Style><LineStyle><color>ff0000ff</color></LineStyle><PolyStyle><fill>0</fill></PolyStyle></Style>
	<ExtendedData><SchemaData schemaUrl="#jag_id_grid">
		<SimpleData name="env.jag_id">38</SimpleData>
	</SchemaData></ExtendedData>
      <Polygon><outerBoundaryIs><LinearRing><coordinates>18.381964711,-34.2084711513333 18.381964711,-34.205847641 18.38458822125,-34.205847641 18.38458822125,-34.2084711513333 18.381964711,-34.2084711513333</coordinates></LinearRing></outerBoundaryIs></Polygon>
  </Placemark>
  <Placemark>
	<Style><LineStyle><color>ff0000ff</color></LineStyle><PolyStyle><fill>0</fill></PolyStyle></Style>
	<ExtendedData><SchemaData schemaUrl="#jag_id_grid">
		<SimpleData name="env.jag_id">64</SimpleData>
	</SchemaData></ExtendedData>
      <Polygon><outerBoundaryIs><LinearRing><coordinates>18.38458822125,-34.2084711513333 18.38458822125,-34.205847641 18.3872117315,-34.205847641 18.3872117315,-34.2084711513333 18.38458822125,-34.2084711513333</coordinates></LinearRing></outerBoundaryIs></Polygon>
  </Placemark>
  <Placemark>
	<Style><LineStyle><color>ff0000ff</color></LineStyle><PolyStyle><fill>0</fill></PolyStyle></Style>
	<ExtendedData><SchemaData schemaUrl="#jag_id_grid">
		<SimpleData name="env.jag_id">93</SimpleData>
	</SchemaData></ExtendedData>
      <Polygon><outerBoundaryIs><LinearRing><coordinates>18.3872117315,-34.2084711513333 18.3872117315,-34.205847641 18.38983524175,-34.205847641 18.38983524175,-34.2084711513333 18.3872117315,-34.2084711513333</coordinates></LinearRing></outerBoundaryIs></Polygon>
  </Placemark>
  <Placemark>
	<Style><LineStyle><color>ff0000ff</color></LineStyle><PolyStyle><fill>0</fill></PolyStyle></Style>
	<ExtendedData><SchemaData schemaUrl="#jag_id_grid">
		<SimpleData name="env.jag_id">122</SimpleData>
	</SchemaData></ExtendedData>
      <Polygon><outerBoundaryIs><LinearRing><coordinates>18.38983524175,-34.2084711513333 18.38983524175,-34.205847641 18.392458752,-34.205847641 18.392458752,-34.2084711513333 18.38983524175,-34.2084711513333</coordinates></LinearRing></outerBoundaryIs></Polygon>
  </Placemark>
  <Placemark>
	<Style><LineStyle><color>ff0000ff</color></LineStyle><PolyStyle><fill>0</fill></PolyStyle></Style>
	<ExtendedData><SchemaData schemaUrl="#jag_id_grid">
		<SimpleData name="env.jag_id">152</SimpleData>
	</SchemaData></ExtendedData>
      <Polygon><outerBoundaryIs><LinearRing><coordinates>18.392458752,-34.2084711513333 18.392458752,-34.205847641 18.39508226225,-34.205847641 18.39508226225,-34.2084711513333 18.392458752,-34.2084711513333</coordinates></LinearRing></outerBoundaryIs></Polygon>
  </Placemark>
  <Placemark>
	<Style><LineStyle><color>ff0000ff</color></LineStyle><PolyStyle><fill>0</fill></PolyStyle></Style>
	<ExtendedData><SchemaData schemaUrl="#jag_id_grid">
		<SimpleData name="env.jag_id">185</SimpleData>
	</SchemaData></ExtendedData>
      <Polygon><outerBoundaryIs><LinearRing><coordinates>18.39508226225,-34.2084711513333 18.39508226225,-34.205847641 18.3977057725,-34.205847641 18.3977057725,-34.2084711513333 18.39508226225,-34.2084711513333</coordinates></LinearRing></outerBoundaryIs></Polygon>
  </Placemark>
  <Placemark>
	<Style><LineStyle><color>ff0000ff</color></LineStyle><PolyStyle><fill>0</fill></PolyStyle></Style>
	<ExtendedData><SchemaData schemaUrl="#jag_id_grid">
		<SimpleData name="env.jag_id">218</SimpleData>
	</SchemaData></ExtendedData>
      <Polygon><outerBoundaryIs><LinearRing><coordinates>18.3977057725,-34.2084711513333 18.3977057725,-34.205847641 18.40032928275,-34.205847641 18.40032928275,-34.2084711513333 18.3977057725,-34.2084711513333</coordinates></LinearRing></outerBoundaryIs></Polygon>
  </Placemark>
  <Placemark>
	<Style><LineStyle><color>ff0000ff</color></LineStyle><PolyStyle><fill>0</fill></PolyStyle></Style>
	<ExtendedData><SchemaData schemaUrl="#jag_id_grid">
		<SimpleData name="env.jag_id">399</SimpleData>
	</SchemaData></ExtendedData>
      <Polygon><outerBoundaryIs><LinearRing><coordinates>18.41082332375,-34.2084711513333 18.41082332375,-34.205847641 18.413446834,-34.205847641 18.413446834,-34.2084711513333 18.41082332375,-34.2084711513333</coordinates></LinearRing></outerBoundaryIs></Polygon>
  </Placemark>
  <Placemark>
	<Style><LineStyle><color>ff0000ff</color></LineStyle><PolyStyle><fill>0</fill></PolyStyle></Style>
	<ExtendedData><SchemaData schemaUrl="#jag_id_grid">
		<SimpleData name="env.jag_id">442</SimpleData>
	</SchemaData></ExtendedData>
      <Polygon><outerBoundaryIs><LinearRing><coordinates>18.413446834,-34.2084711513333 18.413446834,-34.205847641 18.41607034425,-34.205847641 18.41607034425,-34.2084711513333 18.413446834,-34.2084711513333</coordinates></LinearRing></outerBoundaryIs></Polygon>
  </Placemark>
  <Placemark>
	<Style><LineStyle><color>ff0000ff</color></LineStyle><PolyStyle><fill>0</fill></PolyStyle></Style>
	<ExtendedData><SchemaData schemaUrl="#jag_id_grid">
		<SimpleData name="env.jag_id">486</SimpleData>
	</SchemaData></ExtendedData>
      <Polygon><outerBoundaryIs><LinearRing><coordinates>18.41607034425,-34.2084711513333 18.41607034425,-34.205847641 18.4186938545,-34.205847641 18.4186938545,-34.2084711513333 18.41607034425,-34.2084711513333</coordinates></LinearRing></outerBoundaryIs></Polygon>
  </Placemark>
  <Placemark>
	<Style><LineStyle><color>ff0000ff</color></LineStyle><PolyStyle><fill>0</fill></PolyStyle></Style>
	<ExtendedData><SchemaData schemaUrl="#jag_id_grid">
		<SimpleData name="env.jag_id">532</SimpleData>
	</SchemaData></ExtendedData>
      <Polygon><outerBoundaryIs><LinearRing><coordinates>18.4186938545,-34.2084711513333 18.4186938545,-34.205847641 18.42131736475,-34.205847641 18.42131736475,-34.2084711513333 18.4186938545,-34.2084711513333</coordinates></LinearRing></outerBoundaryIs></Polygon>
  </Placemark>
  <Placemark>
	<Style><LineStyle><color>ff0000ff</color></LineStyle><PolyStyle><fill>0</fill></PolyStyle></Style>
	<ExtendedData><SchemaData schemaUrl="#jag_id_grid">
		<SimpleData name="env.jag_id">578</SimpleData>
	</SchemaData></ExtendedData>
      <Polygon><outerBoundaryIs><LinearRing><coordinates>18.42131736475,-34.2084711513333 18.42131736475,-34.205847641 18.423940875,-34.205847641 18.423940875,-34.2084711513333 18.42131736475,-34.2084711513333</coordinates></LinearRing></outerBoundaryIs></Polygon>
  </Placemark>
  <Placemark>
	<Style><LineStyle><color>ff0000ff</color></LineStyle><PolyStyle><fill>0</fill></PolyStyle></Style>
	<ExtendedData><SchemaData schemaUrl="#jag_id_grid">
		<SimpleData name="env.jag_id">624</SimpleData>
	</SchemaData></ExtendedData>
      <Polygon><outerBoundaryIs><LinearRing><coordinates>18.423940875,-34.2084711513333 18.423940875,-34.205847641 18.42656438525,-34.205847641 18.42656438525,-34.2084711513333 18.423940875,-34.2084711513333</coordinates></LinearRing></outerBoundaryIs></Polygon>
  </Placemark>
  <Placemark>
	<Style><LineStyle><color>ff0000ff</color></LineStyle><PolyStyle><fill>0</fill></PolyStyle></Style>
	<ExtendedData><SchemaData schemaUrl="#jag_id_grid">
		<SimpleData name="env.jag_id">796</SimpleData>
	</SchemaData></ExtendedData>
      <Polygon><outerBoundaryIs><LinearRing><coordinates>18.434434916,-34.2084711513333 18.434434916,-34.205847641 18.43705842625,-34.205847641 18.43705842625,-34.2084711513333 18.434434916,-34.2084711513333</coordinates></LinearRing></outerBoundaryIs></Polygon>
  </Placemark>
  <Placemark>
	<Style><LineStyle><color>ff0000ff</color></LineStyle><PolyStyle><fill>0</fill></PolyStyle></Style>
	<ExtendedData><SchemaData schemaUrl="#jag_id_grid">
		<SimpleData name="env.jag_id">837</SimpleData>
	</SchemaData></ExtendedData>
      <Polygon><outerBoundaryIs><LinearRing><coordinates>18.43705842625,-34.2084711513333 18.43705842625,-34.205847641 18.4396819365,-34.205847641 18.4396819365,-34.2084711513333 18.43705842625,-34.2084711513333</coordinates></LinearRing></outerBoundaryIs></Polygon>
  </Placemark>
  <Placemark>
	<Style><LineStyle><color>ff0000ff</color></LineStyle><PolyStyle><fill>0</fill></PolyStyle></Style>
	<ExtendedData><SchemaData schemaUrl="#jag_id_grid">
		<SimpleData name="env.jag_id">878</SimpleData>
	</SchemaData></ExtendedData>
      <Polygon><outerBoundaryIs><LinearRing><coordinates>18.4396819365,-34.2084711513333 18.4396819365,-34.205847641 18.44230544675,-34.205847641 18.44230544675,-34.2084711513333 18.4396819365,-34.2084711513333</coordinates></LinearRing></outerBoundaryIs></Polygon>
  </Placemark>
  <Placemark>
	<Style><LineStyle><color>ff0000ff</color></LineStyle><PolyStyle><fill>0</fill></PolyStyle></Style>
	<ExtendedData><SchemaData schemaUrl="#jag_id_grid">
		<SimpleData name="env.jag_id">918</SimpleData>
	</SchemaData></ExtendedData>
      <Polygon><outerBoundaryIs><LinearRing><coordinates>18.44230544675,-34.2084711513333 18.44230544675,-34.205847641 18.444928957,-34.205847641 18.444928957,-34.2084711513333 18.44230544675,-34.2084711513333</coordinates></LinearRing></outerBoundaryIs></Polygon>
  </Placemark>
  <Placemark>
	<Style><LineStyle><color>ff0000ff</color></LineStyle><PolyStyle><fill>0</fill></PolyStyle></Style>
	<ExtendedData><SchemaData schemaUrl="#jag_id_grid">
		<SimpleData name="env.jag_id">958</SimpleData>
	</SchemaData></ExtendedData>
      <Polygon><outerBoundaryIs><LinearRing><coordinates>18.444928957,-34.2084711513333 18.444928957,-34.205847641 18.44755246725,-34.205847641 18.44755246725,-34.2084711513333 18.444928957,-34.2084711513333</coordinates></LinearRing></outerBoundaryIs></Polygon>
  </Placemark>
  <Placemark>
	<Style><LineStyle><color>ff0000ff</color></LineStyle><PolyStyle><fill>0</fill></PolyStyle></Style>
	<ExtendedData><SchemaData schemaUrl="#jag_id_grid">
		<SimpleData name="env.jag_id">999</SimpleData>
	</SchemaData></ExtendedData>
      <Polygon><outerBoundaryIs><LinearRing><coordinates>18.44755246725,-34.2084711513333 18.44755246725,-34.205847641 18.4501759775,-34.205847641 18.4501759775,-34.2084711513333 18.44755246725,-34.2084711513333</coordinates></LinearRing></outerBoundaryIs></Polygon>
  </Placemark>
  <Placemark>
	<Style><LineStyle><color>ff0000ff</color></LineStyle><PolyStyle><fill>0</fill></PolyStyle></Style>
	<ExtendedData><SchemaData schemaUrl="#jag_id_grid">
		<SimpleData name="env.jag_id">1043</SimpleData>
	</SchemaData></ExtendedData>
      <Polygon><outerBoundaryIs><LinearRing><coordinates>18.4501759775,-34.2084711513333 18.4501759775,-34.205847641 18.45279948775,-34.205847641 18.45279948775,-34.2084711513333 18.4501759775,-34.2084711513333</coordinates></LinearRing></outerBoundaryIs></Polygon>
  </Placemark>
  <Placemark>
	<Style><LineStyle><color>ff0000ff</color></LineStyle><PolyStyle><fill>0</fill></PolyStyle></Style>
	<ExtendedData><SchemaData schemaUrl="#jag_id_grid">
		<SimpleData name="env.jag_id">2</SimpleData>
	</SchemaData></ExtendedData>
      <Polygon><outerBoundaryIs><LinearRing><coordinates>18.37147067,-34.2110946616667 18.37147067,-34.2084711513333 18.37409418025,-34.2084711513333 18.37409418025,-34.2110946616667 18.37147067,-34.2110946616667</coordinates></LinearRing></outerBoundaryIs></Polygon>
  </Placemark>
  <Placemark>
	<Style><LineStyle><color>ff0000ff</color></LineStyle><PolyStyle><fill>0</fill></PolyStyle></Style>
	<ExtendedData><SchemaData schemaUrl="#jag_id_grid">
		<SimpleData name="env.jag_id">5</SimpleData>
	</SchemaData></ExtendedData>
      <Polygon><outerBoundaryIs><LinearRing><coordinates>18.37409418025,-34.2110946616667 18.37409418025,-34.2084711513333 18.3767176905,-34.2084711513333 18.3767176905,-34.2110946616667 18.37409418025,-34.2110946616667</coordinates></LinearRing></outerBoundaryIs></Polygon>
  </Placemark>
  <Placemark>
	<Style><LineStyle><color>ff0000ff</color></LineStyle><PolyStyle><fill>0</fill></PolyStyle></Style>
	<ExtendedData><SchemaData schemaUrl="#jag_id_grid">
		<SimpleData name="env.jag_id">11</SimpleData>
	</SchemaData></ExtendedData>
      <Polygon><outerBoundaryIs><LinearRing><coordinates>18.3767176905,-34.2110946616667 18.3767176905,-34.2084711513333 18.37934120075,-34.2084711513333 18.37934120075,-34.2110946616667 18.3767176905,-34.2110946616667</coordinates></LinearRing></outerBoundaryIs></Polygon>
  </Placemark>
  <Placemark>
	<Style><LineStyle><color>ff0000ff</color></LineStyle><PolyStyle><fill>0</fill></PolyStyle></Style>
	<ExtendedData><SchemaData schemaUrl="#jag_id_grid">
		<SimpleData name="env.jag_id">22</SimpleData>
	</SchemaData></ExtendedData>
      <Polygon><outerBoundaryIs><LinearRing><coordinates>18.37934120075,-34.2110946616667 18.37934120075,-34.2084711513333 18.381964711,-34.2084711513333 18.381964711,-34.2110946616667 18.37934120075,-34.2110946616667</coordinates></LinearRing></outerBoundaryIs></Polygon>
  </Placemark>
  <Placemark>
	<Style><LineStyle><color>ff0000ff</color></LineStyle><PolyStyle><fill>0</fill></PolyStyle></Style>
	<ExtendedData><SchemaData schemaUrl="#jag_id_grid">
		<SimpleData name="env.jag_id">39</SimpleData>
	</SchemaData></ExtendedData>
      <Polygon><outerBoundaryIs><LinearRing><coordinates>18.381964711,-34.2110946616667 18.381964711,-34.2084711513333 18.38458822125,-34.2084711513333 18.38458822125,-34.2110946616667 18.381964711,-34.2110946616667</coordinates></LinearRing></outerBoundaryIs></Polygon>
  </Placemark>
  <Placemark>
	<Style><LineStyle><color>ff0000ff</color></LineStyle><PolyStyle><fill>0</fill></PolyStyle></Style>
	<ExtendedData><SchemaData schemaUrl="#jag_id_grid">
		<SimpleData name="env.jag_id">65</SimpleData>
	</SchemaData></ExtendedData>
      <Polygon><outerBoundaryIs><LinearRing><coordinates>18.38458822125,-34.2110946616667 18.38458822125,-34.2084711513333 18.3872117315,-34.2084711513333 18.3872117315,-34.2110946616667 18.38458822125,-34.2110946616667</coordinates></LinearRing></outerBoundaryIs></Polygon>
  </Placemark>
  <Placemark>
	<Style><LineStyle><color>ff0000ff</color></LineStyle><PolyStyle><fill>0</fill></PolyStyle></Style>
	<ExtendedData><SchemaData schemaUrl="#jag_id_grid">
		<SimpleData name="env.jag_id">94</SimpleData>
	</SchemaData></ExtendedData>
      <Polygon><outerBoundaryIs><LinearRing><coordinates>18.3872117315,-34.2110946616667 18.3872117315,-34.2084711513333 18.38983524175,-34.2084711513333 18.38983524175,-34.2110946616667 18.3872117315,-34.2110946616667</coordinates></LinearRing></outerBoundaryIs></Polygon>
  </Placemark>
  <Placemark>
	<Style><LineStyle><color>ff0000ff</color></LineStyle><PolyStyle><fill>0</fill></PolyStyle></Style>
	<ExtendedData><SchemaData schemaUrl="#jag_id_grid">
		<SimpleData name="env.jag_id">123</SimpleData>
	</SchemaData></ExtendedData>
      <Polygon><outerBoundaryIs><LinearRing><coordinates>18.38983524175,-34.2110946616667 18.38983524175,-34.2084711513333 18.392458752,-34.2084711513333 18.392458752,-34.2110946616667 18.38983524175,-34.2110946616667</coordinates></LinearRing></outerBoundaryIs></Polygon>
  </Placemark>
  <Placemark>
	<Style><LineStyle><color>ff0000ff</color></LineStyle><PolyStyle><fill>0</fill></PolyStyle></Style>
	<ExtendedData><SchemaData schemaUrl="#jag_id_grid">
		<SimpleData name="env.jag_id">153</SimpleData>
	</SchemaData></ExtendedData>
      <Polygon><outerBoundaryIs><LinearRing><coordinates>18.392458752,-34.2110946616667 18.392458752,-34.2084711513333 18.39508226225,-34.2084711513333 18.39508226225,-34.2110946616667 18.392458752,-34.2110946616667</coordinates></LinearRing></outerBoundaryIs></Polygon>
  </Placemark>
  <Placemark>
	<Style><LineStyle><color>ff0000ff</color></LineStyle><PolyStyle><fill>0</fill></PolyStyle></Style>
	<ExtendedData><SchemaData schemaUrl="#jag_id_grid">
		<SimpleData name="env.jag_id">186</SimpleData>
	</SchemaData></ExtendedData>
      <Polygon><outerBoundaryIs><LinearRing><coordinates>18.39508226225,-34.2110946616667 18.39508226225,-34.2084711513333 18.3977057725,-34.2084711513333 18.3977057725,-34.2110946616667 18.39508226225,-34.2110946616667</coordinates></LinearRing></outerBoundaryIs></Polygon>
  </Placemark>
  <Placemark>
	<Style><LineStyle><color>ff0000ff</color></LineStyle><PolyStyle><fill>0</fill></PolyStyle></Style>
	<ExtendedData><SchemaData schemaUrl="#jag_id_grid">
		<SimpleData name="env.jag_id">219</SimpleData>
	</SchemaData></ExtendedData>
      <Polygon><outerBoundaryIs><LinearRing><coordinates>18.3977057725,-34.2110946616667 18.3977057725,-34.2084711513333 18.40032928275,-34.2084711513333 18.40032928275,-34.2110946616667 18.3977057725,-34.2110946616667</coordinates></LinearRing></outerBoundaryIs></Polygon>
  </Placemark>
  <Placemark>
	<Style><LineStyle><color>ff0000ff</color></LineStyle><PolyStyle><fill>0</fill></PolyStyle></Style>
	<ExtendedData><SchemaData schemaUrl="#jag_id_grid">
		<SimpleData name="env.jag_id">252</SimpleData>
	</SchemaData></ExtendedData>
      <Polygon><outerBoundaryIs><LinearRing><coordinates>18.40032928275,-34.2110946616667 18.40032928275,-34.2084711513333 18.402952793,-34.2084711513333 18.402952793,-34.2110946616667 18.40032928275,-34.2110946616667</coordinates></LinearRing></outerBoundaryIs></Polygon>
  </Placemark>
  <Placemark>
	<Style><LineStyle><color>ff0000ff</color></LineStyle><PolyStyle><fill>0</fill></PolyStyle></Style>
	<ExtendedData><SchemaData schemaUrl="#jag_id_grid">
		<SimpleData name="env.jag_id">400</SimpleData>
	</SchemaData></ExtendedData>
      <Polygon><outerBoundaryIs><LinearRing><coordinates>18.41082332375,-34.2110946616667 18.41082332375,-34.2084711513333 18.413446834,-34.2084711513333 18.413446834,-34.2110946616667 18.41082332375,-34.2110946616667</coordinates></LinearRing></outerBoundaryIs></Polygon>
  </Placemark>
  <Placemark>
	<Style><LineStyle><color>ff0000ff</color></LineStyle><PolyStyle><fill>0</fill></PolyStyle></Style>
	<ExtendedData><SchemaData schemaUrl="#jag_id_grid">
		<SimpleData name="env.jag_id">443</SimpleData>
	</SchemaData></ExtendedData>
      <Polygon><outerBoundaryIs><LinearRing><coordinates>18.413446834,-34.2110946616667 18.413446834,-34.2084711513333 18.41607034425,-34.2084711513333 18.41607034425,-34.2110946616667 18.413446834,-34.2110946616667</coordinates></LinearRing></outerBoundaryIs></Polygon>
  </Placemark>
  <Placemark>
	<Style><LineStyle><color>ff0000ff</color></LineStyle><PolyStyle><fill>0</fill></PolyStyle></Style>
	<ExtendedData><SchemaData schemaUrl="#jag_id_grid">
		<SimpleData name="env.jag_id">487</SimpleData>
	</SchemaData></ExtendedData>
      <Polygon><outerBoundaryIs><LinearRing><coordinates>18.41607034425,-34.2110946616667 18.41607034425,-34.2084711513333 18.4186938545,-34.2084711513333 18.4186938545,-34.2110946616667 18.41607034425,-34.2110946616667</coordinates></LinearRing></outerBoundaryIs></Polygon>
  </Placemark>
  <Placemark>
	<Style><LineStyle><color>ff0000ff</color></LineStyle><PolyStyle><fill>0</fill></PolyStyle></Style>
	<ExtendedData><SchemaData schemaUrl="#jag_id_grid">
		<SimpleData name="env.jag_id">533</SimpleData>
	</SchemaData></ExtendedData>
      <Polygon><outerBoundaryIs><LinearRing><coordinates>18.4186938545,-34.2110946616667 18.4186938545,-34.2084711513333 18.42131736475,-34.2084711513333 18.42131736475,-34.2110946616667 18.4186938545,-34.2110946616667</coordinates></LinearRing></outerBoundaryIs></Polygon>
  </Placemark>
  <Placemark>
	<Style><LineStyle><color>ff0000ff</color></LineStyle><PolyStyle><fill>0</fill></PolyStyle></Style>
	<ExtendedData><SchemaData schemaUrl="#jag_id_grid">
		<SimpleData name="env.jag_id">579</SimpleData>
	</SchemaData></ExtendedData>
      <Polygon><outerBoundaryIs><LinearRing><coordinates>18.42131736475,-34.2110946616667 18.42131736475,-34.2084711513333 18.423940875,-34.2084711513333 18.423940875,-34.2110946616667 18.42131736475,-34.2110946616667</coordinates></LinearRing></outerBoundaryIs></Polygon>
  </Placemark>
  <Placemark>
	<Style><LineStyle><color>ff0000ff</color></LineStyle><PolyStyle><fill>0</fill></PolyStyle></Style>
	<ExtendedData><SchemaData schemaUrl="#jag_id_grid">
		<SimpleData name="env.jag_id">919</SimpleData>
	</SchemaData></ExtendedData>
      <Polygon><outerBoundaryIs><LinearRing><coordinates>18.44230544675,-34.2110946616667 18.44230544675,-34.2084711513333 18.444928957,-34.2084711513333 18.444928957,-34.2110946616667 18.44230544675,-34.2110946616667</coordinates></LinearRing></outerBoundaryIs></Polygon>
  </Placemark>
  <Placemark>
	<Style><LineStyle><color>ff0000ff</color></LineStyle><PolyStyle><fill>0</fill></PolyStyle></Style>
	<ExtendedData><SchemaData schemaUrl="#jag_id_grid">
		<SimpleData name="env.jag_id">959</SimpleData>
	</SchemaData></ExtendedData>
      <Polygon><outerBoundaryIs><LinearRing><coordinates>18.444928957,-34.2110946616667 18.444928957,-34.2084711513333 18.44755246725,-34.2084711513333 18.44755246725,-34.2110946616667 18.444928957,-34.2110946616667</coordinates></LinearRing></outerBoundaryIs></Polygon>
  </Placemark>
  <Placemark>
	<Style><LineStyle><color>ff0000ff</color></LineStyle><PolyStyle><fill>0</fill></PolyStyle></Style>
	<ExtendedData><SchemaData schemaUrl="#jag_id_grid">
		<SimpleData name="env.jag_id">1000</SimpleData>
	</SchemaData></ExtendedData>
      <Polygon><outerBoundaryIs><LinearRing><coordinates>18.44755246725,-34.2110946616667 18.44755246725,-34.2084711513333 18.4501759775,-34.2084711513333 18.4501759775,-34.2110946616667 18.44755246725,-34.2110946616667</coordinates></LinearRing></outerBoundaryIs></Polygon>
  </Placemark>
  <Placemark>
	<Style><LineStyle><color>ff0000ff</color></LineStyle><PolyStyle><fill>0</fill></PolyStyle></Style>
	<ExtendedData><SchemaData schemaUrl="#jag_id_grid">
		<SimpleData name="env.jag_id">1044</SimpleData>
	</SchemaData></ExtendedData>
      <Polygon><outerBoundaryIs><LinearRing><coordinates>18.4501759775,-34.2110946616667 18.4501759775,-34.2084711513333 18.45279948775,-34.2084711513333 18.45279948775,-34.2110946616667 18.4501759775,-34.2110946616667</coordinates></LinearRing></outerBoundaryIs></Polygon>
  </Placemark>
  <Placemark>
	<Style><LineStyle><color>ff0000ff</color></LineStyle><PolyStyle><fill>0</fill></PolyStyle></Style>
	<ExtendedData><SchemaData schemaUrl="#jag_id_grid">
		<SimpleData name="env.jag_id">3</SimpleData>
	</SchemaData></ExtendedData>
      <Polygon><outerBoundaryIs><LinearRing><coordinates>18.37147067,-34.213718172 18.37147067,-34.2110946616667 18.37409418025,-34.2110946616667 18.37409418025,-34.213718172 18.37147067,-34.213718172</coordinates></LinearRing></outerBoundaryIs></Polygon>
  </Placemark>
  <Placemark>
	<Style><LineStyle><color>ff0000ff</color></LineStyle><PolyStyle><fill>0</fill></PolyStyle></Style>
	<ExtendedData><SchemaData schemaUrl="#jag_id_grid">
		<SimpleData name="env.jag_id">6</SimpleData>
	</SchemaData></ExtendedData>
      <Polygon><outerBoundaryIs><LinearRing><coordinates>18.37409418025,-34.213718172 18.37409418025,-34.2110946616667 18.3767176905,-34.2110946616667 18.3767176905,-34.213718172 18.37409418025,-34.213718172</coordinates></LinearRing></outerBoundaryIs></Polygon>
  </Placemark>
  <Placemark>
	<Style><LineStyle><color>ff0000ff</color></LineStyle><PolyStyle><fill>0</fill></PolyStyle></Style>
	<ExtendedData><SchemaData schemaUrl="#jag_id_grid">
		<SimpleData name="env.jag_id">12</SimpleData>
	</SchemaData></ExtendedData>
      <Polygon><outerBoundaryIs><LinearRing><coordinates>18.3767176905,-34.213718172 18.3767176905,-34.2110946616667 18.37934120075,-34.2110946616667 18.37934120075,-34.213718172 18.3767176905,-34.213718172</coordinates></LinearRing></outerBoundaryIs></Polygon>
  </Placemark>
  <Placemark>
	<Style><LineStyle><color>ff0000ff</color></LineStyle><PolyStyle><fill>0</fill></PolyStyle></Style>
	<ExtendedData><SchemaData schemaUrl="#jag_id_grid">
		<SimpleData name="env.jag_id">23</SimpleData>
	</SchemaData></ExtendedData>
      <Polygon><outerBoundaryIs><LinearRing><coordinates>18.37934120075,-34.213718172 18.37934120075,-34.2110946616667 18.381964711,-34.2110946616667 18.381964711,-34.213718172 18.37934120075,-34.213718172</coordinates></LinearRing></outerBoundaryIs></Polygon>
  </Placemark>
  <Placemark>
	<Style><LineStyle><color>ff0000ff</color></LineStyle><PolyStyle><fill>0</fill></PolyStyle></Style>
	<ExtendedData><SchemaData schemaUrl="#jag_id_grid">
		<SimpleData name="env.jag_id">40</SimpleData>
	</SchemaData></ExtendedData>
      <Polygon><outerBoundaryIs><LinearRing><coordinates>18.381964711,-34.213718172 18.381964711,-34.2110946616667 18.38458822125,-34.2110946616667 18.38458822125,-34.213718172 18.381964711,-34.213718172</coordinates></LinearRing></outerBoundaryIs></Polygon>
  </Placemark>
  <Placemark>
	<Style><LineStyle><color>ff0000ff</color></LineStyle><PolyStyle><fill>0</fill></PolyStyle></Style>
	<ExtendedData><SchemaData schemaUrl="#jag_id_grid">
		<SimpleData name="env.jag_id">66</SimpleData>
	</SchemaData></ExtendedData>
      <Polygon><outerBoundaryIs><LinearRing><coordinates>18.38458822125,-34.213718172 18.38458822125,-34.2110946616667 18.3872117315,-34.2110946616667 18.3872117315,-34.213718172 18.38458822125,-34.213718172</coordinates></LinearRing></outerBoundaryIs></Polygon>
  </Placemark>
  <Placemark>
	<Style><LineStyle><color>ff0000ff</color></LineStyle><PolyStyle><fill>0</fill></PolyStyle></Style>
	<ExtendedData><SchemaData schemaUrl="#jag_id_grid">
		<SimpleData name="env.jag_id">95</SimpleData>
	</SchemaData></ExtendedData>
      <Polygon><outerBoundaryIs><LinearRing><coordinates>18.3872117315,-34.213718172 18.3872117315,-34.2110946616667 18.38983524175,-34.2110946616667 18.38983524175,-34.213718172 18.3872117315,-34.213718172</coordinates></LinearRing></outerBoundaryIs></Polygon>
  </Placemark>
  <Placemark>
	<Style><LineStyle><color>ff0000ff</color></LineStyle><PolyStyle><fill>0</fill></PolyStyle></Style>
	<ExtendedData><SchemaData schemaUrl="#jag_id_grid">
		<SimpleData name="env.jag_id">124</SimpleData>
	</SchemaData></ExtendedData>
      <Polygon><outerBoundaryIs><LinearRing><coordinates>18.38983524175,-34.213718172 18.38983524175,-34.2110946616667 18.392458752,-34.2110946616667 18.392458752,-34.213718172 18.38983524175,-34.213718172</coordinates></LinearRing></outerBoundaryIs></Polygon>
  </Placemark>
  <Placemark>
	<Style><LineStyle><color>ff0000ff</color></LineStyle><PolyStyle><fill>0</fill></PolyStyle></Style>
	<ExtendedData><SchemaData schemaUrl="#jag_id_grid">
		<SimpleData name="env.jag_id">154</SimpleData>
	</SchemaData></ExtendedData>
      <Polygon><outerBoundaryIs><LinearRing><coordinates>18.392458752,-34.213718172 18.392458752,-34.2110946616667 18.39508226225,-34.2110946616667 18.39508226225,-34.213718172 18.392458752,-34.213718172</coordinates></LinearRing></outerBoundaryIs></Polygon>
  </Placemark>
  <Placemark>
	<Style><LineStyle><color>ff0000ff</color></LineStyle><PolyStyle><fill>0</fill></PolyStyle></Style>
	<ExtendedData><SchemaData schemaUrl="#jag_id_grid">
		<SimpleData name="env.jag_id">187</SimpleData>
	</SchemaData></ExtendedData>
      <Polygon><outerBoundaryIs><LinearRing><coordinates>18.39508226225,-34.213718172 18.39508226225,-34.2110946616667 18.3977057725,-34.2110946616667 18.3977057725,-34.213718172 18.39508226225,-34.213718172</coordinates></LinearRing></outerBoundaryIs></Polygon>
  </Placemark>
  <Placemark>
	<Style><LineStyle><color>ff0000ff</color></LineStyle><PolyStyle><fill>0</fill></PolyStyle></Style>
	<ExtendedData><SchemaData schemaUrl="#jag_id_grid">
		<SimpleData name="env.jag_id">220</SimpleData>
	</SchemaData></ExtendedData>
      <Polygon><outerBoundaryIs><LinearRing><coordinates>18.3977057725,-34.213718172 18.3977057725,-34.2110946616667 18.40032928275,-34.2110946616667 18.40032928275,-34.213718172 18.3977057725,-34.213718172</coordinates></LinearRing></outerBoundaryIs></Polygon>
  </Placemark>
  <Placemark>
	<Style><LineStyle><color>ff0000ff</color></LineStyle><PolyStyle><fill>0</fill></PolyStyle></Style>
	<ExtendedData><SchemaData schemaUrl="#jag_id_grid">
		<SimpleData name="env.jag_id">253</SimpleData>
	</SchemaData></ExtendedData>
      <Polygon><outerBoundaryIs><LinearRing><coordinates>18.40032928275,-34.213718172 18.40032928275,-34.2110946616667 18.402952793,-34.2110946616667 18.402952793,-34.213718172 18.40032928275,-34.213718172</coordinates></LinearRing></outerBoundaryIs></Polygon>
  </Placemark>
  <Placemark>
	<Style><LineStyle><color>ff0000ff</color></LineStyle><PolyStyle><fill>0</fill></PolyStyle></Style>
	<ExtendedData><SchemaData schemaUrl="#jag_id_grid">
		<SimpleData name="env.jag_id">285</SimpleData>
	</SchemaData></ExtendedData>
      <Polygon><outerBoundaryIs><LinearRing><coordinates>18.402952793,-34.213718172 18.402952793,-34.2110946616667 18.40557630325,-34.2110946616667 18.40557630325,-34.213718172 18.402952793,-34.213718172</coordinates></LinearRing></outerBoundaryIs></Polygon>
  </Placemark>
  <Placemark>
	<Style><LineStyle><color>ff0000ff</color></LineStyle><PolyStyle><fill>0</fill></PolyStyle></Style>
	<ExtendedData><SchemaData schemaUrl="#jag_id_grid">
		<SimpleData name="env.jag_id">358</SimpleData>
	</SchemaData></ExtendedData>
      <Polygon><outerBoundaryIs><LinearRing><coordinates>18.4081998135,-34.213718172 18.4081998135,-34.2110946616667 18.41082332375,-34.2110946616667 18.41082332375,-34.213718172 18.4081998135,-34.213718172</coordinates></LinearRing></outerBoundaryIs></Polygon>
  </Placemark>
  <Placemark>
	<Style><LineStyle><color>ff0000ff</color></LineStyle><PolyStyle><fill>0</fill></PolyStyle></Style>
	<ExtendedData><SchemaData schemaUrl="#jag_id_grid">
		<SimpleData name="env.jag_id">401</SimpleData>
	</SchemaData></ExtendedData>
      <Polygon><outerBoundaryIs><LinearRing><coordinates>18.41082332375,-34.213718172 18.41082332375,-34.2110946616667 18.413446834,-34.2110946616667 18.413446834,-34.213718172 18.41082332375,-34.213718172</coordinates></LinearRing></outerBoundaryIs></Polygon>
  </Placemark>
  <Placemark>
	<Style><LineStyle><color>ff0000ff</color></LineStyle><PolyStyle><fill>0</fill></PolyStyle></Style>
	<ExtendedData><SchemaData schemaUrl="#jag_id_grid">
		<SimpleData name="env.jag_id">444</SimpleData>
	</SchemaData></ExtendedData>
      <Polygon><outerBoundaryIs><LinearRing><coordinates>18.413446834,-34.213718172 18.413446834,-34.2110946616667 18.41607034425,-34.2110946616667 18.41607034425,-34.213718172 18.413446834,-34.213718172</coordinates></LinearRing></outerBoundaryIs></Polygon>
  </Placemark>
  <Placemark>
	<Style><LineStyle><color>ff0000ff</color></LineStyle><PolyStyle><fill>0</fill></PolyStyle></Style>
	<ExtendedData><SchemaData schemaUrl="#jag_id_grid">
		<SimpleData name="env.jag_id">488</SimpleData>
	</SchemaData></ExtendedData>
      <Polygon><outerBoundaryIs><LinearRing><coordinates>18.41607034425,-34.213718172 18.41607034425,-34.2110946616667 18.4186938545,-34.2110946616667 18.4186938545,-34.213718172 18.41607034425,-34.213718172</coordinates></LinearRing></outerBoundaryIs></Polygon>
  </Placemark>
  <Placemark>
	<Style><LineStyle><color>ff0000ff</color></LineStyle><PolyStyle><fill>0</fill></PolyStyle></Style>
	<ExtendedData><SchemaData schemaUrl="#jag_id_grid">
		<SimpleData name="env.jag_id">534</SimpleData>
	</SchemaData></ExtendedData>
      <Polygon><outerBoundaryIs><LinearRing><coordinates>18.4186938545,-34.213718172 18.4186938545,-34.2110946616667 18.42131736475,-34.2110946616667 18.42131736475,-34.213718172 18.4186938545,-34.213718172</coordinates></LinearRing></outerBoundaryIs></Polygon>
  </Placemark>
  <Placemark>
	<Style><LineStyle><color>ff0000ff</color></LineStyle><PolyStyle><fill>0</fill></PolyStyle></Style>
	<ExtendedData><SchemaData schemaUrl="#jag_id_grid">
		<SimpleData name="env.jag_id">580</SimpleData>
	</SchemaData></ExtendedData>
      <Polygon><outerBoundaryIs><LinearRing><coordinates>18.42131736475,-34.213718172 18.42131736475,-34.2110946616667 18.423940875,-34.2110946616667 18.423940875,-34.213718172 18.42131736475,-34.213718172</coordinates></LinearRing></outerBoundaryIs></Polygon>
  </Placemark>
  <Placemark>
	<Style><LineStyle><color>ff0000ff</color></LineStyle><PolyStyle><fill>0</fill></PolyStyle></Style>
	<ExtendedData><SchemaData schemaUrl="#jag_id_grid">
		<SimpleData name="env.jag_id">625</SimpleData>
	</SchemaData></ExtendedData>
      <Polygon><outerBoundaryIs><LinearRing><coordinates>18.423940875,-34.213718172 18.423940875,-34.2110946616667 18.42656438525,-34.2110946616667 18.42656438525,-34.213718172 18.423940875,-34.213718172</coordinates></LinearRing></outerBoundaryIs></Polygon>
  </Placemark>
  <Placemark>
	<Style><LineStyle><color>ff0000ff</color></LineStyle><PolyStyle><fill>0</fill></PolyStyle></Style>
	<ExtendedData><SchemaData schemaUrl="#jag_id_grid">
		<SimpleData name="env.jag_id">879</SimpleData>
	</SchemaData></ExtendedData>
      <Polygon><outerBoundaryIs><LinearRing><coordinates>18.4396819365,-34.213718172 18.4396819365,-34.2110946616667 18.44230544675,-34.2110946616667 18.44230544675,-34.213718172 18.4396819365,-34.213718172</coordinates></LinearRing></outerBoundaryIs></Polygon>
  </Placemark>
  <Placemark>
	<Style><LineStyle><color>ff0000ff</color></LineStyle><PolyStyle><fill>0</fill></PolyStyle></Style>
	<ExtendedData><SchemaData schemaUrl="#jag_id_grid">
		<SimpleData name="env.jag_id">920</SimpleData>
	</SchemaData></ExtendedData>
      <Polygon><outerBoundaryIs><LinearRing><coordinates>18.44230544675,-34.213718172 18.44230544675,-34.2110946616667 18.444928957,-34.2110946616667 18.444928957,-34.213718172 18.44230544675,-34.213718172</coordinates></LinearRing></outerBoundaryIs></Polygon>
  </Placemark>
  <Placemark>
	<Style><LineStyle><color>ff0000ff</color></LineStyle><PolyStyle><fill>0</fill></PolyStyle></Style>
	<ExtendedData><SchemaData schemaUrl="#jag_id_grid">
		<SimpleData name="env.jag_id">960</SimpleData>
	</SchemaData></ExtendedData>
      <Polygon><outerBoundaryIs><LinearRing><coordinates>18.444928957,-34.213718172 18.444928957,-34.2110946616667 18.44755246725,-34.2110946616667 18.44755246725,-34.213718172 18.444928957,-34.213718172</coordinates></LinearRing></outerBoundaryIs></Polygon>
  </Placemark>
  <Placemark>
	<Style><LineStyle><color>ff0000ff</color></LineStyle><PolyStyle><fill>0</fill></PolyStyle></Style>
	<ExtendedData><SchemaData schemaUrl="#jag_id_grid">
		<SimpleData name="env.jag_id">1001</SimpleData>
	</SchemaData></ExtendedData>
      <Polygon><outerBoundaryIs><LinearRing><coordinates>18.44755246725,-34.213718172 18.44755246725,-34.2110946616667 18.4501759775,-34.2110946616667 18.4501759775,-34.213718172 18.44755246725,-34.213718172</coordinates></LinearRing></outerBoundaryIs></Polygon>
  </Placemark>
  <Placemark>
	<Style><LineStyle><color>ff0000ff</color></LineStyle><PolyStyle><fill>0</fill></PolyStyle></Style>
	<ExtendedData><SchemaData schemaUrl="#jag_id_grid">
		<SimpleData name="env.jag_id">1045</SimpleData>
	</SchemaData></ExtendedData>
      <Polygon><outerBoundaryIs><LinearRing><coordinates>18.4501759775,-34.213718172 18.4501759775,-34.2110946616667 18.45279948775,-34.2110946616667 18.45279948775,-34.213718172 18.4501759775,-34.213718172</coordinates></LinearRing></outerBoundaryIs></Polygon>
  </Placemark>
  <Placemark>
	<Style><LineStyle><color>ff0000ff</color></LineStyle><PolyStyle><fill>0</fill></PolyStyle></Style>
	<ExtendedData><SchemaData schemaUrl="#jag_id_grid">
		<SimpleData name="env.jag_id">7</SimpleData>
	</SchemaData></ExtendedData>
      <Polygon><outerBoundaryIs><LinearRing><coordinates>18.37409418025,-34.2163416823333 18.37409418025,-34.213718172 18.3767176905,-34.213718172 18.3767176905,-34.2163416823333 18.37409418025,-34.2163416823333</coordinates></LinearRing></outerBoundaryIs></Polygon>
  </Placemark>
  <Placemark>
	<Style><LineStyle><color>ff0000ff</color></LineStyle><PolyStyle><fill>0</fill></PolyStyle></Style>
	<ExtendedData><SchemaData schemaUrl="#jag_id_grid">
		<SimpleData name="env.jag_id">13</SimpleData>
	</SchemaData></ExtendedData>
      <Polygon><outerBoundaryIs><LinearRing><coordinates>18.3767176905,-34.2163416823333 18.3767176905,-34.213718172 18.37934120075,-34.213718172 18.37934120075,-34.2163416823333 18.3767176905,-34.2163416823333</coordinates></LinearRing></outerBoundaryIs></Polygon>
  </Placemark>
  <Placemark>
	<Style><LineStyle><color>ff0000ff</color></LineStyle><PolyStyle><fill>0</fill></PolyStyle></Style>
	<ExtendedData><SchemaData schemaUrl="#jag_id_grid">
		<SimpleData name="env.jag_id">24</SimpleData>
	</SchemaData></ExtendedData>
      <Polygon><outerBoundaryIs><LinearRing><coordinates>18.37934120075,-34.2163416823333 18.37934120075,-34.213718172 18.381964711,-34.213718172 18.381964711,-34.2163416823333 18.37934120075,-34.2163416823333</coordinates></LinearRing></outerBoundaryIs></Polygon>
  </Placemark>
  <Placemark>
	<Style><LineStyle><color>ff0000ff</color></LineStyle><PolyStyle><fill>0</fill></PolyStyle></Style>
	<ExtendedData><SchemaData schemaUrl="#jag_id_grid">
		<SimpleData name="env.jag_id">41</SimpleData>
	</SchemaData></ExtendedData>
      <Polygon><outerBoundaryIs><LinearRing><coordinates>18.381964711,-34.2163416823333 18.381964711,-34.213718172 18.38458822125,-34.213718172 18.38458822125,-34.2163416823333 18.381964711,-34.2163416823333</coordinates></LinearRing></outerBoundaryIs></Polygon>
  </Placemark>
  <Placemark>
	<Style><LineStyle><color>ff0000ff</color></LineStyle><PolyStyle><fill>0</fill></PolyStyle></Style>
	<ExtendedData><SchemaData schemaUrl="#jag_id_grid">
		<SimpleData name="env.jag_id">67</SimpleData>
	</SchemaData></ExtendedData>
      <Polygon><outerBoundaryIs><LinearRing><coordinates>18.38458822125,-34.2163416823333 18.38458822125,-34.213718172 18.3872117315,-34.213718172 18.3872117315,-34.2163416823333 18.38458822125,-34.2163416823333</coordinates></LinearRing></outerBoundaryIs></Polygon>
  </Placemark>
  <Placemark>
	<Style><LineStyle><color>ff0000ff</color></LineStyle><PolyStyle><fill>0</fill></PolyStyle></Style>
	<ExtendedData><SchemaData schemaUrl="#jag_id_grid">
		<SimpleData name="env.jag_id">96</SimpleData>
	</SchemaData></ExtendedData>
      <Polygon><outerBoundaryIs><LinearRing><coordinates>18.3872117315,-34.2163416823333 18.3872117315,-34.213718172 18.38983524175,-34.213718172 18.38983524175,-34.2163416823333 18.3872117315,-34.2163416823333</coordinates></LinearRing></outerBoundaryIs></Polygon>
  </Placemark>
  <Placemark>
	<Style><LineStyle><color>ff0000ff</color></LineStyle><PolyStyle><fill>0</fill></PolyStyle></Style>
	<ExtendedData><SchemaData schemaUrl="#jag_id_grid">
		<SimpleData name="env.jag_id">125</SimpleData>
	</SchemaData></ExtendedData>
      <Polygon><outerBoundaryIs><LinearRing><coordinates>18.38983524175,-34.2163416823333 18.38983524175,-34.213718172 18.392458752,-34.213718172 18.392458752,-34.2163416823333 18.38983524175,-34.2163416823333</coordinates></LinearRing></outerBoundaryIs></Polygon>
  </Placemark>
  <Placemark>
	<Style><LineStyle><color>ff0000ff</color></LineStyle><PolyStyle><fill>0</fill></PolyStyle></Style>
	<ExtendedData><SchemaData schemaUrl="#jag_id_grid">
		<SimpleData name="env.jag_id">155</SimpleData>
	</SchemaData></ExtendedData>
      <Polygon><outerBoundaryIs><LinearRing><coordinates>18.392458752,-34.2163416823333 18.392458752,-34.213718172 18.39508226225,-34.213718172 18.39508226225,-34.2163416823333 18.392458752,-34.2163416823333</coordinates></LinearRing></outerBoundaryIs></Polygon>
  </Placemark>
  <Placemark>
	<Style><LineStyle><color>ff0000ff</color></LineStyle><PolyStyle><fill>0</fill></PolyStyle></Style>
	<ExtendedData><SchemaData schemaUrl="#jag_id_grid">
		<SimpleData name="env.jag_id">188</SimpleData>
	</SchemaData></ExtendedData>
      <Polygon><outerBoundaryIs><LinearRing><coordinates>18.39508226225,-34.2163416823333 18.39508226225,-34.213718172 18.3977057725,-34.213718172 18.3977057725,-34.2163416823333 18.39508226225,-34.2163416823333</coordinates></LinearRing></outerBoundaryIs></Polygon>
  </Placemark>
  <Placemark>
	<Style><LineStyle><color>ff0000ff</color></LineStyle><PolyStyle><fill>0</fill></PolyStyle></Style>
	<ExtendedData><SchemaData schemaUrl="#jag_id_grid">
		<SimpleData name="env.jag_id">221</SimpleData>
	</SchemaData></ExtendedData>
      <Polygon><outerBoundaryIs><LinearRing><coordinates>18.3977057725,-34.2163416823333 18.3977057725,-34.213718172 18.40032928275,-34.213718172 18.40032928275,-34.2163416823333 18.3977057725,-34.2163416823333</coordinates></LinearRing></outerBoundaryIs></Polygon>
  </Placemark>
  <Placemark>
	<Style><LineStyle><color>ff0000ff</color></LineStyle><PolyStyle><fill>0</fill></PolyStyle></Style>
	<ExtendedData><SchemaData schemaUrl="#jag_id_grid">
		<SimpleData name="env.jag_id">254</SimpleData>
	</SchemaData></ExtendedData>
      <Polygon><outerBoundaryIs><LinearRing><coordinates>18.40032928275,-34.2163416823333 18.40032928275,-34.213718172 18.402952793,-34.213718172 18.402952793,-34.2163416823333 18.40032928275,-34.2163416823333</coordinates></LinearRing></outerBoundaryIs></Polygon>
  </Placemark>
  <Placemark>
	<Style><LineStyle><color>ff0000ff</color></LineStyle><PolyStyle><fill>0</fill></PolyStyle></Style>
	<ExtendedData><SchemaData schemaUrl="#jag_id_grid">
		<SimpleData name="env.jag_id">286</SimpleData>
	</SchemaData></ExtendedData>
      <Polygon><outerBoundaryIs><LinearRing><coordinates>18.402952793,-34.2163416823333 18.402952793,-34.213718172 18.40557630325,-34.213718172 18.40557630325,-34.2163416823333 18.402952793,-34.2163416823333</coordinates></LinearRing></outerBoundaryIs></Polygon>
  </Placemark>
  <Placemark>
	<Style><LineStyle><color>ff0000ff</color></LineStyle><PolyStyle><fill>0</fill></PolyStyle></Style>
	<ExtendedData><SchemaData schemaUrl="#jag_id_grid">
		<SimpleData name="env.jag_id">321</SimpleData>
	</SchemaData></ExtendedData>
      <Polygon><outerBoundaryIs><LinearRing><coordinates>18.40557630325,-34.2163416823333 18.40557630325,-34.213718172 18.4081998135,-34.213718172 18.4081998135,-34.2163416823333 18.40557630325,-34.2163416823333</coordinates></LinearRing></outerBoundaryIs></Polygon>
  </Placemark>
  <Placemark>
	<Style><LineStyle><color>ff0000ff</color></LineStyle><PolyStyle><fill>0</fill></PolyStyle></Style>
	<ExtendedData><SchemaData schemaUrl="#jag_id_grid">
		<SimpleData name="env.jag_id">359</SimpleData>
	</SchemaData></ExtendedData>
      <Polygon><outerBoundaryIs><LinearRing><coordinates>18.4081998135,-34.2163416823333 18.4081998135,-34.213718172 18.41082332375,-34.213718172 18.41082332375,-34.2163416823333 18.4081998135,-34.2163416823333</coordinates></LinearRing></outerBoundaryIs></Polygon>
  </Placemark>
  <Placemark>
	<Style><LineStyle><color>ff0000ff</color></LineStyle><PolyStyle><fill>0</fill></PolyStyle></Style>
	<ExtendedData><SchemaData schemaUrl="#jag_id_grid">
		<SimpleData name="env.jag_id">402</SimpleData>
	</SchemaData></ExtendedData>
      <Polygon><outerBoundaryIs><LinearRing><coordinates>18.41082332375,-34.2163416823333 18.41082332375,-34.213718172 18.413446834,-34.213718172 18.413446834,-34.2163416823333 18.41082332375,-34.2163416823333</coordinates></LinearRing></outerBoundaryIs></Polygon>
  </Placemark>
  <Placemark>
	<Style><LineStyle><color>ff0000ff</color></LineStyle><PolyStyle><fill>0</fill></PolyStyle></Style>
	<ExtendedData><SchemaData schemaUrl="#jag_id_grid">
		<SimpleData name="env.jag_id">445</SimpleData>
	</SchemaData></ExtendedData>
      <Polygon><outerBoundaryIs><LinearRing><coordinates>18.413446834,-34.2163416823333 18.413446834,-34.213718172 18.41607034425,-34.213718172 18.41607034425,-34.2163416823333 18.413446834,-34.2163416823333</coordinates></LinearRing></outerBoundaryIs></Polygon>
  </Placemark>
  <Placemark>
	<Style><LineStyle><color>ff0000ff</color></LineStyle><PolyStyle><fill>0</fill></PolyStyle></Style>
	<ExtendedData><SchemaData schemaUrl="#jag_id_grid">
		<SimpleData name="env.jag_id">489</SimpleData>
	</SchemaData></ExtendedData>
      <Polygon><outerBoundaryIs><LinearRing><coordinates>18.41607034425,-34.2163416823333 18.41607034425,-34.213718172 18.4186938545,-34.213718172 18.4186938545,-34.2163416823333 18.41607034425,-34.2163416823333</coordinates></LinearRing></outerBoundaryIs></Polygon>
  </Placemark>
  <Placemark>
	<Style><LineStyle><color>ff0000ff</color></LineStyle><PolyStyle><fill>0</fill></PolyStyle></Style>
	<ExtendedData><SchemaData schemaUrl="#jag_id_grid">
		<SimpleData name="env.jag_id">535</SimpleData>
	</SchemaData></ExtendedData>
      <Polygon><outerBoundaryIs><LinearRing><coordinates>18.4186938545,-34.2163416823333 18.4186938545,-34.213718172 18.42131736475,-34.213718172 18.42131736475,-34.2163416823333 18.4186938545,-34.2163416823333</coordinates></LinearRing></outerBoundaryIs></Polygon>
  </Placemark>
  <Placemark>
	<Style><LineStyle><color>ff0000ff</color></LineStyle><PolyStyle><fill>0</fill></PolyStyle></Style>
	<ExtendedData><SchemaData schemaUrl="#jag_id_grid">
		<SimpleData name="env.jag_id">581</SimpleData>
	</SchemaData></ExtendedData>
      <Polygon><outerBoundaryIs><LinearRing><coordinates>18.42131736475,-34.2163416823333 18.42131736475,-34.213718172 18.423940875,-34.213718172 18.423940875,-34.2163416823333 18.42131736475,-34.2163416823333</coordinates></LinearRing></outerBoundaryIs></Polygon>
  </Placemark>
  <Placemark>
	<Style><LineStyle><color>ff0000ff</color></LineStyle><PolyStyle><fill>0</fill></PolyStyle></Style>
	<ExtendedData><SchemaData schemaUrl="#jag_id_grid">
		<SimpleData name="env.jag_id">626</SimpleData>
	</SchemaData></ExtendedData>
      <Polygon><outerBoundaryIs><LinearRing><coordinates>18.423940875,-34.2163416823333 18.423940875,-34.213718172 18.42656438525,-34.213718172 18.42656438525,-34.2163416823333 18.423940875,-34.2163416823333</coordinates></LinearRing></outerBoundaryIs></Polygon>
  </Placemark>
  <Placemark>
	<Style><LineStyle><color>ff0000ff</color></LineStyle><PolyStyle><fill>0</fill></PolyStyle></Style>
	<ExtendedData><SchemaData schemaUrl="#jag_id_grid">
		<SimpleData name="env.jag_id">670</SimpleData>
	</SchemaData></ExtendedData>
      <Polygon><outerBoundaryIs><LinearRing><coordinates>18.42656438525,-34.2163416823333 18.42656438525,-34.213718172 18.4291878955,-34.213718172 18.4291878955,-34.2163416823333 18.42656438525,-34.2163416823333</coordinates></LinearRing></outerBoundaryIs></Polygon>
  </Placemark>
  <Placemark>
	<Style><LineStyle><color>ff0000ff</color></LineStyle><PolyStyle><fill>0</fill></PolyStyle></Style>
	<ExtendedData><SchemaData schemaUrl="#jag_id_grid">
		<SimpleData name="env.jag_id">714</SimpleData>
	</SchemaData></ExtendedData>
      <Polygon><outerBoundaryIs><LinearRing><coordinates>18.4291878955,-34.2163416823333 18.4291878955,-34.213718172 18.43181140575,-34.213718172 18.43181140575,-34.2163416823333 18.4291878955,-34.2163416823333</coordinates></LinearRing></outerBoundaryIs></Polygon>
  </Placemark>
  <Placemark>
	<Style><LineStyle><color>ff0000ff</color></LineStyle><PolyStyle><fill>0</fill></PolyStyle></Style>
	<ExtendedData><SchemaData schemaUrl="#jag_id_grid">
		<SimpleData name="env.jag_id">756</SimpleData>
	</SchemaData></ExtendedData>
      <Polygon><outerBoundaryIs><LinearRing><coordinates>18.43181140575,-34.2163416823333 18.43181140575,-34.213718172 18.434434916,-34.213718172 18.434434916,-34.2163416823333 18.43181140575,-34.2163416823333</coordinates></LinearRing></outerBoundaryIs></Polygon>
  </Placemark>
  <Placemark>
	<Style><LineStyle><color>ff0000ff</color></LineStyle><PolyStyle><fill>0</fill></PolyStyle></Style>
	<ExtendedData><SchemaData schemaUrl="#jag_id_grid">
		<SimpleData name="env.jag_id">797</SimpleData>
	</SchemaData></ExtendedData>
      <Polygon><outerBoundaryIs><LinearRing><coordinates>18.434434916,-34.2163416823333 18.434434916,-34.213718172 18.43705842625,-34.213718172 18.43705842625,-34.2163416823333 18.434434916,-34.2163416823333</coordinates></LinearRing></outerBoundaryIs></Polygon>
  </Placemark>
  <Placemark>
	<Style><LineStyle><color>ff0000ff</color></LineStyle><PolyStyle><fill>0</fill></PolyStyle></Style>
	<ExtendedData><SchemaData schemaUrl="#jag_id_grid">
		<SimpleData name="env.jag_id">838</SimpleData>
	</SchemaData></ExtendedData>
      <Polygon><outerBoundaryIs><LinearRing><coordinates>18.43705842625,-34.2163416823333 18.43705842625,-34.213718172 18.4396819365,-34.213718172 18.4396819365,-34.2163416823333 18.43705842625,-34.2163416823333</coordinates></LinearRing></outerBoundaryIs></Polygon>
  </Placemark>
  <Placemark>
	<Style><LineStyle><color>ff0000ff</color></LineStyle><PolyStyle><fill>0</fill></PolyStyle></Style>
	<ExtendedData><SchemaData schemaUrl="#jag_id_grid">
		<SimpleData name="env.jag_id">880</SimpleData>
	</SchemaData></ExtendedData>
      <Polygon><outerBoundaryIs><LinearRing><coordinates>18.4396819365,-34.2163416823333 18.4396819365,-34.213718172 18.44230544675,-34.213718172 18.44230544675,-34.2163416823333 18.4396819365,-34.2163416823333</coordinates></LinearRing></outerBoundaryIs></Polygon>
  </Placemark>
  <Placemark>
	<Style><LineStyle><color>ff0000ff</color></LineStyle><PolyStyle><fill>0</fill></PolyStyle></Style>
	<ExtendedData><SchemaData schemaUrl="#jag_id_grid">
		<SimpleData name="env.jag_id">921</SimpleData>
	</SchemaData></ExtendedData>
      <Polygon><outerBoundaryIs><LinearRing><coordinates>18.44230544675,-34.2163416823333 18.44230544675,-34.213718172 18.444928957,-34.213718172 18.444928957,-34.2163416823333 18.44230544675,-34.2163416823333</coordinates></LinearRing></outerBoundaryIs></Polygon>
  </Placemark>
  <Placemark>
	<Style><LineStyle><color>ff0000ff</color></LineStyle><PolyStyle><fill>0</fill></PolyStyle></Style>
	<ExtendedData><SchemaData schemaUrl="#jag_id_grid">
		<SimpleData name="env.jag_id">961</SimpleData>
	</SchemaData></ExtendedData>
      <Polygon><outerBoundaryIs><LinearRing><coordinates>18.444928957,-34.2163416823333 18.444928957,-34.213718172 18.44755246725,-34.213718172 18.44755246725,-34.2163416823333 18.444928957,-34.2163416823333</coordinates></LinearRing></outerBoundaryIs></Polygon>
  </Placemark>
  <Placemark>
	<Style><LineStyle><color>ff0000ff</color></LineStyle><PolyStyle><fill>0</fill></PolyStyle></Style>
	<ExtendedData><SchemaData schemaUrl="#jag_id_grid">
		<SimpleData name="env.jag_id">1002</SimpleData>
	</SchemaData></ExtendedData>
      <Polygon><outerBoundaryIs><LinearRing><coordinates>18.44755246725,-34.2163416823333 18.44755246725,-34.213718172 18.4501759775,-34.213718172 18.4501759775,-34.2163416823333 18.44755246725,-34.2163416823333</coordinates></LinearRing></outerBoundaryIs></Polygon>
  </Placemark>
  <Placemark>
	<Style><LineStyle><color>ff0000ff</color></LineStyle><PolyStyle><fill>0</fill></PolyStyle></Style>
	<ExtendedData><SchemaData schemaUrl="#jag_id_grid">
		<SimpleData name="env.jag_id">1046</SimpleData>
	</SchemaData></ExtendedData>
      <Polygon><outerBoundaryIs><LinearRing><coordinates>18.4501759775,-34.2163416823333 18.4501759775,-34.213718172 18.45279948775,-34.213718172 18.45279948775,-34.2163416823333 18.4501759775,-34.2163416823333</coordinates></LinearRing></outerBoundaryIs></Polygon>
  </Placemark>
  <Placemark>
	<Style><LineStyle><color>ff0000ff</color></LineStyle><PolyStyle><fill>0</fill></PolyStyle></Style>
	<ExtendedData><SchemaData schemaUrl="#jag_id_grid">
		<SimpleData name="env.jag_id">1086</SimpleData>
	</SchemaData></ExtendedData>
      <Polygon><outerBoundaryIs><LinearRing><coordinates>18.45279948775,-34.2163416823333 18.45279948775,-34.213718172 18.455422998,-34.213718172 18.455422998,-34.2163416823333 18.45279948775,-34.2163416823333</coordinates></LinearRing></outerBoundaryIs></Polygon>
  </Placemark>
  <Placemark>
	<Style><LineStyle><color>ff0000ff</color></LineStyle><PolyStyle><fill>0</fill></PolyStyle></Style>
	<ExtendedData><SchemaData schemaUrl="#jag_id_grid">
		<SimpleData name="env.jag_id">1127</SimpleData>
	</SchemaData></ExtendedData>
      <Polygon><outerBoundaryIs><LinearRing><coordinates>18.455422998,-34.2163416823333 18.455422998,-34.213718172 18.45804650825,-34.213718172 18.45804650825,-34.2163416823333 18.455422998,-34.2163416823333</coordinates></LinearRing></outerBoundaryIs></Polygon>
  </Placemark>
  <Placemark>
	<Style><LineStyle><color>ff0000ff</color></LineStyle><PolyStyle><fill>0</fill></PolyStyle></Style>
	<ExtendedData><SchemaData schemaUrl="#jag_id_grid">
		<SimpleData name="env.jag_id">1170</SimpleData>
	</SchemaData></ExtendedData>
      <Polygon><outerBoundaryIs><LinearRing><coordinates>18.45804650825,-34.2163416823333 18.45804650825,-34.213718172 18.4606700185,-34.213718172 18.4606700185,-34.2163416823333 18.45804650825,-34.2163416823333</coordinates></LinearRing></outerBoundaryIs></Polygon>
  </Placemark>
  <Placemark>
	<Style><LineStyle><color>ff0000ff</color></LineStyle><PolyStyle><fill>0</fill></PolyStyle></Style>
	<ExtendedData><SchemaData schemaUrl="#jag_id_grid">
		<SimpleData name="env.jag_id">8</SimpleData>
	</SchemaData></ExtendedData>
      <Polygon><outerBoundaryIs><LinearRing><coordinates>18.37409418025,-34.2189651926667 18.37409418025,-34.2163416823333 18.3767176905,-34.2163416823333 18.3767176905,-34.2189651926667 18.37409418025,-34.2189651926667</coordinates></LinearRing></outerBoundaryIs></Polygon>
  </Placemark>
  <Placemark>
	<Style><LineStyle><color>ff0000ff</color></LineStyle><PolyStyle><fill>0</fill></PolyStyle></Style>
	<ExtendedData><SchemaData schemaUrl="#jag_id_grid">
		<SimpleData name="env.jag_id">14</SimpleData>
	</SchemaData></ExtendedData>
      <Polygon><outerBoundaryIs><LinearRing><coordinates>18.3767176905,-34.2189651926667 18.3767176905,-34.2163416823333 18.37934120075,-34.2163416823333 18.37934120075,-34.2189651926667 18.3767176905,-34.2189651926667</coordinates></LinearRing></outerBoundaryIs></Polygon>
  </Placemark>
  <Placemark>
	<Style><LineStyle><color>ff0000ff</color></LineStyle><PolyStyle><fill>0</fill></PolyStyle></Style>
	<ExtendedData><SchemaData schemaUrl="#jag_id_grid">
		<SimpleData name="env.jag_id">25</SimpleData>
	</SchemaData></ExtendedData>
      <Polygon><outerBoundaryIs><LinearRing><coordinates>18.37934120075,-34.2189651926667 18.37934120075,-34.2163416823333 18.381964711,-34.2163416823333 18.381964711,-34.2189651926667 18.37934120075,-34.2189651926667</coordinates></LinearRing></outerBoundaryIs></Polygon>
  </Placemark>
  <Placemark>
	<Style><LineStyle><color>ff0000ff</color></LineStyle><PolyStyle><fill>0</fill></PolyStyle></Style>
	<ExtendedData><SchemaData schemaUrl="#jag_id_grid">
		<SimpleData name="env.jag_id">42</SimpleData>
	</SchemaData></ExtendedData>
      <Polygon><outerBoundaryIs><LinearRing><coordinates>18.381964711,-34.2189651926667 18.381964711,-34.2163416823333 18.38458822125,-34.2163416823333 18.38458822125,-34.2189651926667 18.381964711,-34.2189651926667</coordinates></LinearRing></outerBoundaryIs></Polygon>
  </Placemark>
  <Placemark>
	<Style><LineStyle><color>ff0000ff</color></LineStyle><PolyStyle><fill>0</fill></PolyStyle></Style>
	<ExtendedData><SchemaData schemaUrl="#jag_id_grid">
		<SimpleData name="env.jag_id">68</SimpleData>
	</SchemaData></ExtendedData>
      <Polygon><outerBoundaryIs><LinearRing><coordinates>18.38458822125,-34.2189651926667 18.38458822125,-34.2163416823333 18.3872117315,-34.2163416823333 18.3872117315,-34.2189651926667 18.38458822125,-34.2189651926667</coordinates></LinearRing></outerBoundaryIs></Polygon>
  </Placemark>
  <Placemark>
	<Style><LineStyle><color>ff0000ff</color></LineStyle><PolyStyle><fill>0</fill></PolyStyle></Style>
	<ExtendedData><SchemaData schemaUrl="#jag_id_grid">
		<SimpleData name="env.jag_id">97</SimpleData>
	</SchemaData></ExtendedData>
      <Polygon><outerBoundaryIs><LinearRing><coordinates>18.3872117315,-34.2189651926667 18.3872117315,-34.2163416823333 18.38983524175,-34.2163416823333 18.38983524175,-34.2189651926667 18.3872117315,-34.2189651926667</coordinates></LinearRing></outerBoundaryIs></Polygon>
  </Placemark>
  <Placemark>
	<Style><LineStyle><color>ff0000ff</color></LineStyle><PolyStyle><fill>0</fill></PolyStyle></Style>
	<ExtendedData><SchemaData schemaUrl="#jag_id_grid">
		<SimpleData name="env.jag_id">126</SimpleData>
	</SchemaData></ExtendedData>
      <Polygon><outerBoundaryIs><LinearRing><coordinates>18.38983524175,-34.2189651926667 18.38983524175,-34.2163416823333 18.392458752,-34.2163416823333 18.392458752,-34.2189651926667 18.38983524175,-34.2189651926667</coordinates></LinearRing></outerBoundaryIs></Polygon>
  </Placemark>
  <Placemark>
	<Style><LineStyle><color>ff0000ff</color></LineStyle><PolyStyle><fill>0</fill></PolyStyle></Style>
	<ExtendedData><SchemaData schemaUrl="#jag_id_grid">
		<SimpleData name="env.jag_id">156</SimpleData>
	</SchemaData></ExtendedData>
      <Polygon><outerBoundaryIs><LinearRing><coordinates>18.392458752,-34.2189651926667 18.392458752,-34.2163416823333 18.39508226225,-34.2163416823333 18.39508226225,-34.2189651926667 18.392458752,-34.2189651926667</coordinates></LinearRing></outerBoundaryIs></Polygon>
  </Placemark>
  <Placemark>
	<Style><LineStyle><color>ff0000ff</color></LineStyle><PolyStyle><fill>0</fill></PolyStyle></Style>
	<ExtendedData><SchemaData schemaUrl="#jag_id_grid">
		<SimpleData name="env.jag_id">189</SimpleData>
	</SchemaData></ExtendedData>
      <Polygon><outerBoundaryIs><LinearRing><coordinates>18.39508226225,-34.2189651926667 18.39508226225,-34.2163416823333 18.3977057725,-34.2163416823333 18.3977057725,-34.2189651926667 18.39508226225,-34.2189651926667</coordinates></LinearRing></outerBoundaryIs></Polygon>
  </Placemark>
  <Placemark>
	<Style><LineStyle><color>ff0000ff</color></LineStyle><PolyStyle><fill>0</fill></PolyStyle></Style>
	<ExtendedData><SchemaData schemaUrl="#jag_id_grid">
		<SimpleData name="env.jag_id">222</SimpleData>
	</SchemaData></ExtendedData>
      <Polygon><outerBoundaryIs><LinearRing><coordinates>18.3977057725,-34.2189651926667 18.3977057725,-34.2163416823333 18.40032928275,-34.2163416823333 18.40032928275,-34.2189651926667 18.3977057725,-34.2189651926667</coordinates></LinearRing></outerBoundaryIs></Polygon>
  </Placemark>
  <Placemark>
	<Style><LineStyle><color>ff0000ff</color></LineStyle><PolyStyle><fill>0</fill></PolyStyle></Style>
	<ExtendedData><SchemaData schemaUrl="#jag_id_grid">
		<SimpleData name="env.jag_id">255</SimpleData>
	</SchemaData></ExtendedData>
      <Polygon><outerBoundaryIs><LinearRing><coordinates>18.40032928275,-34.2189651926667 18.40032928275,-34.2163416823333 18.402952793,-34.2163416823333 18.402952793,-34.2189651926667 18.40032928275,-34.2189651926667</coordinates></LinearRing></outerBoundaryIs></Polygon>
  </Placemark>
  <Placemark>
	<Style><LineStyle><color>ff0000ff</color></LineStyle><PolyStyle><fill>0</fill></PolyStyle></Style>
	<ExtendedData><SchemaData schemaUrl="#jag_id_grid">
		<SimpleData name="env.jag_id">287</SimpleData>
	</SchemaData></ExtendedData>
      <Polygon><outerBoundaryIs><LinearRing><coordinates>18.402952793,-34.2189651926667 18.402952793,-34.2163416823333 18.40557630325,-34.2163416823333 18.40557630325,-34.2189651926667 18.402952793,-34.2189651926667</coordinates></LinearRing></outerBoundaryIs></Polygon>
  </Placemark>
  <Placemark>
	<Style><LineStyle><color>ff0000ff</color></LineStyle><PolyStyle><fill>0</fill></PolyStyle></Style>
	<ExtendedData><SchemaData schemaUrl="#jag_id_grid">
		<SimpleData name="env.jag_id">322</SimpleData>
	</SchemaData></ExtendedData>
      <Polygon><outerBoundaryIs><LinearRing><coordinates>18.40557630325,-34.2189651926667 18.40557630325,-34.2163416823333 18.4081998135,-34.2163416823333 18.4081998135,-34.2189651926667 18.40557630325,-34.2189651926667</coordinates></LinearRing></outerBoundaryIs></Polygon>
  </Placemark>
  <Placemark>
	<Style><LineStyle><color>ff0000ff</color></LineStyle><PolyStyle><fill>0</fill></PolyStyle></Style>
	<ExtendedData><SchemaData schemaUrl="#jag_id_grid">
		<SimpleData name="env.jag_id">360</SimpleData>
	</SchemaData></ExtendedData>
      <Polygon><outerBoundaryIs><LinearRing><coordinates>18.4081998135,-34.2189651926667 18.4081998135,-34.2163416823333 18.41082332375,-34.2163416823333 18.41082332375,-34.2189651926667 18.4081998135,-34.2189651926667</coordinates></LinearRing></outerBoundaryIs></Polygon>
  </Placemark>
  <Placemark>
	<Style><LineStyle><color>ff0000ff</color></LineStyle><PolyStyle><fill>0</fill></PolyStyle></Style>
	<ExtendedData><SchemaData schemaUrl="#jag_id_grid">
		<SimpleData name="env.jag_id">403</SimpleData>
	</SchemaData></ExtendedData>
      <Polygon><outerBoundaryIs><LinearRing><coordinates>18.41082332375,-34.2189651926667 18.41082332375,-34.2163416823333 18.413446834,-34.2163416823333 18.413446834,-34.2189651926667 18.41082332375,-34.2189651926667</coordinates></LinearRing></outerBoundaryIs></Polygon>
  </Placemark>
  <Placemark>
	<Style><LineStyle><color>ff0000ff</color></LineStyle><PolyStyle><fill>0</fill></PolyStyle></Style>
	<ExtendedData><SchemaData schemaUrl="#jag_id_grid">
		<SimpleData name="env.jag_id">446</SimpleData>
	</SchemaData></ExtendedData>
      <Polygon><outerBoundaryIs><LinearRing><coordinates>18.413446834,-34.2189651926667 18.413446834,-34.2163416823333 18.41607034425,-34.2163416823333 18.41607034425,-34.2189651926667 18.413446834,-34.2189651926667</coordinates></LinearRing></outerBoundaryIs></Polygon>
  </Placemark>
  <Placemark>
	<Style><LineStyle><color>ff0000ff</color></LineStyle><PolyStyle><fill>0</fill></PolyStyle></Style>
	<ExtendedData><SchemaData schemaUrl="#jag_id_grid">
		<SimpleData name="env.jag_id">490</SimpleData>
	</SchemaData></ExtendedData>
      <Polygon><outerBoundaryIs><LinearRing><coordinates>18.41607034425,-34.2189651926667 18.41607034425,-34.2163416823333 18.4186938545,-34.2163416823333 18.4186938545,-34.2189651926667 18.41607034425,-34.2189651926667</coordinates></LinearRing></outerBoundaryIs></Polygon>
  </Placemark>
  <Placemark>
	<Style><LineStyle><color>ff0000ff</color></LineStyle><PolyStyle><fill>0</fill></PolyStyle></Style>
	<ExtendedData><SchemaData schemaUrl="#jag_id_grid">
		<SimpleData name="env.jag_id">536</SimpleData>
	</SchemaData></ExtendedData>
      <Polygon><outerBoundaryIs><LinearRing><coordinates>18.4186938545,-34.2189651926667 18.4186938545,-34.2163416823333 18.42131736475,-34.2163416823333 18.42131736475,-34.2189651926667 18.4186938545,-34.2189651926667</coordinates></LinearRing></outerBoundaryIs></Polygon>
  </Placemark>
  <Placemark>
	<Style><LineStyle><color>ff0000ff</color></LineStyle><PolyStyle><fill>0</fill></PolyStyle></Style>
	<ExtendedData><SchemaData schemaUrl="#jag_id_grid">
		<SimpleData name="env.jag_id">582</SimpleData>
	</SchemaData></ExtendedData>
      <Polygon><outerBoundaryIs><LinearRing><coordinates>18.42131736475,-34.2189651926667 18.42131736475,-34.2163416823333 18.423940875,-34.2163416823333 18.423940875,-34.2189651926667 18.42131736475,-34.2189651926667</coordinates></LinearRing></outerBoundaryIs></Polygon>
  </Placemark>
  <Placemark>
	<Style><LineStyle><color>ff0000ff</color></LineStyle><PolyStyle><fill>0</fill></PolyStyle></Style>
	<ExtendedData><SchemaData schemaUrl="#jag_id_grid">
		<SimpleData name="env.jag_id">627</SimpleData>
	</SchemaData></ExtendedData>
      <Polygon><outerBoundaryIs><LinearRing><coordinates>18.423940875,-34.2189651926667 18.423940875,-34.2163416823333 18.42656438525,-34.2163416823333 18.42656438525,-34.2189651926667 18.423940875,-34.2189651926667</coordinates></LinearRing></outerBoundaryIs></Polygon>
  </Placemark>
  <Placemark>
	<Style><LineStyle><color>ff0000ff</color></LineStyle><PolyStyle><fill>0</fill></PolyStyle></Style>
	<ExtendedData><SchemaData schemaUrl="#jag_id_grid">
		<SimpleData name="env.jag_id">671</SimpleData>
	</SchemaData></ExtendedData>
      <Polygon><outerBoundaryIs><LinearRing><coordinates>18.42656438525,-34.2189651926667 18.42656438525,-34.2163416823333 18.4291878955,-34.2163416823333 18.4291878955,-34.2189651926667 18.42656438525,-34.2189651926667</coordinates></LinearRing></outerBoundaryIs></Polygon>
  </Placemark>
  <Placemark>
	<Style><LineStyle><color>ff0000ff</color></LineStyle><PolyStyle><fill>0</fill></PolyStyle></Style>
	<ExtendedData><SchemaData schemaUrl="#jag_id_grid">
		<SimpleData name="env.jag_id">715</SimpleData>
	</SchemaData></ExtendedData>
      <Polygon><outerBoundaryIs><LinearRing><coordinates>18.4291878955,-34.2189651926667 18.4291878955,-34.2163416823333 18.43181140575,-34.2163416823333 18.43181140575,-34.2189651926667 18.4291878955,-34.2189651926667</coordinates></LinearRing></outerBoundaryIs></Polygon>
  </Placemark>
  <Placemark>
	<Style><LineStyle><color>ff0000ff</color></LineStyle><PolyStyle><fill>0</fill></PolyStyle></Style>
	<ExtendedData><SchemaData schemaUrl="#jag_id_grid">
		<SimpleData name="env.jag_id">757</SimpleData>
	</SchemaData></ExtendedData>
      <Polygon><outerBoundaryIs><LinearRing><coordinates>18.43181140575,-34.2189651926667 18.43181140575,-34.2163416823333 18.434434916,-34.2163416823333 18.434434916,-34.2189651926667 18.43181140575,-34.2189651926667</coordinates></LinearRing></outerBoundaryIs></Polygon>
  </Placemark>
  <Placemark>
	<Style><LineStyle><color>ff0000ff</color></LineStyle><PolyStyle><fill>0</fill></PolyStyle></Style>
	<ExtendedData><SchemaData schemaUrl="#jag_id_grid">
		<SimpleData name="env.jag_id">798</SimpleData>
	</SchemaData></ExtendedData>
      <Polygon><outerBoundaryIs><LinearRing><coordinates>18.434434916,-34.2189651926667 18.434434916,-34.2163416823333 18.43705842625,-34.2163416823333 18.43705842625,-34.2189651926667 18.434434916,-34.2189651926667</coordinates></LinearRing></outerBoundaryIs></Polygon>
  </Placemark>
  <Placemark>
	<Style><LineStyle><color>ff0000ff</color></LineStyle><PolyStyle><fill>0</fill></PolyStyle></Style>
	<ExtendedData><SchemaData schemaUrl="#jag_id_grid">
		<SimpleData name="env.jag_id">839</SimpleData>
	</SchemaData></ExtendedData>
      <Polygon><outerBoundaryIs><LinearRing><coordinates>18.43705842625,-34.2189651926667 18.43705842625,-34.2163416823333 18.4396819365,-34.2163416823333 18.4396819365,-34.2189651926667 18.43705842625,-34.2189651926667</coordinates></LinearRing></outerBoundaryIs></Polygon>
  </Placemark>
  <Placemark>
	<Style><LineStyle><color>ff0000ff</color></LineStyle><PolyStyle><fill>0</fill></PolyStyle></Style>
	<ExtendedData><SchemaData schemaUrl="#jag_id_grid">
		<SimpleData name="env.jag_id">881</SimpleData>
	</SchemaData></ExtendedData>
      <Polygon><outerBoundaryIs><LinearRing><coordinates>18.4396819365,-34.2189651926667 18.4396819365,-34.2163416823333 18.44230544675,-34.2163416823333 18.44230544675,-34.2189651926667 18.4396819365,-34.2189651926667</coordinates></LinearRing></outerBoundaryIs></Polygon>
  </Placemark>
  <Placemark>
	<Style><LineStyle><color>ff0000ff</color></LineStyle><PolyStyle><fill>0</fill></PolyStyle></Style>
	<ExtendedData><SchemaData schemaUrl="#jag_id_grid">
		<SimpleData name="env.jag_id">922</SimpleData>
	</SchemaData></ExtendedData>
      <Polygon><outerBoundaryIs><LinearRing><coordinates>18.44230544675,-34.2189651926667 18.44230544675,-34.2163416823333 18.444928957,-34.2163416823333 18.444928957,-34.2189651926667 18.44230544675,-34.2189651926667</coordinates></LinearRing></outerBoundaryIs></Polygon>
  </Placemark>
  <Placemark>
	<Style><LineStyle><color>ff0000ff</color></LineStyle><PolyStyle><fill>0</fill></PolyStyle></Style>
	<ExtendedData><SchemaData schemaUrl="#jag_id_grid">
		<SimpleData name="env.jag_id">962</SimpleData>
	</SchemaData></ExtendedData>
      <Polygon><outerBoundaryIs><LinearRing><coordinates>18.444928957,-34.2189651926667 18.444928957,-34.2163416823333 18.44755246725,-34.2163416823333 18.44755246725,-34.2189651926667 18.444928957,-34.2189651926667</coordinates></LinearRing></outerBoundaryIs></Polygon>
  </Placemark>
  <Placemark>
	<Style><LineStyle><color>ff0000ff</color></LineStyle><PolyStyle><fill>0</fill></PolyStyle></Style>
	<ExtendedData><SchemaData schemaUrl="#jag_id_grid">
		<SimpleData name="env.jag_id">1003</SimpleData>
	</SchemaData></ExtendedData>
      <Polygon><outerBoundaryIs><LinearRing><coordinates>18.44755246725,-34.2189651926667 18.44755246725,-34.2163416823333 18.4501759775,-34.2163416823333 18.4501759775,-34.2189651926667 18.44755246725,-34.2189651926667</coordinates></LinearRing></outerBoundaryIs></Polygon>
  </Placemark>
  <Placemark>
	<Style><LineStyle><color>ff0000ff</color></LineStyle><PolyStyle><fill>0</fill></PolyStyle></Style>
	<ExtendedData><SchemaData schemaUrl="#jag_id_grid">
		<SimpleData name="env.jag_id">1047</SimpleData>
	</SchemaData></ExtendedData>
      <Polygon><outerBoundaryIs><LinearRing><coordinates>18.4501759775,-34.2189651926667 18.4501759775,-34.2163416823333 18.45279948775,-34.2163416823333 18.45279948775,-34.2189651926667 18.4501759775,-34.2189651926667</coordinates></LinearRing></outerBoundaryIs></Polygon>
  </Placemark>
  <Placemark>
	<Style><LineStyle><color>ff0000ff</color></LineStyle><PolyStyle><fill>0</fill></PolyStyle></Style>
	<ExtendedData><SchemaData schemaUrl="#jag_id_grid">
		<SimpleData name="env.jag_id">1087</SimpleData>
	</SchemaData></ExtendedData>
      <Polygon><outerBoundaryIs><LinearRing><coordinates>18.45279948775,-34.2189651926667 18.45279948775,-34.2163416823333 18.455422998,-34.2163416823333 18.455422998,-34.2189651926667 18.45279948775,-34.2189651926667</coordinates></LinearRing></outerBoundaryIs></Polygon>
  </Placemark>
  <Placemark>
	<Style><LineStyle><color>ff0000ff</color></LineStyle><PolyStyle><fill>0</fill></PolyStyle></Style>
	<ExtendedData><SchemaData schemaUrl="#jag_id_grid">
		<SimpleData name="env.jag_id">1128</SimpleData>
	</SchemaData></ExtendedData>
      <Polygon><outerBoundaryIs><LinearRing><coordinates>18.455422998,-34.2189651926667 18.455422998,-34.2163416823333 18.45804650825,-34.2163416823333 18.45804650825,-34.2189651926667 18.455422998,-34.2189651926667</coordinates></LinearRing></outerBoundaryIs></Polygon>
  </Placemark>
  <Placemark>
	<Style><LineStyle><color>ff0000ff</color></LineStyle><PolyStyle><fill>0</fill></PolyStyle></Style>
	<ExtendedData><SchemaData schemaUrl="#jag_id_grid">
		<SimpleData name="env.jag_id">1171</SimpleData>
	</SchemaData></ExtendedData>
      <Polygon><outerBoundaryIs><LinearRing><coordinates>18.45804650825,-34.2189651926667 18.45804650825,-34.2163416823333 18.4606700185,-34.2163416823333 18.4606700185,-34.2189651926667 18.45804650825,-34.2189651926667</coordinates></LinearRing></outerBoundaryIs></Polygon>
  </Placemark>
  <Placemark>
	<Style><LineStyle><color>ff0000ff</color></LineStyle><PolyStyle><fill>0</fill></PolyStyle></Style>
	<ExtendedData><SchemaData schemaUrl="#jag_id_grid">
		<SimpleData name="env.jag_id">15</SimpleData>
	</SchemaData></ExtendedData>
      <Polygon><outerBoundaryIs><LinearRing><coordinates>18.3767176905,-34.221588703 18.3767176905,-34.2189651926667 18.37934120075,-34.2189651926667 18.37934120075,-34.221588703 18.3767176905,-34.221588703</coordinates></LinearRing></outerBoundaryIs></Polygon>
  </Placemark>
  <Placemark>
	<Style><LineStyle><color>ff0000ff</color></LineStyle><PolyStyle><fill>0</fill></PolyStyle></Style>
	<ExtendedData><SchemaData schemaUrl="#jag_id_grid">
		<SimpleData name="env.jag_id">26</SimpleData>
	</SchemaData></ExtendedData>
      <Polygon><outerBoundaryIs><LinearRing><coordinates>18.37934120075,-34.221588703 18.37934120075,-34.2189651926667 18.381964711,-34.2189651926667 18.381964711,-34.221588703 18.37934120075,-34.221588703</coordinates></LinearRing></outerBoundaryIs></Polygon>
  </Placemark>
  <Placemark>
	<Style><LineStyle><color>ff0000ff</color></LineStyle><PolyStyle><fill>0</fill></PolyStyle></Style>
	<ExtendedData><SchemaData schemaUrl="#jag_id_grid">
		<SimpleData name="env.jag_id">43</SimpleData>
	</SchemaData></ExtendedData>
      <Polygon><outerBoundaryIs><LinearRing><coordinates>18.381964711,-34.221588703 18.381964711,-34.2189651926667 18.38458822125,-34.2189651926667 18.38458822125,-34.221588703 18.381964711,-34.221588703</coordinates></LinearRing></outerBoundaryIs></Polygon>
  </Placemark>
  <Placemark>
	<Style><LineStyle><color>ff0000ff</color></LineStyle><PolyStyle><fill>0</fill></PolyStyle></Style>
	<ExtendedData><SchemaData schemaUrl="#jag_id_grid">
		<SimpleData name="env.jag_id">69</SimpleData>
	</SchemaData></ExtendedData>
      <Polygon><outerBoundaryIs><LinearRing><coordinates>18.38458822125,-34.221588703 18.38458822125,-34.2189651926667 18.3872117315,-34.2189651926667 18.3872117315,-34.221588703 18.38458822125,-34.221588703</coordinates></LinearRing></outerBoundaryIs></Polygon>
  </Placemark>
  <Placemark>
	<Style><LineStyle><color>ff0000ff</color></LineStyle><PolyStyle><fill>0</fill></PolyStyle></Style>
	<ExtendedData><SchemaData schemaUrl="#jag_id_grid">
		<SimpleData name="env.jag_id">98</SimpleData>
	</SchemaData></ExtendedData>
      <Polygon><outerBoundaryIs><LinearRing><coordinates>18.3872117315,-34.221588703 18.3872117315,-34.2189651926667 18.38983524175,-34.2189651926667 18.38983524175,-34.221588703 18.3872117315,-34.221588703</coordinates></LinearRing></outerBoundaryIs></Polygon>
  </Placemark>
  <Placemark>
	<Style><LineStyle><color>ff0000ff</color></LineStyle><PolyStyle><fill>0</fill></PolyStyle></Style>
	<ExtendedData><SchemaData schemaUrl="#jag_id_grid">
		<SimpleData name="env.jag_id">127</SimpleData>
	</SchemaData></ExtendedData>
      <Polygon><outerBoundaryIs><LinearRing><coordinates>18.38983524175,-34.221588703 18.38983524175,-34.2189651926667 18.392458752,-34.2189651926667 18.392458752,-34.221588703 18.38983524175,-34.221588703</coordinates></LinearRing></outerBoundaryIs></Polygon>
  </Placemark>
  <Placemark>
	<Style><LineStyle><color>ff0000ff</color></LineStyle><PolyStyle><fill>0</fill></PolyStyle></Style>
	<ExtendedData><SchemaData schemaUrl="#jag_id_grid">
		<SimpleData name="env.jag_id">157</SimpleData>
	</SchemaData></ExtendedData>
      <Polygon><outerBoundaryIs><LinearRing><coordinates>18.392458752,-34.221588703 18.392458752,-34.2189651926667 18.39508226225,-34.2189651926667 18.39508226225,-34.221588703 18.392458752,-34.221588703</coordinates></LinearRing></outerBoundaryIs></Polygon>
  </Placemark>
  <Placemark>
	<Style><LineStyle><color>ff0000ff</color></LineStyle><PolyStyle><fill>0</fill></PolyStyle></Style>
	<ExtendedData><SchemaData schemaUrl="#jag_id_grid">
		<SimpleData name="env.jag_id">190</SimpleData>
	</SchemaData></ExtendedData>
      <Polygon><outerBoundaryIs><LinearRing><coordinates>18.39508226225,-34.221588703 18.39508226225,-34.2189651926667 18.3977057725,-34.2189651926667 18.3977057725,-34.221588703 18.39508226225,-34.221588703</coordinates></LinearRing></outerBoundaryIs></Polygon>
  </Placemark>
  <Placemark>
	<Style><LineStyle><color>ff0000ff</color></LineStyle><PolyStyle><fill>0</fill></PolyStyle></Style>
	<ExtendedData><SchemaData schemaUrl="#jag_id_grid">
		<SimpleData name="env.jag_id">223</SimpleData>
	</SchemaData></ExtendedData>
      <Polygon><outerBoundaryIs><LinearRing><coordinates>18.3977057725,-34.221588703 18.3977057725,-34.2189651926667 18.40032928275,-34.2189651926667 18.40032928275,-34.221588703 18.3977057725,-34.221588703</coordinates></LinearRing></outerBoundaryIs></Polygon>
  </Placemark>
  <Placemark>
	<Style><LineStyle><color>ff0000ff</color></LineStyle><PolyStyle><fill>0</fill></PolyStyle></Style>
	<ExtendedData><SchemaData schemaUrl="#jag_id_grid">
		<SimpleData name="env.jag_id">256</SimpleData>
	</SchemaData></ExtendedData>
      <Polygon><outerBoundaryIs><LinearRing><coordinates>18.40032928275,-34.221588703 18.40032928275,-34.2189651926667 18.402952793,-34.2189651926667 18.402952793,-34.221588703 18.40032928275,-34.221588703</coordinates></LinearRing></outerBoundaryIs></Polygon>
  </Placemark>
  <Placemark>
	<Style><LineStyle><color>ff0000ff</color></LineStyle><PolyStyle><fill>0</fill></PolyStyle></Style>
	<ExtendedData><SchemaData schemaUrl="#jag_id_grid">
		<SimpleData name="env.jag_id">288</SimpleData>
	</SchemaData></ExtendedData>
      <Polygon><outerBoundaryIs><LinearRing><coordinates>18.402952793,-34.221588703 18.402952793,-34.2189651926667 18.40557630325,-34.2189651926667 18.40557630325,-34.221588703 18.402952793,-34.221588703</coordinates></LinearRing></outerBoundaryIs></Polygon>
  </Placemark>
  <Placemark>
	<Style><LineStyle><color>ff0000ff</color></LineStyle><PolyStyle><fill>0</fill></PolyStyle></Style>
	<ExtendedData><SchemaData schemaUrl="#jag_id_grid">
		<SimpleData name="env.jag_id">323</SimpleData>
	</SchemaData></ExtendedData>
      <Polygon><outerBoundaryIs><LinearRing><coordinates>18.40557630325,-34.221588703 18.40557630325,-34.2189651926667 18.4081998135,-34.2189651926667 18.4081998135,-34.221588703 18.40557630325,-34.221588703</coordinates></LinearRing></outerBoundaryIs></Polygon>
  </Placemark>
  <Placemark>
	<Style><LineStyle><color>ff0000ff</color></LineStyle><PolyStyle><fill>0</fill></PolyStyle></Style>
	<ExtendedData><SchemaData schemaUrl="#jag_id_grid">
		<SimpleData name="env.jag_id">361</SimpleData>
	</SchemaData></ExtendedData>
      <Polygon><outerBoundaryIs><LinearRing><coordinates>18.4081998135,-34.221588703 18.4081998135,-34.2189651926667 18.41082332375,-34.2189651926667 18.41082332375,-34.221588703 18.4081998135,-34.221588703</coordinates></LinearRing></outerBoundaryIs></Polygon>
  </Placemark>
  <Placemark>
	<Style><LineStyle><color>ff0000ff</color></LineStyle><PolyStyle><fill>0</fill></PolyStyle></Style>
	<ExtendedData><SchemaData schemaUrl="#jag_id_grid">
		<SimpleData name="env.jag_id">404</SimpleData>
	</SchemaData></ExtendedData>
      <Polygon><outerBoundaryIs><LinearRing><coordinates>18.41082332375,-34.221588703 18.41082332375,-34.2189651926667 18.413446834,-34.2189651926667 18.413446834,-34.221588703 18.41082332375,-34.221588703</coordinates></LinearRing></outerBoundaryIs></Polygon>
  </Placemark>
  <Placemark>
	<Style><LineStyle><color>ff0000ff</color></LineStyle><PolyStyle><fill>0</fill></PolyStyle></Style>
	<ExtendedData><SchemaData schemaUrl="#jag_id_grid">
		<SimpleData name="env.jag_id">447</SimpleData>
	</SchemaData></ExtendedData>
      <Polygon><outerBoundaryIs><LinearRing><coordinates>18.413446834,-34.221588703 18.413446834,-34.2189651926667 18.41607034425,-34.2189651926667 18.41607034425,-34.221588703 18.413446834,-34.221588703</coordinates></LinearRing></outerBoundaryIs></Polygon>
  </Placemark>
  <Placemark>
	<Style><LineStyle><color>ff0000ff</color></LineStyle><PolyStyle><fill>0</fill></PolyStyle></Style>
	<ExtendedData><SchemaData schemaUrl="#jag_id_grid">
		<SimpleData name="env.jag_id">491</SimpleData>
	</SchemaData></ExtendedData>
      <Polygon><outerBoundaryIs><LinearRing><coordinates>18.41607034425,-34.221588703 18.41607034425,-34.2189651926667 18.4186938545,-34.2189651926667 18.4186938545,-34.221588703 18.41607034425,-34.221588703</coordinates></LinearRing></outerBoundaryIs></Polygon>
  </Placemark>
  <Placemark>
	<Style><LineStyle><color>ff0000ff</color></LineStyle><PolyStyle><fill>0</fill></PolyStyle></Style>
	<ExtendedData><SchemaData schemaUrl="#jag_id_grid">
		<SimpleData name="env.jag_id">537</SimpleData>
	</SchemaData></ExtendedData>
      <Polygon><outerBoundaryIs><LinearRing><coordinates>18.4186938545,-34.221588703 18.4186938545,-34.2189651926667 18.42131736475,-34.2189651926667 18.42131736475,-34.221588703 18.4186938545,-34.221588703</coordinates></LinearRing></outerBoundaryIs></Polygon>
  </Placemark>
  <Placemark>
	<Style><LineStyle><color>ff0000ff</color></LineStyle><PolyStyle><fill>0</fill></PolyStyle></Style>
	<ExtendedData><SchemaData schemaUrl="#jag_id_grid">
		<SimpleData name="env.jag_id">583</SimpleData>
	</SchemaData></ExtendedData>
      <Polygon><outerBoundaryIs><LinearRing><coordinates>18.42131736475,-34.221588703 18.42131736475,-34.2189651926667 18.423940875,-34.2189651926667 18.423940875,-34.221588703 18.42131736475,-34.221588703</coordinates></LinearRing></outerBoundaryIs></Polygon>
  </Placemark>
  <Placemark>
	<Style><LineStyle><color>ff0000ff</color></LineStyle><PolyStyle><fill>0</fill></PolyStyle></Style>
	<ExtendedData><SchemaData schemaUrl="#jag_id_grid">
		<SimpleData name="env.jag_id">628</SimpleData>
	</SchemaData></ExtendedData>
      <Polygon><outerBoundaryIs><LinearRing><coordinates>18.423940875,-34.221588703 18.423940875,-34.2189651926667 18.42656438525,-34.2189651926667 18.42656438525,-34.221588703 18.423940875,-34.221588703</coordinates></LinearRing></outerBoundaryIs></Polygon>
  </Placemark>
  <Placemark>
	<Style><LineStyle><color>ff0000ff</color></LineStyle><PolyStyle><fill>0</fill></PolyStyle></Style>
	<ExtendedData><SchemaData schemaUrl="#jag_id_grid">
		<SimpleData name="env.jag_id">672</SimpleData>
	</SchemaData></ExtendedData>
      <Polygon><outerBoundaryIs><LinearRing><coordinates>18.42656438525,-34.221588703 18.42656438525,-34.2189651926667 18.4291878955,-34.2189651926667 18.4291878955,-34.221588703 18.42656438525,-34.221588703</coordinates></LinearRing></outerBoundaryIs></Polygon>
  </Placemark>
  <Placemark>
	<Style><LineStyle><color>ff0000ff</color></LineStyle><PolyStyle><fill>0</fill></PolyStyle></Style>
	<ExtendedData><SchemaData schemaUrl="#jag_id_grid">
		<SimpleData name="env.jag_id">716</SimpleData>
	</SchemaData></ExtendedData>
      <Polygon><outerBoundaryIs><LinearRing><coordinates>18.4291878955,-34.221588703 18.4291878955,-34.2189651926667 18.43181140575,-34.2189651926667 18.43181140575,-34.221588703 18.4291878955,-34.221588703</coordinates></LinearRing></outerBoundaryIs></Polygon>
  </Placemark>
  <Placemark>
	<Style><LineStyle><color>ff0000ff</color></LineStyle><PolyStyle><fill>0</fill></PolyStyle></Style>
	<ExtendedData><SchemaData schemaUrl="#jag_id_grid">
		<SimpleData name="env.jag_id">758</SimpleData>
	</SchemaData></ExtendedData>
      <Polygon><outerBoundaryIs><LinearRing><coordinates>18.43181140575,-34.221588703 18.43181140575,-34.2189651926667 18.434434916,-34.2189651926667 18.434434916,-34.221588703 18.43181140575,-34.221588703</coordinates></LinearRing></outerBoundaryIs></Polygon>
  </Placemark>
  <Placemark>
	<Style><LineStyle><color>ff0000ff</color></LineStyle><PolyStyle><fill>0</fill></PolyStyle></Style>
	<ExtendedData><SchemaData schemaUrl="#jag_id_grid">
		<SimpleData name="env.jag_id">799</SimpleData>
	</SchemaData></ExtendedData>
      <Polygon><outerBoundaryIs><LinearRing><coordinates>18.434434916,-34.221588703 18.434434916,-34.2189651926667 18.43705842625,-34.2189651926667 18.43705842625,-34.221588703 18.434434916,-34.221588703</coordinates></LinearRing></outerBoundaryIs></Polygon>
  </Placemark>
  <Placemark>
	<Style><LineStyle><color>ff0000ff</color></LineStyle><PolyStyle><fill>0</fill></PolyStyle></Style>
	<ExtendedData><SchemaData schemaUrl="#jag_id_grid">
		<SimpleData name="env.jag_id">840</SimpleData>
	</SchemaData></ExtendedData>
      <Polygon><outerBoundaryIs><LinearRing><coordinates>18.43705842625,-34.221588703 18.43705842625,-34.2189651926667 18.4396819365,-34.2189651926667 18.4396819365,-34.221588703 18.43705842625,-34.221588703</coordinates></LinearRing></outerBoundaryIs></Polygon>
  </Placemark>
  <Placemark>
	<Style><LineStyle><color>ff0000ff</color></LineStyle><PolyStyle><fill>0</fill></PolyStyle></Style>
	<ExtendedData><SchemaData schemaUrl="#jag_id_grid">
		<SimpleData name="env.jag_id">882</SimpleData>
	</SchemaData></ExtendedData>
      <Polygon><outerBoundaryIs><LinearRing><coordinates>18.4396819365,-34.221588703 18.4396819365,-34.2189651926667 18.44230544675,-34.2189651926667 18.44230544675,-34.221588703 18.4396819365,-34.221588703</coordinates></LinearRing></outerBoundaryIs></Polygon>
  </Placemark>
  <Placemark>
	<Style><LineStyle><color>ff0000ff</color></LineStyle><PolyStyle><fill>0</fill></PolyStyle></Style>
	<ExtendedData><SchemaData schemaUrl="#jag_id_grid">
		<SimpleData name="env.jag_id">923</SimpleData>
	</SchemaData></ExtendedData>
      <Polygon><outerBoundaryIs><LinearRing><coordinates>18.44230544675,-34.221588703 18.44230544675,-34.2189651926667 18.444928957,-34.2189651926667 18.444928957,-34.221588703 18.44230544675,-34.221588703</coordinates></LinearRing></outerBoundaryIs></Polygon>
  </Placemark>
  <Placemark>
	<Style><LineStyle><color>ff0000ff</color></LineStyle><PolyStyle><fill>0</fill></PolyStyle></Style>
	<ExtendedData><SchemaData schemaUrl="#jag_id_grid">
		<SimpleData name="env.jag_id">963</SimpleData>
	</SchemaData></ExtendedData>
      <Polygon><outerBoundaryIs><LinearRing><coordinates>18.444928957,-34.221588703 18.444928957,-34.2189651926667 18.44755246725,-34.2189651926667 18.44755246725,-34.221588703 18.444928957,-34.221588703</coordinates></LinearRing></outerBoundaryIs></Polygon>
  </Placemark>
  <Placemark>
	<Style><LineStyle><color>ff0000ff</color></LineStyle><PolyStyle><fill>0</fill></PolyStyle></Style>
	<ExtendedData><SchemaData schemaUrl="#jag_id_grid">
		<SimpleData name="env.jag_id">1004</SimpleData>
	</SchemaData></ExtendedData>
      <Polygon><outerBoundaryIs><LinearRing><coordinates>18.44755246725,-34.221588703 18.44755246725,-34.2189651926667 18.4501759775,-34.2189651926667 18.4501759775,-34.221588703 18.44755246725,-34.221588703</coordinates></LinearRing></outerBoundaryIs></Polygon>
  </Placemark>
  <Placemark>
	<Style><LineStyle><color>ff0000ff</color></LineStyle><PolyStyle><fill>0</fill></PolyStyle></Style>
	<ExtendedData><SchemaData schemaUrl="#jag_id_grid">
		<SimpleData name="env.jag_id">1048</SimpleData>
	</SchemaData></ExtendedData>
      <Polygon><outerBoundaryIs><LinearRing><coordinates>18.4501759775,-34.221588703 18.4501759775,-34.2189651926667 18.45279948775,-34.2189651926667 18.45279948775,-34.221588703 18.4501759775,-34.221588703</coordinates></LinearRing></outerBoundaryIs></Polygon>
  </Placemark>
  <Placemark>
	<Style><LineStyle><color>ff0000ff</color></LineStyle><PolyStyle><fill>0</fill></PolyStyle></Style>
	<ExtendedData><SchemaData schemaUrl="#jag_id_grid">
		<SimpleData name="env.jag_id">1088</SimpleData>
	</SchemaData></ExtendedData>
      <Polygon><outerBoundaryIs><LinearRing><coordinates>18.45279948775,-34.221588703 18.45279948775,-34.2189651926667 18.455422998,-34.2189651926667 18.455422998,-34.221588703 18.45279948775,-34.221588703</coordinates></LinearRing></outerBoundaryIs></Polygon>
  </Placemark>
  <Placemark>
	<Style><LineStyle><color>ff0000ff</color></LineStyle><PolyStyle><fill>0</fill></PolyStyle></Style>
	<ExtendedData><SchemaData schemaUrl="#jag_id_grid">
		<SimpleData name="env.jag_id">1129</SimpleData>
	</SchemaData></ExtendedData>
      <Polygon><outerBoundaryIs><LinearRing><coordinates>18.455422998,-34.221588703 18.455422998,-34.2189651926667 18.45804650825,-34.2189651926667 18.45804650825,-34.221588703 18.455422998,-34.221588703</coordinates></LinearRing></outerBoundaryIs></Polygon>
  </Placemark>
  <Placemark>
	<Style><LineStyle><color>ff0000ff</color></LineStyle><PolyStyle><fill>0</fill></PolyStyle></Style>
	<ExtendedData><SchemaData schemaUrl="#jag_id_grid">
		<SimpleData name="env.jag_id">1172</SimpleData>
	</SchemaData></ExtendedData>
      <Polygon><outerBoundaryIs><LinearRing><coordinates>18.45804650825,-34.221588703 18.45804650825,-34.2189651926667 18.4606700185,-34.2189651926667 18.4606700185,-34.221588703 18.45804650825,-34.221588703</coordinates></LinearRing></outerBoundaryIs></Polygon>
  </Placemark>
  <Placemark>
	<Style><LineStyle><color>ff0000ff</color></LineStyle><PolyStyle><fill>0</fill></PolyStyle></Style>
	<ExtendedData><SchemaData schemaUrl="#jag_id_grid">
		<SimpleData name="env.jag_id">1211</SimpleData>
	</SchemaData></ExtendedData>
      <Polygon><outerBoundaryIs><LinearRing><coordinates>18.4606700185,-34.221588703 18.4606700185,-34.2189651926667 18.46329352875,-34.2189651926667 18.46329352875,-34.221588703 18.4606700185,-34.221588703</coordinates></LinearRing></outerBoundaryIs></Polygon>
  </Placemark>
  <Placemark>
	<Style><LineStyle><color>ff0000ff</color></LineStyle><PolyStyle><fill>0</fill></PolyStyle></Style>
	<ExtendedData><SchemaData schemaUrl="#jag_id_grid">
		<SimpleData name="env.jag_id">1240</SimpleData>
	</SchemaData></ExtendedData>
      <Polygon><outerBoundaryIs><LinearRing><coordinates>18.46329352875,-34.221588703 18.46329352875,-34.2189651926667 18.465917039,-34.2189651926667 18.465917039,-34.221588703 18.46329352875,-34.221588703</coordinates></LinearRing></outerBoundaryIs></Polygon>
  </Placemark>
  <Placemark>
	<Style><LineStyle><color>ff0000ff</color></LineStyle><PolyStyle><fill>0</fill></PolyStyle></Style>
	<ExtendedData><SchemaData schemaUrl="#jag_id_grid">
		<SimpleData name="env.jag_id">16</SimpleData>
	</SchemaData></ExtendedData>
      <Polygon><outerBoundaryIs><LinearRing><coordinates>18.3767176905,-34.2242122133333 18.3767176905,-34.221588703 18.37934120075,-34.221588703 18.37934120075,-34.2242122133333 18.3767176905,-34.2242122133333</coordinates></LinearRing></outerBoundaryIs></Polygon>
  </Placemark>
  <Placemark>
	<Style><LineStyle><color>ff0000ff</color></LineStyle><PolyStyle><fill>0</fill></PolyStyle></Style>
	<ExtendedData><SchemaData schemaUrl="#jag_id_grid">
		<SimpleData name="env.jag_id">27</SimpleData>
	</SchemaData></ExtendedData>
      <Polygon><outerBoundaryIs><LinearRing><coordinates>18.37934120075,-34.2242122133333 18.37934120075,-34.221588703 18.381964711,-34.221588703 18.381964711,-34.2242122133333 18.37934120075,-34.2242122133333</coordinates></LinearRing></outerBoundaryIs></Polygon>
  </Placemark>
  <Placemark>
	<Style><LineStyle><color>ff0000ff</color></LineStyle><PolyStyle><fill>0</fill></PolyStyle></Style>
	<ExtendedData><SchemaData schemaUrl="#jag_id_grid">
		<SimpleData name="env.jag_id">44</SimpleData>
	</SchemaData></ExtendedData>
      <Polygon><outerBoundaryIs><LinearRing><coordinates>18.381964711,-34.2242122133333 18.381964711,-34.221588703 18.38458822125,-34.221588703 18.38458822125,-34.2242122133333 18.381964711,-34.2242122133333</coordinates></LinearRing></outerBoundaryIs></Polygon>
  </Placemark>
  <Placemark>
	<Style><LineStyle><color>ff0000ff</color></LineStyle><PolyStyle><fill>0</fill></PolyStyle></Style>
	<ExtendedData><SchemaData schemaUrl="#jag_id_grid">
		<SimpleData name="env.jag_id">70</SimpleData>
	</SchemaData></ExtendedData>
      <Polygon><outerBoundaryIs><LinearRing><coordinates>18.38458822125,-34.2242122133333 18.38458822125,-34.221588703 18.3872117315,-34.221588703 18.3872117315,-34.2242122133333 18.38458822125,-34.2242122133333</coordinates></LinearRing></outerBoundaryIs></Polygon>
  </Placemark>
  <Placemark>
	<Style><LineStyle><color>ff0000ff</color></LineStyle><PolyStyle><fill>0</fill></PolyStyle></Style>
	<ExtendedData><SchemaData schemaUrl="#jag_id_grid">
		<SimpleData name="env.jag_id">99</SimpleData>
	</SchemaData></ExtendedData>
      <Polygon><outerBoundaryIs><LinearRing><coordinates>18.3872117315,-34.2242122133333 18.3872117315,-34.221588703 18.38983524175,-34.221588703 18.38983524175,-34.2242122133333 18.3872117315,-34.2242122133333</coordinates></LinearRing></outerBoundaryIs></Polygon>
  </Placemark>
  <Placemark>
	<Style><LineStyle><color>ff0000ff</color></LineStyle><PolyStyle><fill>0</fill></PolyStyle></Style>
	<ExtendedData><SchemaData schemaUrl="#jag_id_grid">
		<SimpleData name="env.jag_id">128</SimpleData>
	</SchemaData></ExtendedData>
      <Polygon><outerBoundaryIs><LinearRing><coordinates>18.38983524175,-34.2242122133333 18.38983524175,-34.221588703 18.392458752,-34.221588703 18.392458752,-34.2242122133333 18.38983524175,-34.2242122133333</coordinates></LinearRing></outerBoundaryIs></Polygon>
  </Placemark>
  <Placemark>
	<Style><LineStyle><color>ff0000ff</color></LineStyle><PolyStyle><fill>0</fill></PolyStyle></Style>
	<ExtendedData><SchemaData schemaUrl="#jag_id_grid">
		<SimpleData name="env.jag_id">158</SimpleData>
	</SchemaData></ExtendedData>
      <Polygon><outerBoundaryIs><LinearRing><coordinates>18.392458752,-34.2242122133333 18.392458752,-34.221588703 18.39508226225,-34.221588703 18.39508226225,-34.2242122133333 18.392458752,-34.2242122133333</coordinates></LinearRing></outerBoundaryIs></Polygon>
  </Placemark>
  <Placemark>
	<Style><LineStyle><color>ff0000ff</color></LineStyle><PolyStyle><fill>0</fill></PolyStyle></Style>
	<ExtendedData><SchemaData schemaUrl="#jag_id_grid">
		<SimpleData name="env.jag_id">191</SimpleData>
	</SchemaData></ExtendedData>
      <Polygon><outerBoundaryIs><LinearRing><coordinates>18.39508226225,-34.2242122133333 18.39508226225,-34.221588703 18.3977057725,-34.221588703 18.3977057725,-34.2242122133333 18.39508226225,-34.2242122133333</coordinates></LinearRing></outerBoundaryIs></Polygon>
  </Placemark>
  <Placemark>
	<Style><LineStyle><color>ff0000ff</color></LineStyle><PolyStyle><fill>0</fill></PolyStyle></Style>
	<ExtendedData><SchemaData schemaUrl="#jag_id_grid">
		<SimpleData name="env.jag_id">224</SimpleData>
	</SchemaData></ExtendedData>
      <Polygon><outerBoundaryIs><LinearRing><coordinates>18.3977057725,-34.2242122133333 18.3977057725,-34.221588703 18.40032928275,-34.221588703 18.40032928275,-34.2242122133333 18.3977057725,-34.2242122133333</coordinates></LinearRing></outerBoundaryIs></Polygon>
  </Placemark>
  <Placemark>
	<Style><LineStyle><color>ff0000ff</color></LineStyle><PolyStyle><fill>0</fill></PolyStyle></Style>
	<ExtendedData><SchemaData schemaUrl="#jag_id_grid">
		<SimpleData name="env.jag_id">257</SimpleData>
	</SchemaData></ExtendedData>
      <Polygon><outerBoundaryIs><LinearRing><coordinates>18.40032928275,-34.2242122133333 18.40032928275,-34.221588703 18.402952793,-34.221588703 18.402952793,-34.2242122133333 18.40032928275,-34.2242122133333</coordinates></LinearRing></outerBoundaryIs></Polygon>
  </Placemark>
  <Placemark>
	<Style><LineStyle><color>ff0000ff</color></LineStyle><PolyStyle><fill>0</fill></PolyStyle></Style>
	<ExtendedData><SchemaData schemaUrl="#jag_id_grid">
		<SimpleData name="env.jag_id">289</SimpleData>
	</SchemaData></ExtendedData>
      <Polygon><outerBoundaryIs><LinearRing><coordinates>18.402952793,-34.2242122133333 18.402952793,-34.221588703 18.40557630325,-34.221588703 18.40557630325,-34.2242122133333 18.402952793,-34.2242122133333</coordinates></LinearRing></outerBoundaryIs></Polygon>
  </Placemark>
  <Placemark>
	<Style><LineStyle><color>ff0000ff</color></LineStyle><PolyStyle><fill>0</fill></PolyStyle></Style>
	<ExtendedData><SchemaData schemaUrl="#jag_id_grid">
		<SimpleData name="env.jag_id">324</SimpleData>
	</SchemaData></ExtendedData>
      <Polygon><outerBoundaryIs><LinearRing><coordinates>18.40557630325,-34.2242122133333 18.40557630325,-34.221588703 18.4081998135,-34.221588703 18.4081998135,-34.2242122133333 18.40557630325,-34.2242122133333</coordinates></LinearRing></outerBoundaryIs></Polygon>
  </Placemark>
  <Placemark>
	<Style><LineStyle><color>ff0000ff</color></LineStyle><PolyStyle><fill>0</fill></PolyStyle></Style>
	<ExtendedData><SchemaData schemaUrl="#jag_id_grid">
		<SimpleData name="env.jag_id">362</SimpleData>
	</SchemaData></ExtendedData>
      <Polygon><outerBoundaryIs><LinearRing><coordinates>18.4081998135,-34.2242122133333 18.4081998135,-34.221588703 18.41082332375,-34.221588703 18.41082332375,-34.2242122133333 18.4081998135,-34.2242122133333</coordinates></LinearRing></outerBoundaryIs></Polygon>
  </Placemark>
  <Placemark>
	<Style><LineStyle><color>ff0000ff</color></LineStyle><PolyStyle><fill>0</fill></PolyStyle></Style>
	<ExtendedData><SchemaData schemaUrl="#jag_id_grid">
		<SimpleData name="env.jag_id">405</SimpleData>
	</SchemaData></ExtendedData>
      <Polygon><outerBoundaryIs><LinearRing><coordinates>18.41082332375,-34.2242122133333 18.41082332375,-34.221588703 18.413446834,-34.221588703 18.413446834,-34.2242122133333 18.41082332375,-34.2242122133333</coordinates></LinearRing></outerBoundaryIs></Polygon>
  </Placemark>
  <Placemark>
	<Style><LineStyle><color>ff0000ff</color></LineStyle><PolyStyle><fill>0</fill></PolyStyle></Style>
	<ExtendedData><SchemaData schemaUrl="#jag_id_grid">
		<SimpleData name="env.jag_id">448</SimpleData>
	</SchemaData></ExtendedData>
      <Polygon><outerBoundaryIs><LinearRing><coordinates>18.413446834,-34.2242122133333 18.413446834,-34.221588703 18.41607034425,-34.221588703 18.41607034425,-34.2242122133333 18.413446834,-34.2242122133333</coordinates></LinearRing></outerBoundaryIs></Polygon>
  </Placemark>
  <Placemark>
	<Style><LineStyle><color>ff0000ff</color></LineStyle><PolyStyle><fill>0</fill></PolyStyle></Style>
	<ExtendedData><SchemaData schemaUrl="#jag_id_grid">
		<SimpleData name="env.jag_id">492</SimpleData>
	</SchemaData></ExtendedData>
      <Polygon><outerBoundaryIs><LinearRing><coordinates>18.41607034425,-34.2242122133333 18.41607034425,-34.221588703 18.4186938545,-34.221588703 18.4186938545,-34.2242122133333 18.41607034425,-34.2242122133333</coordinates></LinearRing></outerBoundaryIs></Polygon>
  </Placemark>
  <Placemark>
	<Style><LineStyle><color>ff0000ff</color></LineStyle><PolyStyle><fill>0</fill></PolyStyle></Style>
	<ExtendedData><SchemaData schemaUrl="#jag_id_grid">
		<SimpleData name="env.jag_id">538</SimpleData>
	</SchemaData></ExtendedData>
      <Polygon><outerBoundaryIs><LinearRing><coordinates>18.4186938545,-34.2242122133333 18.4186938545,-34.221588703 18.42131736475,-34.221588703 18.42131736475,-34.2242122133333 18.4186938545,-34.2242122133333</coordinates></LinearRing></outerBoundaryIs></Polygon>
  </Placemark>
  <Placemark>
	<Style><LineStyle><color>ff0000ff</color></LineStyle><PolyStyle><fill>0</fill></PolyStyle></Style>
	<ExtendedData><SchemaData schemaUrl="#jag_id_grid">
		<SimpleData name="env.jag_id">584</SimpleData>
	</SchemaData></ExtendedData>
      <Polygon><outerBoundaryIs><LinearRing><coordinates>18.42131736475,-34.2242122133333 18.42131736475,-34.221588703 18.423940875,-34.221588703 18.423940875,-34.2242122133333 18.42131736475,-34.2242122133333</coordinates></LinearRing></outerBoundaryIs></Polygon>
  </Placemark>
  <Placemark>
	<Style><LineStyle><color>ff0000ff</color></LineStyle><PolyStyle><fill>0</fill></PolyStyle></Style>
	<ExtendedData><SchemaData schemaUrl="#jag_id_grid">
		<SimpleData name="env.jag_id">629</SimpleData>
	</SchemaData></ExtendedData>
      <Polygon><outerBoundaryIs><LinearRing><coordinates>18.423940875,-34.2242122133333 18.423940875,-34.221588703 18.42656438525,-34.221588703 18.42656438525,-34.2242122133333 18.423940875,-34.2242122133333</coordinates></LinearRing></outerBoundaryIs></Polygon>
  </Placemark>
  <Placemark>
	<Style><LineStyle><color>ff0000ff</color></LineStyle><PolyStyle><fill>0</fill></PolyStyle></Style>
	<ExtendedData><SchemaData schemaUrl="#jag_id_grid">
		<SimpleData name="env.jag_id">673</SimpleData>
	</SchemaData></ExtendedData>
      <Polygon><outerBoundaryIs><LinearRing><coordinates>18.42656438525,-34.2242122133333 18.42656438525,-34.221588703 18.4291878955,-34.221588703 18.4291878955,-34.2242122133333 18.42656438525,-34.2242122133333</coordinates></LinearRing></outerBoundaryIs></Polygon>
  </Placemark>
  <Placemark>
	<Style><LineStyle><color>ff0000ff</color></LineStyle><PolyStyle><fill>0</fill></PolyStyle></Style>
	<ExtendedData><SchemaData schemaUrl="#jag_id_grid">
		<SimpleData name="env.jag_id">717</SimpleData>
	</SchemaData></ExtendedData>
      <Polygon><outerBoundaryIs><LinearRing><coordinates>18.4291878955,-34.2242122133333 18.4291878955,-34.221588703 18.43181140575,-34.221588703 18.43181140575,-34.2242122133333 18.4291878955,-34.2242122133333</coordinates></LinearRing></outerBoundaryIs></Polygon>
  </Placemark>
  <Placemark>
	<Style><LineStyle><color>ff0000ff</color></LineStyle><PolyStyle><fill>0</fill></PolyStyle></Style>
	<ExtendedData><SchemaData schemaUrl="#jag_id_grid">
		<SimpleData name="env.jag_id">759</SimpleData>
	</SchemaData></ExtendedData>
      <Polygon><outerBoundaryIs><LinearRing><coordinates>18.43181140575,-34.2242122133333 18.43181140575,-34.221588703 18.434434916,-34.221588703 18.434434916,-34.2242122133333 18.43181140575,-34.2242122133333</coordinates></LinearRing></outerBoundaryIs></Polygon>
  </Placemark>
  <Placemark>
	<Style><LineStyle><color>ff0000ff</color></LineStyle><PolyStyle><fill>0</fill></PolyStyle></Style>
	<ExtendedData><SchemaData schemaUrl="#jag_id_grid">
		<SimpleData name="env.jag_id">800</SimpleData>
	</SchemaData></ExtendedData>
      <Polygon><outerBoundaryIs><LinearRing><coordinates>18.434434916,-34.2242122133333 18.434434916,-34.221588703 18.43705842625,-34.221588703 18.43705842625,-34.2242122133333 18.434434916,-34.2242122133333</coordinates></LinearRing></outerBoundaryIs></Polygon>
  </Placemark>
  <Placemark>
	<Style><LineStyle><color>ff0000ff</color></LineStyle><PolyStyle><fill>0</fill></PolyStyle></Style>
	<ExtendedData><SchemaData schemaUrl="#jag_id_grid">
		<SimpleData name="env.jag_id">841</SimpleData>
	</SchemaData></ExtendedData>
      <Polygon><outerBoundaryIs><LinearRing><coordinates>18.43705842625,-34.2242122133333 18.43705842625,-34.221588703 18.4396819365,-34.221588703 18.4396819365,-34.2242122133333 18.43705842625,-34.2242122133333</coordinates></LinearRing></outerBoundaryIs></Polygon>
  </Placemark>
  <Placemark>
	<Style><LineStyle><color>ff0000ff</color></LineStyle><PolyStyle><fill>0</fill></PolyStyle></Style>
	<ExtendedData><SchemaData schemaUrl="#jag_id_grid">
		<SimpleData name="env.jag_id">883</SimpleData>
	</SchemaData></ExtendedData>
      <Polygon><outerBoundaryIs><LinearRing><coordinates>18.4396819365,-34.2242122133333 18.4396819365,-34.221588703 18.44230544675,-34.221588703 18.44230544675,-34.2242122133333 18.4396819365,-34.2242122133333</coordinates></LinearRing></outerBoundaryIs></Polygon>
  </Placemark>
  <Placemark>
	<Style><LineStyle><color>ff0000ff</color></LineStyle><PolyStyle><fill>0</fill></PolyStyle></Style>
	<ExtendedData><SchemaData schemaUrl="#jag_id_grid">
		<SimpleData name="env.jag_id">924</SimpleData>
	</SchemaData></ExtendedData>
      <Polygon><outerBoundaryIs><LinearRing><coordinates>18.44230544675,-34.2242122133333 18.44230544675,-34.221588703 18.444928957,-34.221588703 18.444928957,-34.2242122133333 18.44230544675,-34.2242122133333</coordinates></LinearRing></outerBoundaryIs></Polygon>
  </Placemark>
  <Placemark>
	<Style><LineStyle><color>ff0000ff</color></LineStyle><PolyStyle><fill>0</fill></PolyStyle></Style>
	<ExtendedData><SchemaData schemaUrl="#jag_id_grid">
		<SimpleData name="env.jag_id">964</SimpleData>
	</SchemaData></ExtendedData>
      <Polygon><outerBoundaryIs><LinearRing><coordinates>18.444928957,-34.2242122133333 18.444928957,-34.221588703 18.44755246725,-34.221588703 18.44755246725,-34.2242122133333 18.444928957,-34.2242122133333</coordinates></LinearRing></outerBoundaryIs></Polygon>
  </Placemark>
  <Placemark>
	<Style><LineStyle><color>ff0000ff</color></LineStyle><PolyStyle><fill>0</fill></PolyStyle></Style>
	<ExtendedData><SchemaData schemaUrl="#jag_id_grid">
		<SimpleData name="env.jag_id">1005</SimpleData>
	</SchemaData></ExtendedData>
      <Polygon><outerBoundaryIs><LinearRing><coordinates>18.44755246725,-34.2242122133333 18.44755246725,-34.221588703 18.4501759775,-34.221588703 18.4501759775,-34.2242122133333 18.44755246725,-34.2242122133333</coordinates></LinearRing></outerBoundaryIs></Polygon>
  </Placemark>
  <Placemark>
	<Style><LineStyle><color>ff0000ff</color></LineStyle><PolyStyle><fill>0</fill></PolyStyle></Style>
	<ExtendedData><SchemaData schemaUrl="#jag_id_grid">
		<SimpleData name="env.jag_id">1049</SimpleData>
	</SchemaData></ExtendedData>
      <Polygon><outerBoundaryIs><LinearRing><coordinates>18.4501759775,-34.2242122133333 18.4501759775,-34.221588703 18.45279948775,-34.221588703 18.45279948775,-34.2242122133333 18.4501759775,-34.2242122133333</coordinates></LinearRing></outerBoundaryIs></Polygon>
  </Placemark>
  <Placemark>
	<Style><LineStyle><color>ff0000ff</color></LineStyle><PolyStyle><fill>0</fill></PolyStyle></Style>
	<ExtendedData><SchemaData schemaUrl="#jag_id_grid">
		<SimpleData name="env.jag_id">1089</SimpleData>
	</SchemaData></ExtendedData>
      <Polygon><outerBoundaryIs><LinearRing><coordinates>18.45279948775,-34.2242122133333 18.45279948775,-34.221588703 18.455422998,-34.221588703 18.455422998,-34.2242122133333 18.45279948775,-34.2242122133333</coordinates></LinearRing></outerBoundaryIs></Polygon>
  </Placemark>
  <Placemark>
	<Style><LineStyle><color>ff0000ff</color></LineStyle><PolyStyle><fill>0</fill></PolyStyle></Style>
	<ExtendedData><SchemaData schemaUrl="#jag_id_grid">
		<SimpleData name="env.jag_id">1130</SimpleData>
	</SchemaData></ExtendedData>
      <Polygon><outerBoundaryIs><LinearRing><coordinates>18.455422998,-34.2242122133333 18.455422998,-34.221588703 18.45804650825,-34.221588703 18.45804650825,-34.2242122133333 18.455422998,-34.2242122133333</coordinates></LinearRing></outerBoundaryIs></Polygon>
  </Placemark>
  <Placemark>
	<Style><LineStyle><color>ff0000ff</color></LineStyle><PolyStyle><fill>0</fill></PolyStyle></Style>
	<ExtendedData><SchemaData schemaUrl="#jag_id_grid">
		<SimpleData name="env.jag_id">1173</SimpleData>
	</SchemaData></ExtendedData>
      <Polygon><outerBoundaryIs><LinearRing><coordinates>18.45804650825,-34.2242122133333 18.45804650825,-34.221588703 18.4606700185,-34.221588703 18.4606700185,-34.2242122133333 18.45804650825,-34.2242122133333</coordinates></LinearRing></outerBoundaryIs></Polygon>
  </Placemark>
  <Placemark>
	<Style><LineStyle><color>ff0000ff</color></LineStyle><PolyStyle><fill>0</fill></PolyStyle></Style>
	<ExtendedData><SchemaData schemaUrl="#jag_id_grid">
		<SimpleData name="env.jag_id">1212</SimpleData>
	</SchemaData></ExtendedData>
      <Polygon><outerBoundaryIs><LinearRing><coordinates>18.4606700185,-34.2242122133333 18.4606700185,-34.221588703 18.46329352875,-34.221588703 18.46329352875,-34.2242122133333 18.4606700185,-34.2242122133333</coordinates></LinearRing></outerBoundaryIs></Polygon>
  </Placemark>
  <Placemark>
	<Style><LineStyle><color>ff0000ff</color></LineStyle><PolyStyle><fill>0</fill></PolyStyle></Style>
	<ExtendedData><SchemaData schemaUrl="#jag_id_grid">
		<SimpleData name="env.jag_id">1241</SimpleData>
	</SchemaData></ExtendedData>
      <Polygon><outerBoundaryIs><LinearRing><coordinates>18.46329352875,-34.2242122133333 18.46329352875,-34.221588703 18.465917039,-34.221588703 18.465917039,-34.2242122133333 18.46329352875,-34.2242122133333</coordinates></LinearRing></outerBoundaryIs></Polygon>
  </Placemark>
  <Placemark>
	<Style><LineStyle><color>ff0000ff</color></LineStyle><PolyStyle><fill>0</fill></PolyStyle></Style>
	<ExtendedData><SchemaData schemaUrl="#jag_id_grid">
		<SimpleData name="env.jag_id">17</SimpleData>
	</SchemaData></ExtendedData>
      <Polygon><outerBoundaryIs><LinearRing><coordinates>18.3767176905,-34.2268357236667 18.3767176905,-34.2242122133333 18.37934120075,-34.2242122133333 18.37934120075,-34.2268357236667 18.3767176905,-34.2268357236667</coordinates></LinearRing></outerBoundaryIs></Polygon>
  </Placemark>
  <Placemark>
	<Style><LineStyle><color>ff0000ff</color></LineStyle><PolyStyle><fill>0</fill></PolyStyle></Style>
	<ExtendedData><SchemaData schemaUrl="#jag_id_grid">
		<SimpleData name="env.jag_id">28</SimpleData>
	</SchemaData></ExtendedData>
      <Polygon><outerBoundaryIs><LinearRing><coordinates>18.37934120075,-34.2268357236667 18.37934120075,-34.2242122133333 18.381964711,-34.2242122133333 18.381964711,-34.2268357236667 18.37934120075,-34.2268357236667</coordinates></LinearRing></outerBoundaryIs></Polygon>
  </Placemark>
  <Placemark>
	<Style><LineStyle><color>ff0000ff</color></LineStyle><PolyStyle><fill>0</fill></PolyStyle></Style>
	<ExtendedData><SchemaData schemaUrl="#jag_id_grid">
		<SimpleData name="env.jag_id">45</SimpleData>
	</SchemaData></ExtendedData>
      <Polygon><outerBoundaryIs><LinearRing><coordinates>18.381964711,-34.2268357236667 18.381964711,-34.2242122133333 18.38458822125,-34.2242122133333 18.38458822125,-34.2268357236667 18.381964711,-34.2268357236667</coordinates></LinearRing></outerBoundaryIs></Polygon>
  </Placemark>
  <Placemark>
	<Style><LineStyle><color>ff0000ff</color></LineStyle><PolyStyle><fill>0</fill></PolyStyle></Style>
	<ExtendedData><SchemaData schemaUrl="#jag_id_grid">
		<SimpleData name="env.jag_id">71</SimpleData>
	</SchemaData></ExtendedData>
      <Polygon><outerBoundaryIs><LinearRing><coordinates>18.38458822125,-34.2268357236667 18.38458822125,-34.2242122133333 18.3872117315,-34.2242122133333 18.3872117315,-34.2268357236667 18.38458822125,-34.2268357236667</coordinates></LinearRing></outerBoundaryIs></Polygon>
  </Placemark>
  <Placemark>
	<Style><LineStyle><color>ff0000ff</color></LineStyle><PolyStyle><fill>0</fill></PolyStyle></Style>
	<ExtendedData><SchemaData schemaUrl="#jag_id_grid">
		<SimpleData name="env.jag_id">100</SimpleData>
	</SchemaData></ExtendedData>
      <Polygon><outerBoundaryIs><LinearRing><coordinates>18.3872117315,-34.2268357236667 18.3872117315,-34.2242122133333 18.38983524175,-34.2242122133333 18.38983524175,-34.2268357236667 18.3872117315,-34.2268357236667</coordinates></LinearRing></outerBoundaryIs></Polygon>
  </Placemark>
  <Placemark>
	<Style><LineStyle><color>ff0000ff</color></LineStyle><PolyStyle><fill>0</fill></PolyStyle></Style>
	<ExtendedData><SchemaData schemaUrl="#jag_id_grid">
		<SimpleData name="env.jag_id">129</SimpleData>
	</SchemaData></ExtendedData>
      <Polygon><outerBoundaryIs><LinearRing><coordinates>18.38983524175,-34.2268357236667 18.38983524175,-34.2242122133333 18.392458752,-34.2242122133333 18.392458752,-34.2268357236667 18.38983524175,-34.2268357236667</coordinates></LinearRing></outerBoundaryIs></Polygon>
  </Placemark>
  <Placemark>
	<Style><LineStyle><color>ff0000ff</color></LineStyle><PolyStyle><fill>0</fill></PolyStyle></Style>
	<ExtendedData><SchemaData schemaUrl="#jag_id_grid">
		<SimpleData name="env.jag_id">159</SimpleData>
	</SchemaData></ExtendedData>
      <Polygon><outerBoundaryIs><LinearRing><coordinates>18.392458752,-34.2268357236667 18.392458752,-34.2242122133333 18.39508226225,-34.2242122133333 18.39508226225,-34.2268357236667 18.392458752,-34.2268357236667</coordinates></LinearRing></outerBoundaryIs></Polygon>
  </Placemark>
  <Placemark>
	<Style><LineStyle><color>ff0000ff</color></LineStyle><PolyStyle><fill>0</fill></PolyStyle></Style>
	<ExtendedData><SchemaData schemaUrl="#jag_id_grid">
		<SimpleData name="env.jag_id">192</SimpleData>
	</SchemaData></ExtendedData>
      <Polygon><outerBoundaryIs><LinearRing><coordinates>18.39508226225,-34.2268357236667 18.39508226225,-34.2242122133333 18.3977057725,-34.2242122133333 18.3977057725,-34.2268357236667 18.39508226225,-34.2268357236667</coordinates></LinearRing></outerBoundaryIs></Polygon>
  </Placemark>
  <Placemark>
	<Style><LineStyle><color>ff0000ff</color></LineStyle><PolyStyle><fill>0</fill></PolyStyle></Style>
	<ExtendedData><SchemaData schemaUrl="#jag_id_grid">
		<SimpleData name="env.jag_id">225</SimpleData>
	</SchemaData></ExtendedData>
      <Polygon><outerBoundaryIs><LinearRing><coordinates>18.3977057725,-34.2268357236667 18.3977057725,-34.2242122133333 18.40032928275,-34.2242122133333 18.40032928275,-34.2268357236667 18.3977057725,-34.2268357236667</coordinates></LinearRing></outerBoundaryIs></Polygon>
  </Placemark>
  <Placemark>
	<Style><LineStyle><color>ff0000ff</color></LineStyle><PolyStyle><fill>0</fill></PolyStyle></Style>
	<ExtendedData><SchemaData schemaUrl="#jag_id_grid">
		<SimpleData name="env.jag_id">258</SimpleData>
	</SchemaData></ExtendedData>
      <Polygon><outerBoundaryIs><LinearRing><coordinates>18.40032928275,-34.2268357236667 18.40032928275,-34.2242122133333 18.402952793,-34.2242122133333 18.402952793,-34.2268357236667 18.40032928275,-34.2268357236667</coordinates></LinearRing></outerBoundaryIs></Polygon>
  </Placemark>
  <Placemark>
	<Style><LineStyle><color>ff0000ff</color></LineStyle><PolyStyle><fill>0</fill></PolyStyle></Style>
	<ExtendedData><SchemaData schemaUrl="#jag_id_grid">
		<SimpleData name="env.jag_id">290</SimpleData>
	</SchemaData></ExtendedData>
      <Polygon><outerBoundaryIs><LinearRing><coordinates>18.402952793,-34.2268357236667 18.402952793,-34.2242122133333 18.40557630325,-34.2242122133333 18.40557630325,-34.2268357236667 18.402952793,-34.2268357236667</coordinates></LinearRing></outerBoundaryIs></Polygon>
  </Placemark>
  <Placemark>
	<Style><LineStyle><color>ff0000ff</color></LineStyle><PolyStyle><fill>0</fill></PolyStyle></Style>
	<ExtendedData><SchemaData schemaUrl="#jag_id_grid">
		<SimpleData name="env.jag_id">325</SimpleData>
	</SchemaData></ExtendedData>
      <Polygon><outerBoundaryIs><LinearRing><coordinates>18.40557630325,-34.2268357236667 18.40557630325,-34.2242122133333 18.4081998135,-34.2242122133333 18.4081998135,-34.2268357236667 18.40557630325,-34.2268357236667</coordinates></LinearRing></outerBoundaryIs></Polygon>
  </Placemark>
  <Placemark>
	<Style><LineStyle><color>ff0000ff</color></LineStyle><PolyStyle><fill>0</fill></PolyStyle></Style>
	<ExtendedData><SchemaData schemaUrl="#jag_id_grid">
		<SimpleData name="env.jag_id">363</SimpleData>
	</SchemaData></ExtendedData>
      <Polygon><outerBoundaryIs><LinearRing><coordinates>18.4081998135,-34.2268357236667 18.4081998135,-34.2242122133333 18.41082332375,-34.2242122133333 18.41082332375,-34.2268357236667 18.4081998135,-34.2268357236667</coordinates></LinearRing></outerBoundaryIs></Polygon>
  </Placemark>
  <Placemark>
	<Style><LineStyle><color>ff0000ff</color></LineStyle><PolyStyle><fill>0</fill></PolyStyle></Style>
	<ExtendedData><SchemaData schemaUrl="#jag_id_grid">
		<SimpleData name="env.jag_id">406</SimpleData>
	</SchemaData></ExtendedData>
      <Polygon><outerBoundaryIs><LinearRing><coordinates>18.41082332375,-34.2268357236667 18.41082332375,-34.2242122133333 18.413446834,-34.2242122133333 18.413446834,-34.2268357236667 18.41082332375,-34.2268357236667</coordinates></LinearRing></outerBoundaryIs></Polygon>
  </Placemark>
  <Placemark>
	<Style><LineStyle><color>ff0000ff</color></LineStyle><PolyStyle><fill>0</fill></PolyStyle></Style>
	<ExtendedData><SchemaData schemaUrl="#jag_id_grid">
		<SimpleData name="env.jag_id">449</SimpleData>
	</SchemaData></ExtendedData>
      <Polygon><outerBoundaryIs><LinearRing><coordinates>18.413446834,-34.2268357236667 18.413446834,-34.2242122133333 18.41607034425,-34.2242122133333 18.41607034425,-34.2268357236667 18.413446834,-34.2268357236667</coordinates></LinearRing></outerBoundaryIs></Polygon>
  </Placemark>
  <Placemark>
	<Style><LineStyle><color>ff0000ff</color></LineStyle><PolyStyle><fill>0</fill></PolyStyle></Style>
	<ExtendedData><SchemaData schemaUrl="#jag_id_grid">
		<SimpleData name="env.jag_id">493</SimpleData>
	</SchemaData></ExtendedData>
      <Polygon><outerBoundaryIs><LinearRing><coordinates>18.41607034425,-34.2268357236667 18.41607034425,-34.2242122133333 18.4186938545,-34.2242122133333 18.4186938545,-34.2268357236667 18.41607034425,-34.2268357236667</coordinates></LinearRing></outerBoundaryIs></Polygon>
  </Placemark>
  <Placemark>
	<Style><LineStyle><color>ff0000ff</color></LineStyle><PolyStyle><fill>0</fill></PolyStyle></Style>
	<ExtendedData><SchemaData schemaUrl="#jag_id_grid">
		<SimpleData name="env.jag_id">539</SimpleData>
	</SchemaData></ExtendedData>
      <Polygon><outerBoundaryIs><LinearRing><coordinates>18.4186938545,-34.2268357236667 18.4186938545,-34.2242122133333 18.42131736475,-34.2242122133333 18.42131736475,-34.2268357236667 18.4186938545,-34.2268357236667</coordinates></LinearRing></outerBoundaryIs></Polygon>
  </Placemark>
  <Placemark>
	<Style><LineStyle><color>ff0000ff</color></LineStyle><PolyStyle><fill>0</fill></PolyStyle></Style>
	<ExtendedData><SchemaData schemaUrl="#jag_id_grid">
		<SimpleData name="env.jag_id">585</SimpleData>
	</SchemaData></ExtendedData>
      <Polygon><outerBoundaryIs><LinearRing><coordinates>18.42131736475,-34.2268357236667 18.42131736475,-34.2242122133333 18.423940875,-34.2242122133333 18.423940875,-34.2268357236667 18.42131736475,-34.2268357236667</coordinates></LinearRing></outerBoundaryIs></Polygon>
  </Placemark>
  <Placemark>
	<Style><LineStyle><color>ff0000ff</color></LineStyle><PolyStyle><fill>0</fill></PolyStyle></Style>
	<ExtendedData><SchemaData schemaUrl="#jag_id_grid">
		<SimpleData name="env.jag_id">630</SimpleData>
	</SchemaData></ExtendedData>
      <Polygon><outerBoundaryIs><LinearRing><coordinates>18.423940875,-34.2268357236667 18.423940875,-34.2242122133333 18.42656438525,-34.2242122133333 18.42656438525,-34.2268357236667 18.423940875,-34.2268357236667</coordinates></LinearRing></outerBoundaryIs></Polygon>
  </Placemark>
  <Placemark>
	<Style><LineStyle><color>ff0000ff</color></LineStyle><PolyStyle><fill>0</fill></PolyStyle></Style>
	<ExtendedData><SchemaData schemaUrl="#jag_id_grid">
		<SimpleData name="env.jag_id">674</SimpleData>
	</SchemaData></ExtendedData>
      <Polygon><outerBoundaryIs><LinearRing><coordinates>18.42656438525,-34.2268357236667 18.42656438525,-34.2242122133333 18.4291878955,-34.2242122133333 18.4291878955,-34.2268357236667 18.42656438525,-34.2268357236667</coordinates></LinearRing></outerBoundaryIs></Polygon>
  </Placemark>
  <Placemark>
	<Style><LineStyle><color>ff0000ff</color></LineStyle><PolyStyle><fill>0</fill></PolyStyle></Style>
	<ExtendedData><SchemaData schemaUrl="#jag_id_grid">
		<SimpleData name="env.jag_id">718</SimpleData>
	</SchemaData></ExtendedData>
      <Polygon><outerBoundaryIs><LinearRing><coordinates>18.4291878955,-34.2268357236667 18.4291878955,-34.2242122133333 18.43181140575,-34.2242122133333 18.43181140575,-34.2268357236667 18.4291878955,-34.2268357236667</coordinates></LinearRing></outerBoundaryIs></Polygon>
  </Placemark>
  <Placemark>
	<Style><LineStyle><color>ff0000ff</color></LineStyle><PolyStyle><fill>0</fill></PolyStyle></Style>
	<ExtendedData><SchemaData schemaUrl="#jag_id_grid">
		<SimpleData name="env.jag_id">760</SimpleData>
	</SchemaData></ExtendedData>
      <Polygon><outerBoundaryIs><LinearRing><coordinates>18.43181140575,-34.2268357236667 18.43181140575,-34.2242122133333 18.434434916,-34.2242122133333 18.434434916,-34.2268357236667 18.43181140575,-34.2268357236667</coordinates></LinearRing></outerBoundaryIs></Polygon>
  </Placemark>
  <Placemark>
	<Style><LineStyle><color>ff0000ff</color></LineStyle><PolyStyle><fill>0</fill></PolyStyle></Style>
	<ExtendedData><SchemaData schemaUrl="#jag_id_grid">
		<SimpleData name="env.jag_id">801</SimpleData>
	</SchemaData></ExtendedData>
      <Polygon><outerBoundaryIs><LinearRing><coordinates>18.434434916,-34.2268357236667 18.434434916,-34.2242122133333 18.43705842625,-34.2242122133333 18.43705842625,-34.2268357236667 18.434434916,-34.2268357236667</coordinates></LinearRing></outerBoundaryIs></Polygon>
  </Placemark>
  <Placemark>
	<Style><LineStyle><color>ff0000ff</color></LineStyle><PolyStyle><fill>0</fill></PolyStyle></Style>
	<ExtendedData><SchemaData schemaUrl="#jag_id_grid">
		<SimpleData name="env.jag_id">842</SimpleData>
	</SchemaData></ExtendedData>
      <Polygon><outerBoundaryIs><LinearRing><coordinates>18.43705842625,-34.2268357236667 18.43705842625,-34.2242122133333 18.4396819365,-34.2242122133333 18.4396819365,-34.2268357236667 18.43705842625,-34.2268357236667</coordinates></LinearRing></outerBoundaryIs></Polygon>
  </Placemark>
  <Placemark>
	<Style><LineStyle><color>ff0000ff</color></LineStyle><PolyStyle><fill>0</fill></PolyStyle></Style>
	<ExtendedData><SchemaData schemaUrl="#jag_id_grid">
		<SimpleData name="env.jag_id">884</SimpleData>
	</SchemaData></ExtendedData>
      <Polygon><outerBoundaryIs><LinearRing><coordinates>18.4396819365,-34.2268357236667 18.4396819365,-34.2242122133333 18.44230544675,-34.2242122133333 18.44230544675,-34.2268357236667 18.4396819365,-34.2268357236667</coordinates></LinearRing></outerBoundaryIs></Polygon>
  </Placemark>
  <Placemark>
	<Style><LineStyle><color>ff0000ff</color></LineStyle><PolyStyle><fill>0</fill></PolyStyle></Style>
	<ExtendedData><SchemaData schemaUrl="#jag_id_grid">
		<SimpleData name="env.jag_id">925</SimpleData>
	</SchemaData></ExtendedData>
      <Polygon><outerBoundaryIs><LinearRing><coordinates>18.44230544675,-34.2268357236667 18.44230544675,-34.2242122133333 18.444928957,-34.2242122133333 18.444928957,-34.2268357236667 18.44230544675,-34.2268357236667</coordinates></LinearRing></outerBoundaryIs></Polygon>
  </Placemark>
  <Placemark>
	<Style><LineStyle><color>ff0000ff</color></LineStyle><PolyStyle><fill>0</fill></PolyStyle></Style>
	<ExtendedData><SchemaData schemaUrl="#jag_id_grid">
		<SimpleData name="env.jag_id">965</SimpleData>
	</SchemaData></ExtendedData>
      <Polygon><outerBoundaryIs><LinearRing><coordinates>18.444928957,-34.2268357236667 18.444928957,-34.2242122133333 18.44755246725,-34.2242122133333 18.44755246725,-34.2268357236667 18.444928957,-34.2268357236667</coordinates></LinearRing></outerBoundaryIs></Polygon>
  </Placemark>
  <Placemark>
	<Style><LineStyle><color>ff0000ff</color></LineStyle><PolyStyle><fill>0</fill></PolyStyle></Style>
	<ExtendedData><SchemaData schemaUrl="#jag_id_grid">
		<SimpleData name="env.jag_id">1006</SimpleData>
	</SchemaData></ExtendedData>
      <Polygon><outerBoundaryIs><LinearRing><coordinates>18.44755246725,-34.2268357236667 18.44755246725,-34.2242122133333 18.4501759775,-34.2242122133333 18.4501759775,-34.2268357236667 18.44755246725,-34.2268357236667</coordinates></LinearRing></outerBoundaryIs></Polygon>
  </Placemark>
  <Placemark>
	<Style><LineStyle><color>ff0000ff</color></LineStyle><PolyStyle><fill>0</fill></PolyStyle></Style>
	<ExtendedData><SchemaData schemaUrl="#jag_id_grid">
		<SimpleData name="env.jag_id">1050</SimpleData>
	</SchemaData></ExtendedData>
      <Polygon><outerBoundaryIs><LinearRing><coordinates>18.4501759775,-34.2268357236667 18.4501759775,-34.2242122133333 18.45279948775,-34.2242122133333 18.45279948775,-34.2268357236667 18.4501759775,-34.2268357236667</coordinates></LinearRing></outerBoundaryIs></Polygon>
  </Placemark>
  <Placemark>
	<Style><LineStyle><color>ff0000ff</color></LineStyle><PolyStyle><fill>0</fill></PolyStyle></Style>
	<ExtendedData><SchemaData schemaUrl="#jag_id_grid">
		<SimpleData name="env.jag_id">1090</SimpleData>
	</SchemaData></ExtendedData>
      <Polygon><outerBoundaryIs><LinearRing><coordinates>18.45279948775,-34.2268357236667 18.45279948775,-34.2242122133333 18.455422998,-34.2242122133333 18.455422998,-34.2268357236667 18.45279948775,-34.2268357236667</coordinates></LinearRing></outerBoundaryIs></Polygon>
  </Placemark>
  <Placemark>
	<Style><LineStyle><color>ff0000ff</color></LineStyle><PolyStyle><fill>0</fill></PolyStyle></Style>
	<ExtendedData><SchemaData schemaUrl="#jag_id_grid">
		<SimpleData name="env.jag_id">1131</SimpleData>
	</SchemaData></ExtendedData>
      <Polygon><outerBoundaryIs><LinearRing><coordinates>18.455422998,-34.2268357236667 18.455422998,-34.2242122133333 18.45804650825,-34.2242122133333 18.45804650825,-34.2268357236667 18.455422998,-34.2268357236667</coordinates></LinearRing></outerBoundaryIs></Polygon>
  </Placemark>
  <Placemark>
	<Style><LineStyle><color>ff0000ff</color></LineStyle><PolyStyle><fill>0</fill></PolyStyle></Style>
	<ExtendedData><SchemaData schemaUrl="#jag_id_grid">
		<SimpleData name="env.jag_id">1174</SimpleData>
	</SchemaData></ExtendedData>
      <Polygon><outerBoundaryIs><LinearRing><coordinates>18.45804650825,-34.2268357236667 18.45804650825,-34.2242122133333 18.4606700185,-34.2242122133333 18.4606700185,-34.2268357236667 18.45804650825,-34.2268357236667</coordinates></LinearRing></outerBoundaryIs></Polygon>
  </Placemark>
  <Placemark>
	<Style><LineStyle><color>ff0000ff</color></LineStyle><PolyStyle><fill>0</fill></PolyStyle></Style>
	<ExtendedData><SchemaData schemaUrl="#jag_id_grid">
		<SimpleData name="env.jag_id">1213</SimpleData>
	</SchemaData></ExtendedData>
      <Polygon><outerBoundaryIs><LinearRing><coordinates>18.4606700185,-34.2268357236667 18.4606700185,-34.2242122133333 18.46329352875,-34.2242122133333 18.46329352875,-34.2268357236667 18.4606700185,-34.2268357236667</coordinates></LinearRing></outerBoundaryIs></Polygon>
  </Placemark>
  <Placemark>
	<Style><LineStyle><color>ff0000ff</color></LineStyle><PolyStyle><fill>0</fill></PolyStyle></Style>
	<ExtendedData><SchemaData schemaUrl="#jag_id_grid">
		<SimpleData name="env.jag_id">1242</SimpleData>
	</SchemaData></ExtendedData>
      <Polygon><outerBoundaryIs><LinearRing><coordinates>18.46329352875,-34.2268357236667 18.46329352875,-34.2242122133333 18.465917039,-34.2242122133333 18.465917039,-34.2268357236667 18.46329352875,-34.2268357236667</coordinates></LinearRing></outerBoundaryIs></Polygon>
  </Placemark>
  <Placemark>
	<Style><LineStyle><color>ff0000ff</color></LineStyle><PolyStyle><fill>0</fill></PolyStyle></Style>
	<ExtendedData><SchemaData schemaUrl="#jag_id_grid">
		<SimpleData name="env.jag_id">1270</SimpleData>
	</SchemaData></ExtendedData>
      <Polygon><outerBoundaryIs><LinearRing><coordinates>18.465917039,-34.2268357236667 18.465917039,-34.2242122133333 18.46854054925,-34.2242122133333 18.46854054925,-34.2268357236667 18.465917039,-34.2268357236667</coordinates></LinearRing></outerBoundaryIs></Polygon>
  </Placemark>
  <Placemark>
	<Style><LineStyle><color>ff0000ff</color></LineStyle><PolyStyle><fill>0</fill></PolyStyle></Style>
	<ExtendedData><SchemaData schemaUrl="#jag_id_grid">
		<SimpleData name="env.jag_id">29</SimpleData>
	</SchemaData></ExtendedData>
      <Polygon><outerBoundaryIs><LinearRing><coordinates>18.37934120075,-34.229459234 18.37934120075,-34.2268357236667 18.381964711,-34.2268357236667 18.381964711,-34.229459234 18.37934120075,-34.229459234</coordinates></LinearRing></outerBoundaryIs></Polygon>
  </Placemark>
  <Placemark>
	<Style><LineStyle><color>ff0000ff</color></LineStyle><PolyStyle><fill>0</fill></PolyStyle></Style>
	<ExtendedData><SchemaData schemaUrl="#jag_id_grid">
		<SimpleData name="env.jag_id">46</SimpleData>
	</SchemaData></ExtendedData>
      <Polygon><outerBoundaryIs><LinearRing><coordinates>18.381964711,-34.229459234 18.381964711,-34.2268357236667 18.38458822125,-34.2268357236667 18.38458822125,-34.229459234 18.381964711,-34.229459234</coordinates></LinearRing></outerBoundaryIs></Polygon>
  </Placemark>
  <Placemark>
	<Style><LineStyle><color>ff0000ff</color></LineStyle><PolyStyle><fill>0</fill></PolyStyle></Style>
	<ExtendedData><SchemaData schemaUrl="#jag_id_grid">
		<SimpleData name="env.jag_id">72</SimpleData>
	</SchemaData></ExtendedData>
      <Polygon><outerBoundaryIs><LinearRing><coordinates>18.38458822125,-34.229459234 18.38458822125,-34.2268357236667 18.3872117315,-34.2268357236667 18.3872117315,-34.229459234 18.38458822125,-34.229459234</coordinates></LinearRing></outerBoundaryIs></Polygon>
  </Placemark>
  <Placemark>
	<Style><LineStyle><color>ff0000ff</color></LineStyle><PolyStyle><fill>0</fill></PolyStyle></Style>
	<ExtendedData><SchemaData schemaUrl="#jag_id_grid">
		<SimpleData name="env.jag_id">101</SimpleData>
	</SchemaData></ExtendedData>
      <Polygon><outerBoundaryIs><LinearRing><coordinates>18.3872117315,-34.229459234 18.3872117315,-34.2268357236667 18.38983524175,-34.2268357236667 18.38983524175,-34.229459234 18.3872117315,-34.229459234</coordinates></LinearRing></outerBoundaryIs></Polygon>
  </Placemark>
  <Placemark>
	<Style><LineStyle><color>ff0000ff</color></LineStyle><PolyStyle><fill>0</fill></PolyStyle></Style>
	<ExtendedData><SchemaData schemaUrl="#jag_id_grid">
		<SimpleData name="env.jag_id">130</SimpleData>
	</SchemaData></ExtendedData>
      <Polygon><outerBoundaryIs><LinearRing><coordinates>18.38983524175,-34.229459234 18.38983524175,-34.2268357236667 18.392458752,-34.2268357236667 18.392458752,-34.229459234 18.38983524175,-34.229459234</coordinates></LinearRing></outerBoundaryIs></Polygon>
  </Placemark>
  <Placemark>
	<Style><LineStyle><color>ff0000ff</color></LineStyle><PolyStyle><fill>0</fill></PolyStyle></Style>
	<ExtendedData><SchemaData schemaUrl="#jag_id_grid">
		<SimpleData name="env.jag_id">160</SimpleData>
	</SchemaData></ExtendedData>
      <Polygon><outerBoundaryIs><LinearRing><coordinates>18.392458752,-34.229459234 18.392458752,-34.2268357236667 18.39508226225,-34.2268357236667 18.39508226225,-34.229459234 18.392458752,-34.229459234</coordinates></LinearRing></outerBoundaryIs></Polygon>
  </Placemark>
  <Placemark>
	<Style><LineStyle><color>ff0000ff</color></LineStyle><PolyStyle><fill>0</fill></PolyStyle></Style>
	<ExtendedData><SchemaData schemaUrl="#jag_id_grid">
		<SimpleData name="env.jag_id">193</SimpleData>
	</SchemaData></ExtendedData>
      <Polygon><outerBoundaryIs><LinearRing><coordinates>18.39508226225,-34.229459234 18.39508226225,-34.2268357236667 18.3977057725,-34.2268357236667 18.3977057725,-34.229459234 18.39508226225,-34.229459234</coordinates></LinearRing></outerBoundaryIs></Polygon>
  </Placemark>
  <Placemark>
	<Style><LineStyle><color>ff0000ff</color></LineStyle><PolyStyle><fill>0</fill></PolyStyle></Style>
	<ExtendedData><SchemaData schemaUrl="#jag_id_grid">
		<SimpleData name="env.jag_id">226</SimpleData>
	</SchemaData></ExtendedData>
      <Polygon><outerBoundaryIs><LinearRing><coordinates>18.3977057725,-34.229459234 18.3977057725,-34.2268357236667 18.40032928275,-34.2268357236667 18.40032928275,-34.229459234 18.3977057725,-34.229459234</coordinates></LinearRing></outerBoundaryIs></Polygon>
  </Placemark>
  <Placemark>
	<Style><LineStyle><color>ff0000ff</color></LineStyle><PolyStyle><fill>0</fill></PolyStyle></Style>
	<ExtendedData><SchemaData schemaUrl="#jag_id_grid">
		<SimpleData name="env.jag_id">259</SimpleData>
	</SchemaData></ExtendedData>
      <Polygon><outerBoundaryIs><LinearRing><coordinates>18.40032928275,-34.229459234 18.40032928275,-34.2268357236667 18.402952793,-34.2268357236667 18.402952793,-34.229459234 18.40032928275,-34.229459234</coordinates></LinearRing></outerBoundaryIs></Polygon>
  </Placemark>
  <Placemark>
	<Style><LineStyle><color>ff0000ff</color></LineStyle><PolyStyle><fill>0</fill></PolyStyle></Style>
	<ExtendedData><SchemaData schemaUrl="#jag_id_grid">
		<SimpleData name="env.jag_id">291</SimpleData>
	</SchemaData></ExtendedData>
      <Polygon><outerBoundaryIs><LinearRing><coordinates>18.402952793,-34.229459234 18.402952793,-34.2268357236667 18.40557630325,-34.2268357236667 18.40557630325,-34.229459234 18.402952793,-34.229459234</coordinates></LinearRing></outerBoundaryIs></Polygon>
  </Placemark>
  <Placemark>
	<Style><LineStyle><color>ff0000ff</color></LineStyle><PolyStyle><fill>0</fill></PolyStyle></Style>
	<ExtendedData><SchemaData schemaUrl="#jag_id_grid">
		<SimpleData name="env.jag_id">326</SimpleData>
	</SchemaData></ExtendedData>
      <Polygon><outerBoundaryIs><LinearRing><coordinates>18.40557630325,-34.229459234 18.40557630325,-34.2268357236667 18.4081998135,-34.2268357236667 18.4081998135,-34.229459234 18.40557630325,-34.229459234</coordinates></LinearRing></outerBoundaryIs></Polygon>
  </Placemark>
  <Placemark>
	<Style><LineStyle><color>ff0000ff</color></LineStyle><PolyStyle><fill>0</fill></PolyStyle></Style>
	<ExtendedData><SchemaData schemaUrl="#jag_id_grid">
		<SimpleData name="env.jag_id">364</SimpleData>
	</SchemaData></ExtendedData>
      <Polygon><outerBoundaryIs><LinearRing><coordinates>18.4081998135,-34.229459234 18.4081998135,-34.2268357236667 18.41082332375,-34.2268357236667 18.41082332375,-34.229459234 18.4081998135,-34.229459234</coordinates></LinearRing></outerBoundaryIs></Polygon>
  </Placemark>
  <Placemark>
	<Style><LineStyle><color>ff0000ff</color></LineStyle><PolyStyle><fill>0</fill></PolyStyle></Style>
	<ExtendedData><SchemaData schemaUrl="#jag_id_grid">
		<SimpleData name="env.jag_id">407</SimpleData>
	</SchemaData></ExtendedData>
      <Polygon><outerBoundaryIs><LinearRing><coordinates>18.41082332375,-34.229459234 18.41082332375,-34.2268357236667 18.413446834,-34.2268357236667 18.413446834,-34.229459234 18.41082332375,-34.229459234</coordinates></LinearRing></outerBoundaryIs></Polygon>
  </Placemark>
  <Placemark>
	<Style><LineStyle><color>ff0000ff</color></LineStyle><PolyStyle><fill>0</fill></PolyStyle></Style>
	<ExtendedData><SchemaData schemaUrl="#jag_id_grid">
		<SimpleData name="env.jag_id">450</SimpleData>
	</SchemaData></ExtendedData>
      <Polygon><outerBoundaryIs><LinearRing><coordinates>18.413446834,-34.229459234 18.413446834,-34.2268357236667 18.41607034425,-34.2268357236667 18.41607034425,-34.229459234 18.413446834,-34.229459234</coordinates></LinearRing></outerBoundaryIs></Polygon>
  </Placemark>
  <Placemark>
	<Style><LineStyle><color>ff0000ff</color></LineStyle><PolyStyle><fill>0</fill></PolyStyle></Style>
	<ExtendedData><SchemaData schemaUrl="#jag_id_grid">
		<SimpleData name="env.jag_id">494</SimpleData>
	</SchemaData></ExtendedData>
      <Polygon><outerBoundaryIs><LinearRing><coordinates>18.41607034425,-34.229459234 18.41607034425,-34.2268357236667 18.4186938545,-34.2268357236667 18.4186938545,-34.229459234 18.41607034425,-34.229459234</coordinates></LinearRing></outerBoundaryIs></Polygon>
  </Placemark>
  <Placemark>
	<Style><LineStyle><color>ff0000ff</color></LineStyle><PolyStyle><fill>0</fill></PolyStyle></Style>
	<ExtendedData><SchemaData schemaUrl="#jag_id_grid">
		<SimpleData name="env.jag_id">540</SimpleData>
	</SchemaData></ExtendedData>
      <Polygon><outerBoundaryIs><LinearRing><coordinates>18.4186938545,-34.229459234 18.4186938545,-34.2268357236667 18.42131736475,-34.2268357236667 18.42131736475,-34.229459234 18.4186938545,-34.229459234</coordinates></LinearRing></outerBoundaryIs></Polygon>
  </Placemark>
  <Placemark>
	<Style><LineStyle><color>ff0000ff</color></LineStyle><PolyStyle><fill>0</fill></PolyStyle></Style>
	<ExtendedData><SchemaData schemaUrl="#jag_id_grid">
		<SimpleData name="env.jag_id">586</SimpleData>
	</SchemaData></ExtendedData>
      <Polygon><outerBoundaryIs><LinearRing><coordinates>18.42131736475,-34.229459234 18.42131736475,-34.2268357236667 18.423940875,-34.2268357236667 18.423940875,-34.229459234 18.42131736475,-34.229459234</coordinates></LinearRing></outerBoundaryIs></Polygon>
  </Placemark>
  <Placemark>
	<Style><LineStyle><color>ff0000ff</color></LineStyle><PolyStyle><fill>0</fill></PolyStyle></Style>
	<ExtendedData><SchemaData schemaUrl="#jag_id_grid">
		<SimpleData name="env.jag_id">631</SimpleData>
	</SchemaData></ExtendedData>
      <Polygon><outerBoundaryIs><LinearRing><coordinates>18.423940875,-34.229459234 18.423940875,-34.2268357236667 18.42656438525,-34.2268357236667 18.42656438525,-34.229459234 18.423940875,-34.229459234</coordinates></LinearRing></outerBoundaryIs></Polygon>
  </Placemark>
  <Placemark>
	<Style><LineStyle><color>ff0000ff</color></LineStyle><PolyStyle><fill>0</fill></PolyStyle></Style>
	<ExtendedData><SchemaData schemaUrl="#jag_id_grid">
		<SimpleData name="env.jag_id">675</SimpleData>
	</SchemaData></ExtendedData>
      <Polygon><outerBoundaryIs><LinearRing><coordinates>18.42656438525,-34.229459234 18.42656438525,-34.2268357236667 18.4291878955,-34.2268357236667 18.4291878955,-34.229459234 18.42656438525,-34.229459234</coordinates></LinearRing></outerBoundaryIs></Polygon>
  </Placemark>
  <Placemark>
	<Style><LineStyle><color>ff0000ff</color></LineStyle><PolyStyle><fill>0</fill></PolyStyle></Style>
	<ExtendedData><SchemaData schemaUrl="#jag_id_grid">
		<SimpleData name="env.jag_id">719</SimpleData>
	</SchemaData></ExtendedData>
      <Polygon><outerBoundaryIs><LinearRing><coordinates>18.4291878955,-34.229459234 18.4291878955,-34.2268357236667 18.43181140575,-34.2268357236667 18.43181140575,-34.229459234 18.4291878955,-34.229459234</coordinates></LinearRing></outerBoundaryIs></Polygon>
  </Placemark>
  <Placemark>
	<Style><LineStyle><color>ff0000ff</color></LineStyle><PolyStyle><fill>0</fill></PolyStyle></Style>
	<ExtendedData><SchemaData schemaUrl="#jag_id_grid">
		<SimpleData name="env.jag_id">761</SimpleData>
	</SchemaData></ExtendedData>
      <Polygon><outerBoundaryIs><LinearRing><coordinates>18.43181140575,-34.229459234 18.43181140575,-34.2268357236667 18.434434916,-34.2268357236667 18.434434916,-34.229459234 18.43181140575,-34.229459234</coordinates></LinearRing></outerBoundaryIs></Polygon>
  </Placemark>
  <Placemark>
	<Style><LineStyle><color>ff0000ff</color></LineStyle><PolyStyle><fill>0</fill></PolyStyle></Style>
	<ExtendedData><SchemaData schemaUrl="#jag_id_grid">
		<SimpleData name="env.jag_id">1091</SimpleData>
	</SchemaData></ExtendedData>
      <Polygon><outerBoundaryIs><LinearRing><coordinates>18.45279948775,-34.229459234 18.45279948775,-34.2268357236667 18.455422998,-34.2268357236667 18.455422998,-34.229459234 18.45279948775,-34.229459234</coordinates></LinearRing></outerBoundaryIs></Polygon>
  </Placemark>
  <Placemark>
	<Style><LineStyle><color>ff0000ff</color></LineStyle><PolyStyle><fill>0</fill></PolyStyle></Style>
	<ExtendedData><SchemaData schemaUrl="#jag_id_grid">
		<SimpleData name="env.jag_id">1132</SimpleData>
	</SchemaData></ExtendedData>
      <Polygon><outerBoundaryIs><LinearRing><coordinates>18.455422998,-34.229459234 18.455422998,-34.2268357236667 18.45804650825,-34.2268357236667 18.45804650825,-34.229459234 18.455422998,-34.229459234</coordinates></LinearRing></outerBoundaryIs></Polygon>
  </Placemark>
  <Placemark>
	<Style><LineStyle><color>ff0000ff</color></LineStyle><PolyStyle><fill>0</fill></PolyStyle></Style>
	<ExtendedData><SchemaData schemaUrl="#jag_id_grid">
		<SimpleData name="env.jag_id">1175</SimpleData>
	</SchemaData></ExtendedData>
      <Polygon><outerBoundaryIs><LinearRing><coordinates>18.45804650825,-34.229459234 18.45804650825,-34.2268357236667 18.4606700185,-34.2268357236667 18.4606700185,-34.229459234 18.45804650825,-34.229459234</coordinates></LinearRing></outerBoundaryIs></Polygon>
  </Placemark>
  <Placemark>
	<Style><LineStyle><color>ff0000ff</color></LineStyle><PolyStyle><fill>0</fill></PolyStyle></Style>
	<ExtendedData><SchemaData schemaUrl="#jag_id_grid">
		<SimpleData name="env.jag_id">1214</SimpleData>
	</SchemaData></ExtendedData>
      <Polygon><outerBoundaryIs><LinearRing><coordinates>18.4606700185,-34.229459234 18.4606700185,-34.2268357236667 18.46329352875,-34.2268357236667 18.46329352875,-34.229459234 18.4606700185,-34.229459234</coordinates></LinearRing></outerBoundaryIs></Polygon>
  </Placemark>
  <Placemark>
	<Style><LineStyle><color>ff0000ff</color></LineStyle><PolyStyle><fill>0</fill></PolyStyle></Style>
	<ExtendedData><SchemaData schemaUrl="#jag_id_grid">
		<SimpleData name="env.jag_id">1243</SimpleData>
	</SchemaData></ExtendedData>
      <Polygon><outerBoundaryIs><LinearRing><coordinates>18.46329352875,-34.229459234 18.46329352875,-34.2268357236667 18.465917039,-34.2268357236667 18.465917039,-34.229459234 18.46329352875,-34.229459234</coordinates></LinearRing></outerBoundaryIs></Polygon>
  </Placemark>
  <Placemark>
	<Style><LineStyle><color>ff0000ff</color></LineStyle><PolyStyle><fill>0</fill></PolyStyle></Style>
	<ExtendedData><SchemaData schemaUrl="#jag_id_grid">
		<SimpleData name="env.jag_id">1271</SimpleData>
	</SchemaData></ExtendedData>
      <Polygon><outerBoundaryIs><LinearRing><coordinates>18.465917039,-34.229459234 18.465917039,-34.2268357236667 18.46854054925,-34.2268357236667 18.46854054925,-34.229459234 18.465917039,-34.229459234</coordinates></LinearRing></outerBoundaryIs></Polygon>
  </Placemark>
  <Placemark>
	<Style><LineStyle><color>ff0000ff</color></LineStyle><PolyStyle><fill>0</fill></PolyStyle></Style>
	<ExtendedData><SchemaData schemaUrl="#jag_id_grid">
		<SimpleData name="env.jag_id">47</SimpleData>
	</SchemaData></ExtendedData>
      <Polygon><outerBoundaryIs><LinearRing><coordinates>18.381964711,-34.2320827443333 18.381964711,-34.229459234 18.38458822125,-34.229459234 18.38458822125,-34.2320827443333 18.381964711,-34.2320827443333</coordinates></LinearRing></outerBoundaryIs></Polygon>
  </Placemark>
  <Placemark>
	<Style><LineStyle><color>ff0000ff</color></LineStyle><PolyStyle><fill>0</fill></PolyStyle></Style>
	<ExtendedData><SchemaData schemaUrl="#jag_id_grid">
		<SimpleData name="env.jag_id">73</SimpleData>
	</SchemaData></ExtendedData>
      <Polygon><outerBoundaryIs><LinearRing><coordinates>18.38458822125,-34.2320827443333 18.38458822125,-34.229459234 18.3872117315,-34.229459234 18.3872117315,-34.2320827443333 18.38458822125,-34.2320827443333</coordinates></LinearRing></outerBoundaryIs></Polygon>
  </Placemark>
  <Placemark>
	<Style><LineStyle><color>ff0000ff</color></LineStyle><PolyStyle><fill>0</fill></PolyStyle></Style>
	<ExtendedData><SchemaData schemaUrl="#jag_id_grid">
		<SimpleData name="env.jag_id">102</SimpleData>
	</SchemaData></ExtendedData>
      <Polygon><outerBoundaryIs><LinearRing><coordinates>18.3872117315,-34.2320827443333 18.3872117315,-34.229459234 18.38983524175,-34.229459234 18.38983524175,-34.2320827443333 18.3872117315,-34.2320827443333</coordinates></LinearRing></outerBoundaryIs></Polygon>
  </Placemark>
  <Placemark>
	<Style><LineStyle><color>ff0000ff</color></LineStyle><PolyStyle><fill>0</fill></PolyStyle></Style>
	<ExtendedData><SchemaData schemaUrl="#jag_id_grid">
		<SimpleData name="env.jag_id">131</SimpleData>
	</SchemaData></ExtendedData>
      <Polygon><outerBoundaryIs><LinearRing><coordinates>18.38983524175,-34.2320827443333 18.38983524175,-34.229459234 18.392458752,-34.229459234 18.392458752,-34.2320827443333 18.38983524175,-34.2320827443333</coordinates></LinearRing></outerBoundaryIs></Polygon>
  </Placemark>
  <Placemark>
	<Style><LineStyle><color>ff0000ff</color></LineStyle><PolyStyle><fill>0</fill></PolyStyle></Style>
	<ExtendedData><SchemaData schemaUrl="#jag_id_grid">
		<SimpleData name="env.jag_id">161</SimpleData>
	</SchemaData></ExtendedData>
      <Polygon><outerBoundaryIs><LinearRing><coordinates>18.392458752,-34.2320827443333 18.392458752,-34.229459234 18.39508226225,-34.229459234 18.39508226225,-34.2320827443333 18.392458752,-34.2320827443333</coordinates></LinearRing></outerBoundaryIs></Polygon>
  </Placemark>
  <Placemark>
	<Style><LineStyle><color>ff0000ff</color></LineStyle><PolyStyle><fill>0</fill></PolyStyle></Style>
	<ExtendedData><SchemaData schemaUrl="#jag_id_grid">
		<SimpleData name="env.jag_id">194</SimpleData>
	</SchemaData></ExtendedData>
      <Polygon><outerBoundaryIs><LinearRing><coordinates>18.39508226225,-34.2320827443333 18.39508226225,-34.229459234 18.3977057725,-34.229459234 18.3977057725,-34.2320827443333 18.39508226225,-34.2320827443333</coordinates></LinearRing></outerBoundaryIs></Polygon>
  </Placemark>
  <Placemark>
	<Style><LineStyle><color>ff0000ff</color></LineStyle><PolyStyle><fill>0</fill></PolyStyle></Style>
	<ExtendedData><SchemaData schemaUrl="#jag_id_grid">
		<SimpleData name="env.jag_id">227</SimpleData>
	</SchemaData></ExtendedData>
      <Polygon><outerBoundaryIs><LinearRing><coordinates>18.3977057725,-34.2320827443333 18.3977057725,-34.229459234 18.40032928275,-34.229459234 18.40032928275,-34.2320827443333 18.3977057725,-34.2320827443333</coordinates></LinearRing></outerBoundaryIs></Polygon>
  </Placemark>
  <Placemark>
	<Style><LineStyle><color>ff0000ff</color></LineStyle><PolyStyle><fill>0</fill></PolyStyle></Style>
	<ExtendedData><SchemaData schemaUrl="#jag_id_grid">
		<SimpleData name="env.jag_id">260</SimpleData>
	</SchemaData></ExtendedData>
      <Polygon><outerBoundaryIs><LinearRing><coordinates>18.40032928275,-34.2320827443333 18.40032928275,-34.229459234 18.402952793,-34.229459234 18.402952793,-34.2320827443333 18.40032928275,-34.2320827443333</coordinates></LinearRing></outerBoundaryIs></Polygon>
  </Placemark>
  <Placemark>
	<Style><LineStyle><color>ff0000ff</color></LineStyle><PolyStyle><fill>0</fill></PolyStyle></Style>
	<ExtendedData><SchemaData schemaUrl="#jag_id_grid">
		<SimpleData name="env.jag_id">292</SimpleData>
	</SchemaData></ExtendedData>
      <Polygon><outerBoundaryIs><LinearRing><coordinates>18.402952793,-34.2320827443333 18.402952793,-34.229459234 18.40557630325,-34.229459234 18.40557630325,-34.2320827443333 18.402952793,-34.2320827443333</coordinates></LinearRing></outerBoundaryIs></Polygon>
  </Placemark>
  <Placemark>
	<Style><LineStyle><color>ff0000ff</color></LineStyle><PolyStyle><fill>0</fill></PolyStyle></Style>
	<ExtendedData><SchemaData schemaUrl="#jag_id_grid">
		<SimpleData name="env.jag_id">327</SimpleData>
	</SchemaData></ExtendedData>
      <Polygon><outerBoundaryIs><LinearRing><coordinates>18.40557630325,-34.2320827443333 18.40557630325,-34.229459234 18.4081998135,-34.229459234 18.4081998135,-34.2320827443333 18.40557630325,-34.2320827443333</coordinates></LinearRing></outerBoundaryIs></Polygon>
  </Placemark>
  <Placemark>
	<Style><LineStyle><color>ff0000ff</color></LineStyle><PolyStyle><fill>0</fill></PolyStyle></Style>
	<ExtendedData><SchemaData schemaUrl="#jag_id_grid">
		<SimpleData name="env.jag_id">365</SimpleData>
	</SchemaData></ExtendedData>
      <Polygon><outerBoundaryIs><LinearRing><coordinates>18.4081998135,-34.2320827443333 18.4081998135,-34.229459234 18.41082332375,-34.229459234 18.41082332375,-34.2320827443333 18.4081998135,-34.2320827443333</coordinates></LinearRing></outerBoundaryIs></Polygon>
  </Placemark>
  <Placemark>
	<Style><LineStyle><color>ff0000ff</color></LineStyle><PolyStyle><fill>0</fill></PolyStyle></Style>
	<ExtendedData><SchemaData schemaUrl="#jag_id_grid">
		<SimpleData name="env.jag_id">408</SimpleData>
	</SchemaData></ExtendedData>
      <Polygon><outerBoundaryIs><LinearRing><coordinates>18.41082332375,-34.2320827443333 18.41082332375,-34.229459234 18.413446834,-34.229459234 18.413446834,-34.2320827443333 18.41082332375,-34.2320827443333</coordinates></LinearRing></outerBoundaryIs></Polygon>
  </Placemark>
  <Placemark>
	<Style><LineStyle><color>ff0000ff</color></LineStyle><PolyStyle><fill>0</fill></PolyStyle></Style>
	<ExtendedData><SchemaData schemaUrl="#jag_id_grid">
		<SimpleData name="env.jag_id">451</SimpleData>
	</SchemaData></ExtendedData>
      <Polygon><outerBoundaryIs><LinearRing><coordinates>18.413446834,-34.2320827443333 18.413446834,-34.229459234 18.41607034425,-34.229459234 18.41607034425,-34.2320827443333 18.413446834,-34.2320827443333</coordinates></LinearRing></outerBoundaryIs></Polygon>
  </Placemark>
  <Placemark>
	<Style><LineStyle><color>ff0000ff</color></LineStyle><PolyStyle><fill>0</fill></PolyStyle></Style>
	<ExtendedData><SchemaData schemaUrl="#jag_id_grid">
		<SimpleData name="env.jag_id">495</SimpleData>
	</SchemaData></ExtendedData>
      <Polygon><outerBoundaryIs><LinearRing><coordinates>18.41607034425,-34.2320827443333 18.41607034425,-34.229459234 18.4186938545,-34.229459234 18.4186938545,-34.2320827443333 18.41607034425,-34.2320827443333</coordinates></LinearRing></outerBoundaryIs></Polygon>
  </Placemark>
  <Placemark>
	<Style><LineStyle><color>ff0000ff</color></LineStyle><PolyStyle><fill>0</fill></PolyStyle></Style>
	<ExtendedData><SchemaData schemaUrl="#jag_id_grid">
		<SimpleData name="env.jag_id">541</SimpleData>
	</SchemaData></ExtendedData>
      <Polygon><outerBoundaryIs><LinearRing><coordinates>18.4186938545,-34.2320827443333 18.4186938545,-34.229459234 18.42131736475,-34.229459234 18.42131736475,-34.2320827443333 18.4186938545,-34.2320827443333</coordinates></LinearRing></outerBoundaryIs></Polygon>
  </Placemark>
  <Placemark>
	<Style><LineStyle><color>ff0000ff</color></LineStyle><PolyStyle><fill>0</fill></PolyStyle></Style>
	<ExtendedData><SchemaData schemaUrl="#jag_id_grid">
		<SimpleData name="env.jag_id">587</SimpleData>
	</SchemaData></ExtendedData>
      <Polygon><outerBoundaryIs><LinearRing><coordinates>18.42131736475,-34.2320827443333 18.42131736475,-34.229459234 18.423940875,-34.229459234 18.423940875,-34.2320827443333 18.42131736475,-34.2320827443333</coordinates></LinearRing></outerBoundaryIs></Polygon>
  </Placemark>
  <Placemark>
	<Style><LineStyle><color>ff0000ff</color></LineStyle><PolyStyle><fill>0</fill></PolyStyle></Style>
	<ExtendedData><SchemaData schemaUrl="#jag_id_grid">
		<SimpleData name="env.jag_id">632</SimpleData>
	</SchemaData></ExtendedData>
      <Polygon><outerBoundaryIs><LinearRing><coordinates>18.423940875,-34.2320827443333 18.423940875,-34.229459234 18.42656438525,-34.229459234 18.42656438525,-34.2320827443333 18.423940875,-34.2320827443333</coordinates></LinearRing></outerBoundaryIs></Polygon>
  </Placemark>
  <Placemark>
	<Style><LineStyle><color>ff0000ff</color></LineStyle><PolyStyle><fill>0</fill></PolyStyle></Style>
	<ExtendedData><SchemaData schemaUrl="#jag_id_grid">
		<SimpleData name="env.jag_id">676</SimpleData>
	</SchemaData></ExtendedData>
      <Polygon><outerBoundaryIs><LinearRing><coordinates>18.42656438525,-34.2320827443333 18.42656438525,-34.229459234 18.4291878955,-34.229459234 18.4291878955,-34.2320827443333 18.42656438525,-34.2320827443333</coordinates></LinearRing></outerBoundaryIs></Polygon>
  </Placemark>
  <Placemark>
	<Style><LineStyle><color>ff0000ff</color></LineStyle><PolyStyle><fill>0</fill></PolyStyle></Style>
	<ExtendedData><SchemaData schemaUrl="#jag_id_grid">
		<SimpleData name="env.jag_id">720</SimpleData>
	</SchemaData></ExtendedData>
      <Polygon><outerBoundaryIs><LinearRing><coordinates>18.4291878955,-34.2320827443333 18.4291878955,-34.229459234 18.43181140575,-34.229459234 18.43181140575,-34.2320827443333 18.4291878955,-34.2320827443333</coordinates></LinearRing></outerBoundaryIs></Polygon>
  </Placemark>
  <Placemark>
	<Style><LineStyle><color>ff0000ff</color></LineStyle><PolyStyle><fill>0</fill></PolyStyle></Style>
	<ExtendedData><SchemaData schemaUrl="#jag_id_grid">
		<SimpleData name="env.jag_id">1007</SimpleData>
	</SchemaData></ExtendedData>
      <Polygon><outerBoundaryIs><LinearRing><coordinates>18.44755246725,-34.2320827443333 18.44755246725,-34.229459234 18.4501759775,-34.229459234 18.4501759775,-34.2320827443333 18.44755246725,-34.2320827443333</coordinates></LinearRing></outerBoundaryIs></Polygon>
  </Placemark>
  <Placemark>
	<Style><LineStyle><color>ff0000ff</color></LineStyle><PolyStyle><fill>0</fill></PolyStyle></Style>
	<ExtendedData><SchemaData schemaUrl="#jag_id_grid">
		<SimpleData name="env.jag_id">1051</SimpleData>
	</SchemaData></ExtendedData>
      <Polygon><outerBoundaryIs><LinearRing><coordinates>18.4501759775,-34.2320827443333 18.4501759775,-34.229459234 18.45279948775,-34.229459234 18.45279948775,-34.2320827443333 18.4501759775,-34.2320827443333</coordinates></LinearRing></outerBoundaryIs></Polygon>
  </Placemark>
  <Placemark>
	<Style><LineStyle><color>ff0000ff</color></LineStyle><PolyStyle><fill>0</fill></PolyStyle></Style>
	<ExtendedData><SchemaData schemaUrl="#jag_id_grid">
		<SimpleData name="env.jag_id">1092</SimpleData>
	</SchemaData></ExtendedData>
      <Polygon><outerBoundaryIs><LinearRing><coordinates>18.45279948775,-34.2320827443333 18.45279948775,-34.229459234 18.455422998,-34.229459234 18.455422998,-34.2320827443333 18.45279948775,-34.2320827443333</coordinates></LinearRing></outerBoundaryIs></Polygon>
  </Placemark>
  <Placemark>
	<Style><LineStyle><color>ff0000ff</color></LineStyle><PolyStyle><fill>0</fill></PolyStyle></Style>
	<ExtendedData><SchemaData schemaUrl="#jag_id_grid">
		<SimpleData name="env.jag_id">1133</SimpleData>
	</SchemaData></ExtendedData>
      <Polygon><outerBoundaryIs><LinearRing><coordinates>18.455422998,-34.2320827443333 18.455422998,-34.229459234 18.45804650825,-34.229459234 18.45804650825,-34.2320827443333 18.455422998,-34.2320827443333</coordinates></LinearRing></outerBoundaryIs></Polygon>
  </Placemark>
  <Placemark>
	<Style><LineStyle><color>ff0000ff</color></LineStyle><PolyStyle><fill>0</fill></PolyStyle></Style>
	<ExtendedData><SchemaData schemaUrl="#jag_id_grid">
		<SimpleData name="env.jag_id">1176</SimpleData>
	</SchemaData></ExtendedData>
      <Polygon><outerBoundaryIs><LinearRing><coordinates>18.45804650825,-34.2320827443333 18.45804650825,-34.229459234 18.4606700185,-34.229459234 18.4606700185,-34.2320827443333 18.45804650825,-34.2320827443333</coordinates></LinearRing></outerBoundaryIs></Polygon>
  </Placemark>
  <Placemark>
	<Style><LineStyle><color>ff0000ff</color></LineStyle><PolyStyle><fill>0</fill></PolyStyle></Style>
	<ExtendedData><SchemaData schemaUrl="#jag_id_grid">
		<SimpleData name="env.jag_id">1215</SimpleData>
	</SchemaData></ExtendedData>
      <Polygon><outerBoundaryIs><LinearRing><coordinates>18.4606700185,-34.2320827443333 18.4606700185,-34.229459234 18.46329352875,-34.229459234 18.46329352875,-34.2320827443333 18.4606700185,-34.2320827443333</coordinates></LinearRing></outerBoundaryIs></Polygon>
  </Placemark>
  <Placemark>
	<Style><LineStyle><color>ff0000ff</color></LineStyle><PolyStyle><fill>0</fill></PolyStyle></Style>
	<ExtendedData><SchemaData schemaUrl="#jag_id_grid">
		<SimpleData name="env.jag_id">1244</SimpleData>
	</SchemaData></ExtendedData>
      <Polygon><outerBoundaryIs><LinearRing><coordinates>18.46329352875,-34.2320827443333 18.46329352875,-34.229459234 18.465917039,-34.229459234 18.465917039,-34.2320827443333 18.46329352875,-34.2320827443333</coordinates></LinearRing></outerBoundaryIs></Polygon>
  </Placemark>
  <Placemark>
	<Style><LineStyle><color>ff0000ff</color></LineStyle><PolyStyle><fill>0</fill></PolyStyle></Style>
	<ExtendedData><SchemaData schemaUrl="#jag_id_grid">
		<SimpleData name="env.jag_id">1272</SimpleData>
	</SchemaData></ExtendedData>
      <Polygon><outerBoundaryIs><LinearRing><coordinates>18.465917039,-34.2320827443333 18.465917039,-34.229459234 18.46854054925,-34.229459234 18.46854054925,-34.2320827443333 18.465917039,-34.2320827443333</coordinates></LinearRing></outerBoundaryIs></Polygon>
  </Placemark>
  <Placemark>
	<Style><LineStyle><color>ff0000ff</color></LineStyle><PolyStyle><fill>0</fill></PolyStyle></Style>
	<ExtendedData><SchemaData schemaUrl="#jag_id_grid">
		<SimpleData name="env.jag_id">1291</SimpleData>
	</SchemaData></ExtendedData>
      <Polygon><outerBoundaryIs><LinearRing><coordinates>18.46854054925,-34.2320827443333 18.46854054925,-34.229459234 18.4711640595,-34.229459234 18.4711640595,-34.2320827443333 18.46854054925,-34.2320827443333</coordinates></LinearRing></outerBoundaryIs></Polygon>
  </Placemark>
  <Placemark>
	<Style><LineStyle><color>ff0000ff</color></LineStyle><PolyStyle><fill>0</fill></PolyStyle></Style>
	<ExtendedData><SchemaData schemaUrl="#jag_id_grid">
		<SimpleData name="env.jag_id">1304</SimpleData>
	</SchemaData></ExtendedData>
      <Polygon><outerBoundaryIs><LinearRing><coordinates>18.4711640595,-34.2320827443333 18.4711640595,-34.229459234 18.47378756975,-34.229459234 18.47378756975,-34.2320827443333 18.4711640595,-34.2320827443333</coordinates></LinearRing></outerBoundaryIs></Polygon>
  </Placemark>
  <Placemark>
	<Style><LineStyle><color>ff0000ff</color></LineStyle><PolyStyle><fill>0</fill></PolyStyle></Style>
	<ExtendedData><SchemaData schemaUrl="#jag_id_grid">
		<SimpleData name="env.jag_id">30</SimpleData>
	</SchemaData></ExtendedData>
      <Polygon><outerBoundaryIs><LinearRing><coordinates>18.37934120075,-34.2347062546667 18.37934120075,-34.2320827443333 18.381964711,-34.2320827443333 18.381964711,-34.2347062546667 18.37934120075,-34.2347062546667</coordinates></LinearRing></outerBoundaryIs></Polygon>
  </Placemark>
  <Placemark>
	<Style><LineStyle><color>ff0000ff</color></LineStyle><PolyStyle><fill>0</fill></PolyStyle></Style>
	<ExtendedData><SchemaData schemaUrl="#jag_id_grid">
		<SimpleData name="env.jag_id">48</SimpleData>
	</SchemaData></ExtendedData>
      <Polygon><outerBoundaryIs><LinearRing><coordinates>18.381964711,-34.2347062546667 18.381964711,-34.2320827443333 18.38458822125,-34.2320827443333 18.38458822125,-34.2347062546667 18.381964711,-34.2347062546667</coordinates></LinearRing></outerBoundaryIs></Polygon>
  </Placemark>
  <Placemark>
	<Style><LineStyle><color>ff0000ff</color></LineStyle><PolyStyle><fill>0</fill></PolyStyle></Style>
	<ExtendedData><SchemaData schemaUrl="#jag_id_grid">
		<SimpleData name="env.jag_id">74</SimpleData>
	</SchemaData></ExtendedData>
      <Polygon><outerBoundaryIs><LinearRing><coordinates>18.38458822125,-34.2347062546667 18.38458822125,-34.2320827443333 18.3872117315,-34.2320827443333 18.3872117315,-34.2347062546667 18.38458822125,-34.2347062546667</coordinates></LinearRing></outerBoundaryIs></Polygon>
  </Placemark>
  <Placemark>
	<Style><LineStyle><color>ff0000ff</color></LineStyle><PolyStyle><fill>0</fill></PolyStyle></Style>
	<ExtendedData><SchemaData schemaUrl="#jag_id_grid">
		<SimpleData name="env.jag_id">103</SimpleData>
	</SchemaData></ExtendedData>
      <Polygon><outerBoundaryIs><LinearRing><coordinates>18.3872117315,-34.2347062546667 18.3872117315,-34.2320827443333 18.38983524175,-34.2320827443333 18.38983524175,-34.2347062546667 18.3872117315,-34.2347062546667</coordinates></LinearRing></outerBoundaryIs></Polygon>
  </Placemark>
  <Placemark>
	<Style><LineStyle><color>ff0000ff</color></LineStyle><PolyStyle><fill>0</fill></PolyStyle></Style>
	<ExtendedData><SchemaData schemaUrl="#jag_id_grid">
		<SimpleData name="env.jag_id">132</SimpleData>
	</SchemaData></ExtendedData>
      <Polygon><outerBoundaryIs><LinearRing><coordinates>18.38983524175,-34.2347062546667 18.38983524175,-34.2320827443333 18.392458752,-34.2320827443333 18.392458752,-34.2347062546667 18.38983524175,-34.2347062546667</coordinates></LinearRing></outerBoundaryIs></Polygon>
  </Placemark>
  <Placemark>
	<Style><LineStyle><color>ff0000ff</color></LineStyle><PolyStyle><fill>0</fill></PolyStyle></Style>
	<ExtendedData><SchemaData schemaUrl="#jag_id_grid">
		<SimpleData name="env.jag_id">162</SimpleData>
	</SchemaData></ExtendedData>
      <Polygon><outerBoundaryIs><LinearRing><coordinates>18.392458752,-34.2347062546667 18.392458752,-34.2320827443333 18.39508226225,-34.2320827443333 18.39508226225,-34.2347062546667 18.392458752,-34.2347062546667</coordinates></LinearRing></outerBoundaryIs></Polygon>
  </Placemark>
  <Placemark>
	<Style><LineStyle><color>ff0000ff</color></LineStyle><PolyStyle><fill>0</fill></PolyStyle></Style>
	<ExtendedData><SchemaData schemaUrl="#jag_id_grid">
		<SimpleData name="env.jag_id">195</SimpleData>
	</SchemaData></ExtendedData>
      <Polygon><outerBoundaryIs><LinearRing><coordinates>18.39508226225,-34.2347062546667 18.39508226225,-34.2320827443333 18.3977057725,-34.2320827443333 18.3977057725,-34.2347062546667 18.39508226225,-34.2347062546667</coordinates></LinearRing></outerBoundaryIs></Polygon>
  </Placemark>
  <Placemark>
	<Style><LineStyle><color>ff0000ff</color></LineStyle><PolyStyle><fill>0</fill></PolyStyle></Style>
	<ExtendedData><SchemaData schemaUrl="#jag_id_grid">
		<SimpleData name="env.jag_id">228</SimpleData>
	</SchemaData></ExtendedData>
      <Polygon><outerBoundaryIs><LinearRing><coordinates>18.3977057725,-34.2347062546667 18.3977057725,-34.2320827443333 18.40032928275,-34.2320827443333 18.40032928275,-34.2347062546667 18.3977057725,-34.2347062546667</coordinates></LinearRing></outerBoundaryIs></Polygon>
  </Placemark>
  <Placemark>
	<Style><LineStyle><color>ff0000ff</color></LineStyle><PolyStyle><fill>0</fill></PolyStyle></Style>
	<ExtendedData><SchemaData schemaUrl="#jag_id_grid">
		<SimpleData name="env.jag_id">261</SimpleData>
	</SchemaData></ExtendedData>
      <Polygon><outerBoundaryIs><LinearRing><coordinates>18.40032928275,-34.2347062546667 18.40032928275,-34.2320827443333 18.402952793,-34.2320827443333 18.402952793,-34.2347062546667 18.40032928275,-34.2347062546667</coordinates></LinearRing></outerBoundaryIs></Polygon>
  </Placemark>
  <Placemark>
	<Style><LineStyle><color>ff0000ff</color></LineStyle><PolyStyle><fill>0</fill></PolyStyle></Style>
	<ExtendedData><SchemaData schemaUrl="#jag_id_grid">
		<SimpleData name="env.jag_id">293</SimpleData>
	</SchemaData></ExtendedData>
      <Polygon><outerBoundaryIs><LinearRing><coordinates>18.402952793,-34.2347062546667 18.402952793,-34.2320827443333 18.40557630325,-34.2320827443333 18.40557630325,-34.2347062546667 18.402952793,-34.2347062546667</coordinates></LinearRing></outerBoundaryIs></Polygon>
  </Placemark>
  <Placemark>
	<Style><LineStyle><color>ff0000ff</color></LineStyle><PolyStyle><fill>0</fill></PolyStyle></Style>
	<ExtendedData><SchemaData schemaUrl="#jag_id_grid">
		<SimpleData name="env.jag_id">328</SimpleData>
	</SchemaData></ExtendedData>
      <Polygon><outerBoundaryIs><LinearRing><coordinates>18.40557630325,-34.2347062546667 18.40557630325,-34.2320827443333 18.4081998135,-34.2320827443333 18.4081998135,-34.2347062546667 18.40557630325,-34.2347062546667</coordinates></LinearRing></outerBoundaryIs></Polygon>
  </Placemark>
  <Placemark>
	<Style><LineStyle><color>ff0000ff</color></LineStyle><PolyStyle><fill>0</fill></PolyStyle></Style>
	<ExtendedData><SchemaData schemaUrl="#jag_id_grid">
		<SimpleData name="env.jag_id">366</SimpleData>
	</SchemaData></ExtendedData>
      <Polygon><outerBoundaryIs><LinearRing><coordinates>18.4081998135,-34.2347062546667 18.4081998135,-34.2320827443333 18.41082332375,-34.2320827443333 18.41082332375,-34.2347062546667 18.4081998135,-34.2347062546667</coordinates></LinearRing></outerBoundaryIs></Polygon>
  </Placemark>
  <Placemark>
	<Style><LineStyle><color>ff0000ff</color></LineStyle><PolyStyle><fill>0</fill></PolyStyle></Style>
	<ExtendedData><SchemaData schemaUrl="#jag_id_grid">
		<SimpleData name="env.jag_id">409</SimpleData>
	</SchemaData></ExtendedData>
      <Polygon><outerBoundaryIs><LinearRing><coordinates>18.41082332375,-34.2347062546667 18.41082332375,-34.2320827443333 18.413446834,-34.2320827443333 18.413446834,-34.2347062546667 18.41082332375,-34.2347062546667</coordinates></LinearRing></outerBoundaryIs></Polygon>
  </Placemark>
  <Placemark>
	<Style><LineStyle><color>ff0000ff</color></LineStyle><PolyStyle><fill>0</fill></PolyStyle></Style>
	<ExtendedData><SchemaData schemaUrl="#jag_id_grid">
		<SimpleData name="env.jag_id">452</SimpleData>
	</SchemaData></ExtendedData>
      <Polygon><outerBoundaryIs><LinearRing><coordinates>18.413446834,-34.2347062546667 18.413446834,-34.2320827443333 18.41607034425,-34.2320827443333 18.41607034425,-34.2347062546667 18.413446834,-34.2347062546667</coordinates></LinearRing></outerBoundaryIs></Polygon>
  </Placemark>
  <Placemark>
	<Style><LineStyle><color>ff0000ff</color></LineStyle><PolyStyle><fill>0</fill></PolyStyle></Style>
	<ExtendedData><SchemaData schemaUrl="#jag_id_grid">
		<SimpleData name="env.jag_id">496</SimpleData>
	</SchemaData></ExtendedData>
      <Polygon><outerBoundaryIs><LinearRing><coordinates>18.41607034425,-34.2347062546667 18.41607034425,-34.2320827443333 18.4186938545,-34.2320827443333 18.4186938545,-34.2347062546667 18.41607034425,-34.2347062546667</coordinates></LinearRing></outerBoundaryIs></Polygon>
  </Placemark>
  <Placemark>
	<Style><LineStyle><color>ff0000ff</color></LineStyle><PolyStyle><fill>0</fill></PolyStyle></Style>
	<ExtendedData><SchemaData schemaUrl="#jag_id_grid">
		<SimpleData name="env.jag_id">542</SimpleData>
	</SchemaData></ExtendedData>
      <Polygon><outerBoundaryIs><LinearRing><coordinates>18.4186938545,-34.2347062546667 18.4186938545,-34.2320827443333 18.42131736475,-34.2320827443333 18.42131736475,-34.2347062546667 18.4186938545,-34.2347062546667</coordinates></LinearRing></outerBoundaryIs></Polygon>
  </Placemark>
  <Placemark>
	<Style><LineStyle><color>ff0000ff</color></LineStyle><PolyStyle><fill>0</fill></PolyStyle></Style>
	<ExtendedData><SchemaData schemaUrl="#jag_id_grid">
		<SimpleData name="env.jag_id">588</SimpleData>
	</SchemaData></ExtendedData>
      <Polygon><outerBoundaryIs><LinearRing><coordinates>18.42131736475,-34.2347062546667 18.42131736475,-34.2320827443333 18.423940875,-34.2320827443333 18.423940875,-34.2347062546667 18.42131736475,-34.2347062546667</coordinates></LinearRing></outerBoundaryIs></Polygon>
  </Placemark>
  <Placemark>
	<Style><LineStyle><color>ff0000ff</color></LineStyle><PolyStyle><fill>0</fill></PolyStyle></Style>
	<ExtendedData><SchemaData schemaUrl="#jag_id_grid">
		<SimpleData name="env.jag_id">633</SimpleData>
	</SchemaData></ExtendedData>
      <Polygon><outerBoundaryIs><LinearRing><coordinates>18.423940875,-34.2347062546667 18.423940875,-34.2320827443333 18.42656438525,-34.2320827443333 18.42656438525,-34.2347062546667 18.423940875,-34.2347062546667</coordinates></LinearRing></outerBoundaryIs></Polygon>
  </Placemark>
  <Placemark>
	<Style><LineStyle><color>ff0000ff</color></LineStyle><PolyStyle><fill>0</fill></PolyStyle></Style>
	<ExtendedData><SchemaData schemaUrl="#jag_id_grid">
		<SimpleData name="env.jag_id">677</SimpleData>
	</SchemaData></ExtendedData>
      <Polygon><outerBoundaryIs><LinearRing><coordinates>18.42656438525,-34.2347062546667 18.42656438525,-34.2320827443333 18.4291878955,-34.2320827443333 18.4291878955,-34.2347062546667 18.42656438525,-34.2347062546667</coordinates></LinearRing></outerBoundaryIs></Polygon>
  </Placemark>
  <Placemark>
	<Style><LineStyle><color>ff0000ff</color></LineStyle><PolyStyle><fill>0</fill></PolyStyle></Style>
	<ExtendedData><SchemaData schemaUrl="#jag_id_grid">
		<SimpleData name="env.jag_id">721</SimpleData>
	</SchemaData></ExtendedData>
      <Polygon><outerBoundaryIs><LinearRing><coordinates>18.4291878955,-34.2347062546667 18.4291878955,-34.2320827443333 18.43181140575,-34.2320827443333 18.43181140575,-34.2347062546667 18.4291878955,-34.2347062546667</coordinates></LinearRing></outerBoundaryIs></Polygon>
  </Placemark>
  <Placemark>
	<Style><LineStyle><color>ff0000ff</color></LineStyle><PolyStyle><fill>0</fill></PolyStyle></Style>
	<ExtendedData><SchemaData schemaUrl="#jag_id_grid">
		<SimpleData name="env.jag_id">966</SimpleData>
	</SchemaData></ExtendedData>
      <Polygon><outerBoundaryIs><LinearRing><coordinates>18.444928957,-34.2347062546667 18.444928957,-34.2320827443333 18.44755246725,-34.2320827443333 18.44755246725,-34.2347062546667 18.444928957,-34.2347062546667</coordinates></LinearRing></outerBoundaryIs></Polygon>
  </Placemark>
  <Placemark>
	<Style><LineStyle><color>ff0000ff</color></LineStyle><PolyStyle><fill>0</fill></PolyStyle></Style>
	<ExtendedData><SchemaData schemaUrl="#jag_id_grid">
		<SimpleData name="env.jag_id">1008</SimpleData>
	</SchemaData></ExtendedData>
      <Polygon><outerBoundaryIs><LinearRing><coordinates>18.44755246725,-34.2347062546667 18.44755246725,-34.2320827443333 18.4501759775,-34.2320827443333 18.4501759775,-34.2347062546667 18.44755246725,-34.2347062546667</coordinates></LinearRing></outerBoundaryIs></Polygon>
  </Placemark>
  <Placemark>
	<Style><LineStyle><color>ff0000ff</color></LineStyle><PolyStyle><fill>0</fill></PolyStyle></Style>
	<ExtendedData><SchemaData schemaUrl="#jag_id_grid">
		<SimpleData name="env.jag_id">1052</SimpleData>
	</SchemaData></ExtendedData>
      <Polygon><outerBoundaryIs><LinearRing><coordinates>18.4501759775,-34.2347062546667 18.4501759775,-34.2320827443333 18.45279948775,-34.2320827443333 18.45279948775,-34.2347062546667 18.4501759775,-34.2347062546667</coordinates></LinearRing></outerBoundaryIs></Polygon>
  </Placemark>
  <Placemark>
	<Style><LineStyle><color>ff0000ff</color></LineStyle><PolyStyle><fill>0</fill></PolyStyle></Style>
	<ExtendedData><SchemaData schemaUrl="#jag_id_grid">
		<SimpleData name="env.jag_id">1093</SimpleData>
	</SchemaData></ExtendedData>
      <Polygon><outerBoundaryIs><LinearRing><coordinates>18.45279948775,-34.2347062546667 18.45279948775,-34.2320827443333 18.455422998,-34.2320827443333 18.455422998,-34.2347062546667 18.45279948775,-34.2347062546667</coordinates></LinearRing></outerBoundaryIs></Polygon>
  </Placemark>
  <Placemark>
	<Style><LineStyle><color>ff0000ff</color></LineStyle><PolyStyle><fill>0</fill></PolyStyle></Style>
	<ExtendedData><SchemaData schemaUrl="#jag_id_grid">
		<SimpleData name="env.jag_id">1134</SimpleData>
	</SchemaData></ExtendedData>
      <Polygon><outerBoundaryIs><LinearRing><coordinates>18.455422998,-34.2347062546667 18.455422998,-34.2320827443333 18.45804650825,-34.2320827443333 18.45804650825,-34.2347062546667 18.455422998,-34.2347062546667</coordinates></LinearRing></outerBoundaryIs></Polygon>
  </Placemark>
  <Placemark>
	<Style><LineStyle><color>ff0000ff</color></LineStyle><PolyStyle><fill>0</fill></PolyStyle></Style>
	<ExtendedData><SchemaData schemaUrl="#jag_id_grid">
		<SimpleData name="env.jag_id">1177</SimpleData>
	</SchemaData></ExtendedData>
      <Polygon><outerBoundaryIs><LinearRing><coordinates>18.45804650825,-34.2347062546667 18.45804650825,-34.2320827443333 18.4606700185,-34.2320827443333 18.4606700185,-34.2347062546667 18.45804650825,-34.2347062546667</coordinates></LinearRing></outerBoundaryIs></Polygon>
  </Placemark>
  <Placemark>
	<Style><LineStyle><color>ff0000ff</color></LineStyle><PolyStyle><fill>0</fill></PolyStyle></Style>
	<ExtendedData><SchemaData schemaUrl="#jag_id_grid">
		<SimpleData name="env.jag_id">1216</SimpleData>
	</SchemaData></ExtendedData>
      <Polygon><outerBoundaryIs><LinearRing><coordinates>18.4606700185,-34.2347062546667 18.4606700185,-34.2320827443333 18.46329352875,-34.2320827443333 18.46329352875,-34.2347062546667 18.4606700185,-34.2347062546667</coordinates></LinearRing></outerBoundaryIs></Polygon>
  </Placemark>
  <Placemark>
	<Style><LineStyle><color>ff0000ff</color></LineStyle><PolyStyle><fill>0</fill></PolyStyle></Style>
	<ExtendedData><SchemaData schemaUrl="#jag_id_grid">
		<SimpleData name="env.jag_id">1245</SimpleData>
	</SchemaData></ExtendedData>
      <Polygon><outerBoundaryIs><LinearRing><coordinates>18.46329352875,-34.2347062546667 18.46329352875,-34.2320827443333 18.465917039,-34.2320827443333 18.465917039,-34.2347062546667 18.46329352875,-34.2347062546667</coordinates></LinearRing></outerBoundaryIs></Polygon>
  </Placemark>
  <Placemark>
	<Style><LineStyle><color>ff0000ff</color></LineStyle><PolyStyle><fill>0</fill></PolyStyle></Style>
	<ExtendedData><SchemaData schemaUrl="#jag_id_grid">
		<SimpleData name="env.jag_id">1273</SimpleData>
	</SchemaData></ExtendedData>
      <Polygon><outerBoundaryIs><LinearRing><coordinates>18.465917039,-34.2347062546667 18.465917039,-34.2320827443333 18.46854054925,-34.2320827443333 18.46854054925,-34.2347062546667 18.465917039,-34.2347062546667</coordinates></LinearRing></outerBoundaryIs></Polygon>
  </Placemark>
  <Placemark>
	<Style><LineStyle><color>ff0000ff</color></LineStyle><PolyStyle><fill>0</fill></PolyStyle></Style>
	<ExtendedData><SchemaData schemaUrl="#jag_id_grid">
		<SimpleData name="env.jag_id">1292</SimpleData>
	</SchemaData></ExtendedData>
      <Polygon><outerBoundaryIs><LinearRing><coordinates>18.46854054925,-34.2347062546667 18.46854054925,-34.2320827443333 18.4711640595,-34.2320827443333 18.4711640595,-34.2347062546667 18.46854054925,-34.2347062546667</coordinates></LinearRing></outerBoundaryIs></Polygon>
  </Placemark>
  <Placemark>
	<Style><LineStyle><color>ff0000ff</color></LineStyle><PolyStyle><fill>0</fill></PolyStyle></Style>
	<ExtendedData><SchemaData schemaUrl="#jag_id_grid">
		<SimpleData name="env.jag_id">1305</SimpleData>
	</SchemaData></ExtendedData>
      <Polygon><outerBoundaryIs><LinearRing><coordinates>18.4711640595,-34.2347062546667 18.4711640595,-34.2320827443333 18.47378756975,-34.2320827443333 18.47378756975,-34.2347062546667 18.4711640595,-34.2347062546667</coordinates></LinearRing></outerBoundaryIs></Polygon>
  </Placemark>
  <Placemark>
	<Style><LineStyle><color>ff0000ff</color></LineStyle><PolyStyle><fill>0</fill></PolyStyle></Style>
	<ExtendedData><SchemaData schemaUrl="#jag_id_grid">
		<SimpleData name="env.jag_id">31</SimpleData>
	</SchemaData></ExtendedData>
      <Polygon><outerBoundaryIs><LinearRing><coordinates>18.37934120075,-34.237329765 18.37934120075,-34.2347062546667 18.381964711,-34.2347062546667 18.381964711,-34.237329765 18.37934120075,-34.237329765</coordinates></LinearRing></outerBoundaryIs></Polygon>
  </Placemark>
  <Placemark>
	<Style><LineStyle><color>ff0000ff</color></LineStyle><PolyStyle><fill>0</fill></PolyStyle></Style>
	<ExtendedData><SchemaData schemaUrl="#jag_id_grid">
		<SimpleData name="env.jag_id">49</SimpleData>
	</SchemaData></ExtendedData>
      <Polygon><outerBoundaryIs><LinearRing><coordinates>18.381964711,-34.237329765 18.381964711,-34.2347062546667 18.38458822125,-34.2347062546667 18.38458822125,-34.237329765 18.381964711,-34.237329765</coordinates></LinearRing></outerBoundaryIs></Polygon>
  </Placemark>
  <Placemark>
	<Style><LineStyle><color>ff0000ff</color></LineStyle><PolyStyle><fill>0</fill></PolyStyle></Style>
	<ExtendedData><SchemaData schemaUrl="#jag_id_grid">
		<SimpleData name="env.jag_id">75</SimpleData>
	</SchemaData></ExtendedData>
      <Polygon><outerBoundaryIs><LinearRing><coordinates>18.38458822125,-34.237329765 18.38458822125,-34.2347062546667 18.3872117315,-34.2347062546667 18.3872117315,-34.237329765 18.38458822125,-34.237329765</coordinates></LinearRing></outerBoundaryIs></Polygon>
  </Placemark>
  <Placemark>
	<Style><LineStyle><color>ff0000ff</color></LineStyle><PolyStyle><fill>0</fill></PolyStyle></Style>
	<ExtendedData><SchemaData schemaUrl="#jag_id_grid">
		<SimpleData name="env.jag_id">104</SimpleData>
	</SchemaData></ExtendedData>
      <Polygon><outerBoundaryIs><LinearRing><coordinates>18.3872117315,-34.237329765 18.3872117315,-34.2347062546667 18.38983524175,-34.2347062546667 18.38983524175,-34.237329765 18.3872117315,-34.237329765</coordinates></LinearRing></outerBoundaryIs></Polygon>
  </Placemark>
  <Placemark>
	<Style><LineStyle><color>ff0000ff</color></LineStyle><PolyStyle><fill>0</fill></PolyStyle></Style>
	<ExtendedData><SchemaData schemaUrl="#jag_id_grid">
		<SimpleData name="env.jag_id">133</SimpleData>
	</SchemaData></ExtendedData>
      <Polygon><outerBoundaryIs><LinearRing><coordinates>18.38983524175,-34.237329765 18.38983524175,-34.2347062546667 18.392458752,-34.2347062546667 18.392458752,-34.237329765 18.38983524175,-34.237329765</coordinates></LinearRing></outerBoundaryIs></Polygon>
  </Placemark>
  <Placemark>
	<Style><LineStyle><color>ff0000ff</color></LineStyle><PolyStyle><fill>0</fill></PolyStyle></Style>
	<ExtendedData><SchemaData schemaUrl="#jag_id_grid">
		<SimpleData name="env.jag_id">163</SimpleData>
	</SchemaData></ExtendedData>
      <Polygon><outerBoundaryIs><LinearRing><coordinates>18.392458752,-34.237329765 18.392458752,-34.2347062546667 18.39508226225,-34.2347062546667 18.39508226225,-34.237329765 18.392458752,-34.237329765</coordinates></LinearRing></outerBoundaryIs></Polygon>
  </Placemark>
  <Placemark>
	<Style><LineStyle><color>ff0000ff</color></LineStyle><PolyStyle><fill>0</fill></PolyStyle></Style>
	<ExtendedData><SchemaData schemaUrl="#jag_id_grid">
		<SimpleData name="env.jag_id">196</SimpleData>
	</SchemaData></ExtendedData>
      <Polygon><outerBoundaryIs><LinearRing><coordinates>18.39508226225,-34.237329765 18.39508226225,-34.2347062546667 18.3977057725,-34.2347062546667 18.3977057725,-34.237329765 18.39508226225,-34.237329765</coordinates></LinearRing></outerBoundaryIs></Polygon>
  </Placemark>
  <Placemark>
	<Style><LineStyle><color>ff0000ff</color></LineStyle><PolyStyle><fill>0</fill></PolyStyle></Style>
	<ExtendedData><SchemaData schemaUrl="#jag_id_grid">
		<SimpleData name="env.jag_id">229</SimpleData>
	</SchemaData></ExtendedData>
      <Polygon><outerBoundaryIs><LinearRing><coordinates>18.3977057725,-34.237329765 18.3977057725,-34.2347062546667 18.40032928275,-34.2347062546667 18.40032928275,-34.237329765 18.3977057725,-34.237329765</coordinates></LinearRing></outerBoundaryIs></Polygon>
  </Placemark>
  <Placemark>
	<Style><LineStyle><color>ff0000ff</color></LineStyle><PolyStyle><fill>0</fill></PolyStyle></Style>
	<ExtendedData><SchemaData schemaUrl="#jag_id_grid">
		<SimpleData name="env.jag_id">262</SimpleData>
	</SchemaData></ExtendedData>
      <Polygon><outerBoundaryIs><LinearRing><coordinates>18.40032928275,-34.237329765 18.40032928275,-34.2347062546667 18.402952793,-34.2347062546667 18.402952793,-34.237329765 18.40032928275,-34.237329765</coordinates></LinearRing></outerBoundaryIs></Polygon>
  </Placemark>
  <Placemark>
	<Style><LineStyle><color>ff0000ff</color></LineStyle><PolyStyle><fill>0</fill></PolyStyle></Style>
	<ExtendedData><SchemaData schemaUrl="#jag_id_grid">
		<SimpleData name="env.jag_id">294</SimpleData>
	</SchemaData></ExtendedData>
      <Polygon><outerBoundaryIs><LinearRing><coordinates>18.402952793,-34.237329765 18.402952793,-34.2347062546667 18.40557630325,-34.2347062546667 18.40557630325,-34.237329765 18.402952793,-34.237329765</coordinates></LinearRing></outerBoundaryIs></Polygon>
  </Placemark>
  <Placemark>
	<Style><LineStyle><color>ff0000ff</color></LineStyle><PolyStyle><fill>0</fill></PolyStyle></Style>
	<ExtendedData><SchemaData schemaUrl="#jag_id_grid">
		<SimpleData name="env.jag_id">329</SimpleData>
	</SchemaData></ExtendedData>
      <Polygon><outerBoundaryIs><LinearRing><coordinates>18.40557630325,-34.237329765 18.40557630325,-34.2347062546667 18.4081998135,-34.2347062546667 18.4081998135,-34.237329765 18.40557630325,-34.237329765</coordinates></LinearRing></outerBoundaryIs></Polygon>
  </Placemark>
  <Placemark>
	<Style><LineStyle><color>ff0000ff</color></LineStyle><PolyStyle><fill>0</fill></PolyStyle></Style>
	<ExtendedData><SchemaData schemaUrl="#jag_id_grid">
		<SimpleData name="env.jag_id">367</SimpleData>
	</SchemaData></ExtendedData>
      <Polygon><outerBoundaryIs><LinearRing><coordinates>18.4081998135,-34.237329765 18.4081998135,-34.2347062546667 18.41082332375,-34.2347062546667 18.41082332375,-34.237329765 18.4081998135,-34.237329765</coordinates></LinearRing></outerBoundaryIs></Polygon>
  </Placemark>
  <Placemark>
	<Style><LineStyle><color>ff0000ff</color></LineStyle><PolyStyle><fill>0</fill></PolyStyle></Style>
	<ExtendedData><SchemaData schemaUrl="#jag_id_grid">
		<SimpleData name="env.jag_id">410</SimpleData>
	</SchemaData></ExtendedData>
      <Polygon><outerBoundaryIs><LinearRing><coordinates>18.41082332375,-34.237329765 18.41082332375,-34.2347062546667 18.413446834,-34.2347062546667 18.413446834,-34.237329765 18.41082332375,-34.237329765</coordinates></LinearRing></outerBoundaryIs></Polygon>
  </Placemark>
  <Placemark>
	<Style><LineStyle><color>ff0000ff</color></LineStyle><PolyStyle><fill>0</fill></PolyStyle></Style>
	<ExtendedData><SchemaData schemaUrl="#jag_id_grid">
		<SimpleData name="env.jag_id">453</SimpleData>
	</SchemaData></ExtendedData>
      <Polygon><outerBoundaryIs><LinearRing><coordinates>18.413446834,-34.237329765 18.413446834,-34.2347062546667 18.41607034425,-34.2347062546667 18.41607034425,-34.237329765 18.413446834,-34.237329765</coordinates></LinearRing></outerBoundaryIs></Polygon>
  </Placemark>
  <Placemark>
	<Style><LineStyle><color>ff0000ff</color></LineStyle><PolyStyle><fill>0</fill></PolyStyle></Style>
	<ExtendedData><SchemaData schemaUrl="#jag_id_grid">
		<SimpleData name="env.jag_id">497</SimpleData>
	</SchemaData></ExtendedData>
      <Polygon><outerBoundaryIs><LinearRing><coordinates>18.41607034425,-34.237329765 18.41607034425,-34.2347062546667 18.4186938545,-34.2347062546667 18.4186938545,-34.237329765 18.41607034425,-34.237329765</coordinates></LinearRing></outerBoundaryIs></Polygon>
  </Placemark>
  <Placemark>
	<Style><LineStyle><color>ff0000ff</color></LineStyle><PolyStyle><fill>0</fill></PolyStyle></Style>
	<ExtendedData><SchemaData schemaUrl="#jag_id_grid">
		<SimpleData name="env.jag_id">543</SimpleData>
	</SchemaData></ExtendedData>
      <Polygon><outerBoundaryIs><LinearRing><coordinates>18.4186938545,-34.237329765 18.4186938545,-34.2347062546667 18.42131736475,-34.2347062546667 18.42131736475,-34.237329765 18.4186938545,-34.237329765</coordinates></LinearRing></outerBoundaryIs></Polygon>
  </Placemark>
  <Placemark>
	<Style><LineStyle><color>ff0000ff</color></LineStyle><PolyStyle><fill>0</fill></PolyStyle></Style>
	<ExtendedData><SchemaData schemaUrl="#jag_id_grid">
		<SimpleData name="env.jag_id">589</SimpleData>
	</SchemaData></ExtendedData>
      <Polygon><outerBoundaryIs><LinearRing><coordinates>18.42131736475,-34.237329765 18.42131736475,-34.2347062546667 18.423940875,-34.2347062546667 18.423940875,-34.237329765 18.42131736475,-34.237329765</coordinates></LinearRing></outerBoundaryIs></Polygon>
  </Placemark>
  <Placemark>
	<Style><LineStyle><color>ff0000ff</color></LineStyle><PolyStyle><fill>0</fill></PolyStyle></Style>
	<ExtendedData><SchemaData schemaUrl="#jag_id_grid">
		<SimpleData name="env.jag_id">634</SimpleData>
	</SchemaData></ExtendedData>
      <Polygon><outerBoundaryIs><LinearRing><coordinates>18.423940875,-34.237329765 18.423940875,-34.2347062546667 18.42656438525,-34.2347062546667 18.42656438525,-34.237329765 18.423940875,-34.237329765</coordinates></LinearRing></outerBoundaryIs></Polygon>
  </Placemark>
  <Placemark>
	<Style><LineStyle><color>ff0000ff</color></LineStyle><PolyStyle><fill>0</fill></PolyStyle></Style>
	<ExtendedData><SchemaData schemaUrl="#jag_id_grid">
		<SimpleData name="env.jag_id">678</SimpleData>
	</SchemaData></ExtendedData>
      <Polygon><outerBoundaryIs><LinearRing><coordinates>18.42656438525,-34.237329765 18.42656438525,-34.2347062546667 18.4291878955,-34.2347062546667 18.4291878955,-34.237329765 18.42656438525,-34.237329765</coordinates></LinearRing></outerBoundaryIs></Polygon>
  </Placemark>
  <Placemark>
	<Style><LineStyle><color>ff0000ff</color></LineStyle><PolyStyle><fill>0</fill></PolyStyle></Style>
	<ExtendedData><SchemaData schemaUrl="#jag_id_grid">
		<SimpleData name="env.jag_id">722</SimpleData>
	</SchemaData></ExtendedData>
      <Polygon><outerBoundaryIs><LinearRing><coordinates>18.4291878955,-34.237329765 18.4291878955,-34.2347062546667 18.43181140575,-34.2347062546667 18.43181140575,-34.237329765 18.4291878955,-34.237329765</coordinates></LinearRing></outerBoundaryIs></Polygon>
  </Placemark>
  <Placemark>
	<Style><LineStyle><color>ff0000ff</color></LineStyle><PolyStyle><fill>0</fill></PolyStyle></Style>
	<ExtendedData><SchemaData schemaUrl="#jag_id_grid">
		<SimpleData name="env.jag_id">1009</SimpleData>
	</SchemaData></ExtendedData>
      <Polygon><outerBoundaryIs><LinearRing><coordinates>18.44755246725,-34.237329765 18.44755246725,-34.2347062546667 18.4501759775,-34.2347062546667 18.4501759775,-34.237329765 18.44755246725,-34.237329765</coordinates></LinearRing></outerBoundaryIs></Polygon>
  </Placemark>
  <Placemark>
	<Style><LineStyle><color>ff0000ff</color></LineStyle><PolyStyle><fill>0</fill></PolyStyle></Style>
	<ExtendedData><SchemaData schemaUrl="#jag_id_grid">
		<SimpleData name="env.jag_id">1053</SimpleData>
	</SchemaData></ExtendedData>
      <Polygon><outerBoundaryIs><LinearRing><coordinates>18.4501759775,-34.237329765 18.4501759775,-34.2347062546667 18.45279948775,-34.2347062546667 18.45279948775,-34.237329765 18.4501759775,-34.237329765</coordinates></LinearRing></outerBoundaryIs></Polygon>
  </Placemark>
  <Placemark>
	<Style><LineStyle><color>ff0000ff</color></LineStyle><PolyStyle><fill>0</fill></PolyStyle></Style>
	<ExtendedData><SchemaData schemaUrl="#jag_id_grid">
		<SimpleData name="env.jag_id">1094</SimpleData>
	</SchemaData></ExtendedData>
      <Polygon><outerBoundaryIs><LinearRing><coordinates>18.45279948775,-34.237329765 18.45279948775,-34.2347062546667 18.455422998,-34.2347062546667 18.455422998,-34.237329765 18.45279948775,-34.237329765</coordinates></LinearRing></outerBoundaryIs></Polygon>
  </Placemark>
  <Placemark>
	<Style><LineStyle><color>ff0000ff</color></LineStyle><PolyStyle><fill>0</fill></PolyStyle></Style>
	<ExtendedData><SchemaData schemaUrl="#jag_id_grid">
		<SimpleData name="env.jag_id">1135</SimpleData>
	</SchemaData></ExtendedData>
      <Polygon><outerBoundaryIs><LinearRing><coordinates>18.455422998,-34.237329765 18.455422998,-34.2347062546667 18.45804650825,-34.2347062546667 18.45804650825,-34.237329765 18.455422998,-34.237329765</coordinates></LinearRing></outerBoundaryIs></Polygon>
  </Placemark>
  <Placemark>
	<Style><LineStyle><color>ff0000ff</color></LineStyle><PolyStyle><fill>0</fill></PolyStyle></Style>
	<ExtendedData><SchemaData schemaUrl="#jag_id_grid">
		<SimpleData name="env.jag_id">1178</SimpleData>
	</SchemaData></ExtendedData>
      <Polygon><outerBoundaryIs><LinearRing><coordinates>18.45804650825,-34.237329765 18.45804650825,-34.2347062546667 18.4606700185,-34.2347062546667 18.4606700185,-34.237329765 18.45804650825,-34.237329765</coordinates></LinearRing></outerBoundaryIs></Polygon>
  </Placemark>
  <Placemark>
	<Style><LineStyle><color>ff0000ff</color></LineStyle><PolyStyle><fill>0</fill></PolyStyle></Style>
	<ExtendedData><SchemaData schemaUrl="#jag_id_grid">
		<SimpleData name="env.jag_id">1217</SimpleData>
	</SchemaData></ExtendedData>
      <Polygon><outerBoundaryIs><LinearRing><coordinates>18.4606700185,-34.237329765 18.4606700185,-34.2347062546667 18.46329352875,-34.2347062546667 18.46329352875,-34.237329765 18.4606700185,-34.237329765</coordinates></LinearRing></outerBoundaryIs></Polygon>
  </Placemark>
  <Placemark>
	<Style><LineStyle><color>ff0000ff</color></LineStyle><PolyStyle><fill>0</fill></PolyStyle></Style>
	<ExtendedData><SchemaData schemaUrl="#jag_id_grid">
		<SimpleData name="env.jag_id">1246</SimpleData>
	</SchemaData></ExtendedData>
      <Polygon><outerBoundaryIs><LinearRing><coordinates>18.46329352875,-34.237329765 18.46329352875,-34.2347062546667 18.465917039,-34.2347062546667 18.465917039,-34.237329765 18.46329352875,-34.237329765</coordinates></LinearRing></outerBoundaryIs></Polygon>
  </Placemark>
  <Placemark>
	<Style><LineStyle><color>ff0000ff</color></LineStyle><PolyStyle><fill>0</fill></PolyStyle></Style>
	<ExtendedData><SchemaData schemaUrl="#jag_id_grid">
		<SimpleData name="env.jag_id">1274</SimpleData>
	</SchemaData></ExtendedData>
      <Polygon><outerBoundaryIs><LinearRing><coordinates>18.465917039,-34.237329765 18.465917039,-34.2347062546667 18.46854054925,-34.2347062546667 18.46854054925,-34.237329765 18.465917039,-34.237329765</coordinates></LinearRing></outerBoundaryIs></Polygon>
  </Placemark>
  <Placemark>
	<Style><LineStyle><color>ff0000ff</color></LineStyle><PolyStyle><fill>0</fill></PolyStyle></Style>
	<ExtendedData><SchemaData schemaUrl="#jag_id_grid">
		<SimpleData name="env.jag_id">1293</SimpleData>
	</SchemaData></ExtendedData>
      <Polygon><outerBoundaryIs><LinearRing><coordinates>18.46854054925,-34.237329765 18.46854054925,-34.2347062546667 18.4711640595,-34.2347062546667 18.4711640595,-34.237329765 18.46854054925,-34.237329765</coordinates></LinearRing></outerBoundaryIs></Polygon>
  </Placemark>
  <Placemark>
	<Style><LineStyle><color>ff0000ff</color></LineStyle><PolyStyle><fill>0</fill></PolyStyle></Style>
	<ExtendedData><SchemaData schemaUrl="#jag_id_grid">
		<SimpleData name="env.jag_id">1306</SimpleData>
	</SchemaData></ExtendedData>
      <Polygon><outerBoundaryIs><LinearRing><coordinates>18.4711640595,-34.237329765 18.4711640595,-34.2347062546667 18.47378756975,-34.2347062546667 18.47378756975,-34.237329765 18.4711640595,-34.237329765</coordinates></LinearRing></outerBoundaryIs></Polygon>
  </Placemark>
  <Placemark>
	<Style><LineStyle><color>ff0000ff</color></LineStyle><PolyStyle><fill>0</fill></PolyStyle></Style>
	<ExtendedData><SchemaData schemaUrl="#jag_id_grid">
		<SimpleData name="env.jag_id">18</SimpleData>
	</SchemaData></ExtendedData>
      <Polygon><outerBoundaryIs><LinearRing><coordinates>18.3767176905,-34.2399532753333 18.3767176905,-34.237329765 18.37934120075,-34.237329765 18.37934120075,-34.2399532753333 18.3767176905,-34.2399532753333</coordinates></LinearRing></outerBoundaryIs></Polygon>
  </Placemark>
  <Placemark>
	<Style><LineStyle><color>ff0000ff</color></LineStyle><PolyStyle><fill>0</fill></PolyStyle></Style>
	<ExtendedData><SchemaData schemaUrl="#jag_id_grid">
		<SimpleData name="env.jag_id">32</SimpleData>
	</SchemaData></ExtendedData>
      <Polygon><outerBoundaryIs><LinearRing><coordinates>18.37934120075,-34.2399532753333 18.37934120075,-34.237329765 18.381964711,-34.237329765 18.381964711,-34.2399532753333 18.37934120075,-34.2399532753333</coordinates></LinearRing></outerBoundaryIs></Polygon>
  </Placemark>
  <Placemark>
	<Style><LineStyle><color>ff0000ff</color></LineStyle><PolyStyle><fill>0</fill></PolyStyle></Style>
	<ExtendedData><SchemaData schemaUrl="#jag_id_grid">
		<SimpleData name="env.jag_id">50</SimpleData>
	</SchemaData></ExtendedData>
      <Polygon><outerBoundaryIs><LinearRing><coordinates>18.381964711,-34.2399532753333 18.381964711,-34.237329765 18.38458822125,-34.237329765 18.38458822125,-34.2399532753333 18.381964711,-34.2399532753333</coordinates></LinearRing></outerBoundaryIs></Polygon>
  </Placemark>
  <Placemark>
	<Style><LineStyle><color>ff0000ff</color></LineStyle><PolyStyle><fill>0</fill></PolyStyle></Style>
	<ExtendedData><SchemaData schemaUrl="#jag_id_grid">
		<SimpleData name="env.jag_id">76</SimpleData>
	</SchemaData></ExtendedData>
      <Polygon><outerBoundaryIs><LinearRing><coordinates>18.38458822125,-34.2399532753333 18.38458822125,-34.237329765 18.3872117315,-34.237329765 18.3872117315,-34.2399532753333 18.38458822125,-34.2399532753333</coordinates></LinearRing></outerBoundaryIs></Polygon>
  </Placemark>
  <Placemark>
	<Style><LineStyle><color>ff0000ff</color></LineStyle><PolyStyle><fill>0</fill></PolyStyle></Style>
	<ExtendedData><SchemaData schemaUrl="#jag_id_grid">
		<SimpleData name="env.jag_id">105</SimpleData>
	</SchemaData></ExtendedData>
      <Polygon><outerBoundaryIs><LinearRing><coordinates>18.3872117315,-34.2399532753333 18.3872117315,-34.237329765 18.38983524175,-34.237329765 18.38983524175,-34.2399532753333 18.3872117315,-34.2399532753333</coordinates></LinearRing></outerBoundaryIs></Polygon>
  </Placemark>
  <Placemark>
	<Style><LineStyle><color>ff0000ff</color></LineStyle><PolyStyle><fill>0</fill></PolyStyle></Style>
	<ExtendedData><SchemaData schemaUrl="#jag_id_grid">
		<SimpleData name="env.jag_id">134</SimpleData>
	</SchemaData></ExtendedData>
      <Polygon><outerBoundaryIs><LinearRing><coordinates>18.38983524175,-34.2399532753333 18.38983524175,-34.237329765 18.392458752,-34.237329765 18.392458752,-34.2399532753333 18.38983524175,-34.2399532753333</coordinates></LinearRing></outerBoundaryIs></Polygon>
  </Placemark>
  <Placemark>
	<Style><LineStyle><color>ff0000ff</color></LineStyle><PolyStyle><fill>0</fill></PolyStyle></Style>
	<ExtendedData><SchemaData schemaUrl="#jag_id_grid">
		<SimpleData name="env.jag_id">164</SimpleData>
	</SchemaData></ExtendedData>
      <Polygon><outerBoundaryIs><LinearRing><coordinates>18.392458752,-34.2399532753333 18.392458752,-34.237329765 18.39508226225,-34.237329765 18.39508226225,-34.2399532753333 18.392458752,-34.2399532753333</coordinates></LinearRing></outerBoundaryIs></Polygon>
  </Placemark>
  <Placemark>
	<Style><LineStyle><color>ff0000ff</color></LineStyle><PolyStyle><fill>0</fill></PolyStyle></Style>
	<ExtendedData><SchemaData schemaUrl="#jag_id_grid">
		<SimpleData name="env.jag_id">197</SimpleData>
	</SchemaData></ExtendedData>
      <Polygon><outerBoundaryIs><LinearRing><coordinates>18.39508226225,-34.2399532753333 18.39508226225,-34.237329765 18.3977057725,-34.237329765 18.3977057725,-34.2399532753333 18.39508226225,-34.2399532753333</coordinates></LinearRing></outerBoundaryIs></Polygon>
  </Placemark>
  <Placemark>
	<Style><LineStyle><color>ff0000ff</color></LineStyle><PolyStyle><fill>0</fill></PolyStyle></Style>
	<ExtendedData><SchemaData schemaUrl="#jag_id_grid">
		<SimpleData name="env.jag_id">230</SimpleData>
	</SchemaData></ExtendedData>
      <Polygon><outerBoundaryIs><LinearRing><coordinates>18.3977057725,-34.2399532753333 18.3977057725,-34.237329765 18.40032928275,-34.237329765 18.40032928275,-34.2399532753333 18.3977057725,-34.2399532753333</coordinates></LinearRing></outerBoundaryIs></Polygon>
  </Placemark>
  <Placemark>
	<Style><LineStyle><color>ff0000ff</color></LineStyle><PolyStyle><fill>0</fill></PolyStyle></Style>
	<ExtendedData><SchemaData schemaUrl="#jag_id_grid">
		<SimpleData name="env.jag_id">263</SimpleData>
	</SchemaData></ExtendedData>
      <Polygon><outerBoundaryIs><LinearRing><coordinates>18.40032928275,-34.2399532753333 18.40032928275,-34.237329765 18.402952793,-34.237329765 18.402952793,-34.2399532753333 18.40032928275,-34.2399532753333</coordinates></LinearRing></outerBoundaryIs></Polygon>
  </Placemark>
  <Placemark>
	<Style><LineStyle><color>ff0000ff</color></LineStyle><PolyStyle><fill>0</fill></PolyStyle></Style>
	<ExtendedData><SchemaData schemaUrl="#jag_id_grid">
		<SimpleData name="env.jag_id">295</SimpleData>
	</SchemaData></ExtendedData>
      <Polygon><outerBoundaryIs><LinearRing><coordinates>18.402952793,-34.2399532753333 18.402952793,-34.237329765 18.40557630325,-34.237329765 18.40557630325,-34.2399532753333 18.402952793,-34.2399532753333</coordinates></LinearRing></outerBoundaryIs></Polygon>
  </Placemark>
  <Placemark>
	<Style><LineStyle><color>ff0000ff</color></LineStyle><PolyStyle><fill>0</fill></PolyStyle></Style>
	<ExtendedData><SchemaData schemaUrl="#jag_id_grid">
		<SimpleData name="env.jag_id">330</SimpleData>
	</SchemaData></ExtendedData>
      <Polygon><outerBoundaryIs><LinearRing><coordinates>18.40557630325,-34.2399532753333 18.40557630325,-34.237329765 18.4081998135,-34.237329765 18.4081998135,-34.2399532753333 18.40557630325,-34.2399532753333</coordinates></LinearRing></outerBoundaryIs></Polygon>
  </Placemark>
  <Placemark>
	<Style><LineStyle><color>ff0000ff</color></LineStyle><PolyStyle><fill>0</fill></PolyStyle></Style>
	<ExtendedData><SchemaData schemaUrl="#jag_id_grid">
		<SimpleData name="env.jag_id">368</SimpleData>
	</SchemaData></ExtendedData>
      <Polygon><outerBoundaryIs><LinearRing><coordinates>18.4081998135,-34.2399532753333 18.4081998135,-34.237329765 18.41082332375,-34.237329765 18.41082332375,-34.2399532753333 18.4081998135,-34.2399532753333</coordinates></LinearRing></outerBoundaryIs></Polygon>
  </Placemark>
  <Placemark>
	<Style><LineStyle><color>ff0000ff</color></LineStyle><PolyStyle><fill>0</fill></PolyStyle></Style>
	<ExtendedData><SchemaData schemaUrl="#jag_id_grid">
		<SimpleData name="env.jag_id">411</SimpleData>
	</SchemaData></ExtendedData>
      <Polygon><outerBoundaryIs><LinearRing><coordinates>18.41082332375,-34.2399532753333 18.41082332375,-34.237329765 18.413446834,-34.237329765 18.413446834,-34.2399532753333 18.41082332375,-34.2399532753333</coordinates></LinearRing></outerBoundaryIs></Polygon>
  </Placemark>
  <Placemark>
	<Style><LineStyle><color>ff0000ff</color></LineStyle><PolyStyle><fill>0</fill></PolyStyle></Style>
	<ExtendedData><SchemaData schemaUrl="#jag_id_grid">
		<SimpleData name="env.jag_id">454</SimpleData>
	</SchemaData></ExtendedData>
      <Polygon><outerBoundaryIs><LinearRing><coordinates>18.413446834,-34.2399532753333 18.413446834,-34.237329765 18.41607034425,-34.237329765 18.41607034425,-34.2399532753333 18.413446834,-34.2399532753333</coordinates></LinearRing></outerBoundaryIs></Polygon>
  </Placemark>
  <Placemark>
	<Style><LineStyle><color>ff0000ff</color></LineStyle><PolyStyle><fill>0</fill></PolyStyle></Style>
	<ExtendedData><SchemaData schemaUrl="#jag_id_grid">
		<SimpleData name="env.jag_id">498</SimpleData>
	</SchemaData></ExtendedData>
      <Polygon><outerBoundaryIs><LinearRing><coordinates>18.41607034425,-34.2399532753333 18.41607034425,-34.237329765 18.4186938545,-34.237329765 18.4186938545,-34.2399532753333 18.41607034425,-34.2399532753333</coordinates></LinearRing></outerBoundaryIs></Polygon>
  </Placemark>
  <Placemark>
	<Style><LineStyle><color>ff0000ff</color></LineStyle><PolyStyle><fill>0</fill></PolyStyle></Style>
	<ExtendedData><SchemaData schemaUrl="#jag_id_grid">
		<SimpleData name="env.jag_id">590</SimpleData>
	</SchemaData></ExtendedData>
      <Polygon><outerBoundaryIs><LinearRing><coordinates>18.42131736475,-34.2399532753333 18.42131736475,-34.237329765 18.423940875,-34.237329765 18.423940875,-34.2399532753333 18.42131736475,-34.2399532753333</coordinates></LinearRing></outerBoundaryIs></Polygon>
  </Placemark>
  <Placemark>
	<Style><LineStyle><color>ff0000ff</color></LineStyle><PolyStyle><fill>0</fill></PolyStyle></Style>
	<ExtendedData><SchemaData schemaUrl="#jag_id_grid">
		<SimpleData name="env.jag_id">635</SimpleData>
	</SchemaData></ExtendedData>
      <Polygon><outerBoundaryIs><LinearRing><coordinates>18.423940875,-34.2399532753333 18.423940875,-34.237329765 18.42656438525,-34.237329765 18.42656438525,-34.2399532753333 18.423940875,-34.2399532753333</coordinates></LinearRing></outerBoundaryIs></Polygon>
  </Placemark>
  <Placemark>
	<Style><LineStyle><color>ff0000ff</color></LineStyle><PolyStyle><fill>0</fill></PolyStyle></Style>
	<ExtendedData><SchemaData schemaUrl="#jag_id_grid">
		<SimpleData name="env.jag_id">1010</SimpleData>
	</SchemaData></ExtendedData>
      <Polygon><outerBoundaryIs><LinearRing><coordinates>18.44755246725,-34.2399532753333 18.44755246725,-34.237329765 18.4501759775,-34.237329765 18.4501759775,-34.2399532753333 18.44755246725,-34.2399532753333</coordinates></LinearRing></outerBoundaryIs></Polygon>
  </Placemark>
  <Placemark>
	<Style><LineStyle><color>ff0000ff</color></LineStyle><PolyStyle><fill>0</fill></PolyStyle></Style>
	<ExtendedData><SchemaData schemaUrl="#jag_id_grid">
		<SimpleData name="env.jag_id">1054</SimpleData>
	</SchemaData></ExtendedData>
      <Polygon><outerBoundaryIs><LinearRing><coordinates>18.4501759775,-34.2399532753333 18.4501759775,-34.237329765 18.45279948775,-34.237329765 18.45279948775,-34.2399532753333 18.4501759775,-34.2399532753333</coordinates></LinearRing></outerBoundaryIs></Polygon>
  </Placemark>
  <Placemark>
	<Style><LineStyle><color>ff0000ff</color></LineStyle><PolyStyle><fill>0</fill></PolyStyle></Style>
	<ExtendedData><SchemaData schemaUrl="#jag_id_grid">
		<SimpleData name="env.jag_id">1095</SimpleData>
	</SchemaData></ExtendedData>
      <Polygon><outerBoundaryIs><LinearRing><coordinates>18.45279948775,-34.2399532753333 18.45279948775,-34.237329765 18.455422998,-34.237329765 18.455422998,-34.2399532753333 18.45279948775,-34.2399532753333</coordinates></LinearRing></outerBoundaryIs></Polygon>
  </Placemark>
  <Placemark>
	<Style><LineStyle><color>ff0000ff</color></LineStyle><PolyStyle><fill>0</fill></PolyStyle></Style>
	<ExtendedData><SchemaData schemaUrl="#jag_id_grid">
		<SimpleData name="env.jag_id">1136</SimpleData>
	</SchemaData></ExtendedData>
      <Polygon><outerBoundaryIs><LinearRing><coordinates>18.455422998,-34.2399532753333 18.455422998,-34.237329765 18.45804650825,-34.237329765 18.45804650825,-34.2399532753333 18.455422998,-34.2399532753333</coordinates></LinearRing></outerBoundaryIs></Polygon>
  </Placemark>
  <Placemark>
	<Style><LineStyle><color>ff0000ff</color></LineStyle><PolyStyle><fill>0</fill></PolyStyle></Style>
	<ExtendedData><SchemaData schemaUrl="#jag_id_grid">
		<SimpleData name="env.jag_id">1179</SimpleData>
	</SchemaData></ExtendedData>
      <Polygon><outerBoundaryIs><LinearRing><coordinates>18.45804650825,-34.2399532753333 18.45804650825,-34.237329765 18.4606700185,-34.237329765 18.4606700185,-34.2399532753333 18.45804650825,-34.2399532753333</coordinates></LinearRing></outerBoundaryIs></Polygon>
  </Placemark>
  <Placemark>
	<Style><LineStyle><color>ff0000ff</color></LineStyle><PolyStyle><fill>0</fill></PolyStyle></Style>
	<ExtendedData><SchemaData schemaUrl="#jag_id_grid">
		<SimpleData name="env.jag_id">1218</SimpleData>
	</SchemaData></ExtendedData>
      <Polygon><outerBoundaryIs><LinearRing><coordinates>18.4606700185,-34.2399532753333 18.4606700185,-34.237329765 18.46329352875,-34.237329765 18.46329352875,-34.2399532753333 18.4606700185,-34.2399532753333</coordinates></LinearRing></outerBoundaryIs></Polygon>
  </Placemark>
  <Placemark>
	<Style><LineStyle><color>ff0000ff</color></LineStyle><PolyStyle><fill>0</fill></PolyStyle></Style>
	<ExtendedData><SchemaData schemaUrl="#jag_id_grid">
		<SimpleData name="env.jag_id">1247</SimpleData>
	</SchemaData></ExtendedData>
      <Polygon><outerBoundaryIs><LinearRing><coordinates>18.46329352875,-34.2399532753333 18.46329352875,-34.237329765 18.465917039,-34.237329765 18.465917039,-34.2399532753333 18.46329352875,-34.2399532753333</coordinates></LinearRing></outerBoundaryIs></Polygon>
  </Placemark>
  <Placemark>
	<Style><LineStyle><color>ff0000ff</color></LineStyle><PolyStyle><fill>0</fill></PolyStyle></Style>
	<ExtendedData><SchemaData schemaUrl="#jag_id_grid">
		<SimpleData name="env.jag_id">1275</SimpleData>
	</SchemaData></ExtendedData>
      <Polygon><outerBoundaryIs><LinearRing><coordinates>18.465917039,-34.2399532753333 18.465917039,-34.237329765 18.46854054925,-34.237329765 18.46854054925,-34.2399532753333 18.465917039,-34.2399532753333</coordinates></LinearRing></outerBoundaryIs></Polygon>
  </Placemark>
  <Placemark>
	<Style><LineStyle><color>ff0000ff</color></LineStyle><PolyStyle><fill>0</fill></PolyStyle></Style>
	<ExtendedData><SchemaData schemaUrl="#jag_id_grid">
		<SimpleData name="env.jag_id">1294</SimpleData>
	</SchemaData></ExtendedData>
      <Polygon><outerBoundaryIs><LinearRing><coordinates>18.46854054925,-34.2399532753333 18.46854054925,-34.237329765 18.4711640595,-34.237329765 18.4711640595,-34.2399532753333 18.46854054925,-34.2399532753333</coordinates></LinearRing></outerBoundaryIs></Polygon>
  </Placemark>
  <Placemark>
	<Style><LineStyle><color>ff0000ff</color></LineStyle><PolyStyle><fill>0</fill></PolyStyle></Style>
	<ExtendedData><SchemaData schemaUrl="#jag_id_grid">
		<SimpleData name="env.jag_id">1307</SimpleData>
	</SchemaData></ExtendedData>
      <Polygon><outerBoundaryIs><LinearRing><coordinates>18.4711640595,-34.2399532753333 18.4711640595,-34.237329765 18.47378756975,-34.237329765 18.47378756975,-34.2399532753333 18.4711640595,-34.2399532753333</coordinates></LinearRing></outerBoundaryIs></Polygon>
  </Placemark>
  <Placemark>
	<Style><LineStyle><color>ff0000ff</color></LineStyle><PolyStyle><fill>0</fill></PolyStyle></Style>
	<ExtendedData><SchemaData schemaUrl="#jag_id_grid">
		<SimpleData name="env.jag_id">19</SimpleData>
	</SchemaData></ExtendedData>
      <Polygon><outerBoundaryIs><LinearRing><coordinates>18.3767176905,-34.2425767856667 18.3767176905,-34.2399532753333 18.37934120075,-34.2399532753333 18.37934120075,-34.2425767856667 18.3767176905,-34.2425767856667</coordinates></LinearRing></outerBoundaryIs></Polygon>
  </Placemark>
  <Placemark>
	<Style><LineStyle><color>ff0000ff</color></LineStyle><PolyStyle><fill>0</fill></PolyStyle></Style>
	<ExtendedData><SchemaData schemaUrl="#jag_id_grid">
		<SimpleData name="env.jag_id">33</SimpleData>
	</SchemaData></ExtendedData>
      <Polygon><outerBoundaryIs><LinearRing><coordinates>18.37934120075,-34.2425767856667 18.37934120075,-34.2399532753333 18.381964711,-34.2399532753333 18.381964711,-34.2425767856667 18.37934120075,-34.2425767856667</coordinates></LinearRing></outerBoundaryIs></Polygon>
  </Placemark>
  <Placemark>
	<Style><LineStyle><color>ff0000ff</color></LineStyle><PolyStyle><fill>0</fill></PolyStyle></Style>
	<ExtendedData><SchemaData schemaUrl="#jag_id_grid">
		<SimpleData name="env.jag_id">51</SimpleData>
	</SchemaData></ExtendedData>
      <Polygon><outerBoundaryIs><LinearRing><coordinates>18.381964711,-34.2425767856667 18.381964711,-34.2399532753333 18.38458822125,-34.2399532753333 18.38458822125,-34.2425767856667 18.381964711,-34.2425767856667</coordinates></LinearRing></outerBoundaryIs></Polygon>
  </Placemark>
  <Placemark>
	<Style><LineStyle><color>ff0000ff</color></LineStyle><PolyStyle><fill>0</fill></PolyStyle></Style>
	<ExtendedData><SchemaData schemaUrl="#jag_id_grid">
		<SimpleData name="env.jag_id">77</SimpleData>
	</SchemaData></ExtendedData>
      <Polygon><outerBoundaryIs><LinearRing><coordinates>18.38458822125,-34.2425767856667 18.38458822125,-34.2399532753333 18.3872117315,-34.2399532753333 18.3872117315,-34.2425767856667 18.38458822125,-34.2425767856667</coordinates></LinearRing></outerBoundaryIs></Polygon>
  </Placemark>
  <Placemark>
	<Style><LineStyle><color>ff0000ff</color></LineStyle><PolyStyle><fill>0</fill></PolyStyle></Style>
	<ExtendedData><SchemaData schemaUrl="#jag_id_grid">
		<SimpleData name="env.jag_id">106</SimpleData>
	</SchemaData></ExtendedData>
      <Polygon><outerBoundaryIs><LinearRing><coordinates>18.3872117315,-34.2425767856667 18.3872117315,-34.2399532753333 18.38983524175,-34.2399532753333 18.38983524175,-34.2425767856667 18.3872117315,-34.2425767856667</coordinates></LinearRing></outerBoundaryIs></Polygon>
  </Placemark>
  <Placemark>
	<Style><LineStyle><color>ff0000ff</color></LineStyle><PolyStyle><fill>0</fill></PolyStyle></Style>
	<ExtendedData><SchemaData schemaUrl="#jag_id_grid">
		<SimpleData name="env.jag_id">135</SimpleData>
	</SchemaData></ExtendedData>
      <Polygon><outerBoundaryIs><LinearRing><coordinates>18.38983524175,-34.2425767856667 18.38983524175,-34.2399532753333 18.392458752,-34.2399532753333 18.392458752,-34.2425767856667 18.38983524175,-34.2425767856667</coordinates></LinearRing></outerBoundaryIs></Polygon>
  </Placemark>
  <Placemark>
	<Style><LineStyle><color>ff0000ff</color></LineStyle><PolyStyle><fill>0</fill></PolyStyle></Style>
	<ExtendedData><SchemaData schemaUrl="#jag_id_grid">
		<SimpleData name="env.jag_id">165</SimpleData>
	</SchemaData></ExtendedData>
      <Polygon><outerBoundaryIs><LinearRing><coordinates>18.392458752,-34.2425767856667 18.392458752,-34.2399532753333 18.39508226225,-34.2399532753333 18.39508226225,-34.2425767856667 18.392458752,-34.2425767856667</coordinates></LinearRing></outerBoundaryIs></Polygon>
  </Placemark>
  <Placemark>
	<Style><LineStyle><color>ff0000ff</color></LineStyle><PolyStyle><fill>0</fill></PolyStyle></Style>
	<ExtendedData><SchemaData schemaUrl="#jag_id_grid">
		<SimpleData name="env.jag_id">198</SimpleData>
	</SchemaData></ExtendedData>
      <Polygon><outerBoundaryIs><LinearRing><coordinates>18.39508226225,-34.2425767856667 18.39508226225,-34.2399532753333 18.3977057725,-34.2399532753333 18.3977057725,-34.2425767856667 18.39508226225,-34.2425767856667</coordinates></LinearRing></outerBoundaryIs></Polygon>
  </Placemark>
  <Placemark>
	<Style><LineStyle><color>ff0000ff</color></LineStyle><PolyStyle><fill>0</fill></PolyStyle></Style>
	<ExtendedData><SchemaData schemaUrl="#jag_id_grid">
		<SimpleData name="env.jag_id">231</SimpleData>
	</SchemaData></ExtendedData>
      <Polygon><outerBoundaryIs><LinearRing><coordinates>18.3977057725,-34.2425767856667 18.3977057725,-34.2399532753333 18.40032928275,-34.2399532753333 18.40032928275,-34.2425767856667 18.3977057725,-34.2425767856667</coordinates></LinearRing></outerBoundaryIs></Polygon>
  </Placemark>
  <Placemark>
	<Style><LineStyle><color>ff0000ff</color></LineStyle><PolyStyle><fill>0</fill></PolyStyle></Style>
	<ExtendedData><SchemaData schemaUrl="#jag_id_grid">
		<SimpleData name="env.jag_id">264</SimpleData>
	</SchemaData></ExtendedData>
      <Polygon><outerBoundaryIs><LinearRing><coordinates>18.40032928275,-34.2425767856667 18.40032928275,-34.2399532753333 18.402952793,-34.2399532753333 18.402952793,-34.2425767856667 18.40032928275,-34.2425767856667</coordinates></LinearRing></outerBoundaryIs></Polygon>
  </Placemark>
  <Placemark>
	<Style><LineStyle><color>ff0000ff</color></LineStyle><PolyStyle><fill>0</fill></PolyStyle></Style>
	<ExtendedData><SchemaData schemaUrl="#jag_id_grid">
		<SimpleData name="env.jag_id">296</SimpleData>
	</SchemaData></ExtendedData>
      <Polygon><outerBoundaryIs><LinearRing><coordinates>18.402952793,-34.2425767856667 18.402952793,-34.2399532753333 18.40557630325,-34.2399532753333 18.40557630325,-34.2425767856667 18.402952793,-34.2425767856667</coordinates></LinearRing></outerBoundaryIs></Polygon>
  </Placemark>
  <Placemark>
	<Style><LineStyle><color>ff0000ff</color></LineStyle><PolyStyle><fill>0</fill></PolyStyle></Style>
	<ExtendedData><SchemaData schemaUrl="#jag_id_grid">
		<SimpleData name="env.jag_id">331</SimpleData>
	</SchemaData></ExtendedData>
      <Polygon><outerBoundaryIs><LinearRing><coordinates>18.40557630325,-34.2425767856667 18.40557630325,-34.2399532753333 18.4081998135,-34.2399532753333 18.4081998135,-34.2425767856667 18.40557630325,-34.2425767856667</coordinates></LinearRing></outerBoundaryIs></Polygon>
  </Placemark>
  <Placemark>
	<Style><LineStyle><color>ff0000ff</color></LineStyle><PolyStyle><fill>0</fill></PolyStyle></Style>
	<ExtendedData><SchemaData schemaUrl="#jag_id_grid">
		<SimpleData name="env.jag_id">369</SimpleData>
	</SchemaData></ExtendedData>
      <Polygon><outerBoundaryIs><LinearRing><coordinates>18.4081998135,-34.2425767856667 18.4081998135,-34.2399532753333 18.41082332375,-34.2399532753333 18.41082332375,-34.2425767856667 18.4081998135,-34.2425767856667</coordinates></LinearRing></outerBoundaryIs></Polygon>
  </Placemark>
  <Placemark>
	<Style><LineStyle><color>ff0000ff</color></LineStyle><PolyStyle><fill>0</fill></PolyStyle></Style>
	<ExtendedData><SchemaData schemaUrl="#jag_id_grid">
		<SimpleData name="env.jag_id">412</SimpleData>
	</SchemaData></ExtendedData>
      <Polygon><outerBoundaryIs><LinearRing><coordinates>18.41082332375,-34.2425767856667 18.41082332375,-34.2399532753333 18.413446834,-34.2399532753333 18.413446834,-34.2425767856667 18.41082332375,-34.2425767856667</coordinates></LinearRing></outerBoundaryIs></Polygon>
  </Placemark>
  <Placemark>
	<Style><LineStyle><color>ff0000ff</color></LineStyle><PolyStyle><fill>0</fill></PolyStyle></Style>
	<ExtendedData><SchemaData schemaUrl="#jag_id_grid">
		<SimpleData name="env.jag_id">455</SimpleData>
	</SchemaData></ExtendedData>
      <Polygon><outerBoundaryIs><LinearRing><coordinates>18.413446834,-34.2425767856667 18.413446834,-34.2399532753333 18.41607034425,-34.2399532753333 18.41607034425,-34.2425767856667 18.413446834,-34.2425767856667</coordinates></LinearRing></outerBoundaryIs></Polygon>
  </Placemark>
  <Placemark>
	<Style><LineStyle><color>ff0000ff</color></LineStyle><PolyStyle><fill>0</fill></PolyStyle></Style>
	<ExtendedData><SchemaData schemaUrl="#jag_id_grid">
		<SimpleData name="env.jag_id">499</SimpleData>
	</SchemaData></ExtendedData>
      <Polygon><outerBoundaryIs><LinearRing><coordinates>18.41607034425,-34.2425767856667 18.41607034425,-34.2399532753333 18.4186938545,-34.2399532753333 18.4186938545,-34.2425767856667 18.41607034425,-34.2425767856667</coordinates></LinearRing></outerBoundaryIs></Polygon>
  </Placemark>
  <Placemark>
	<Style><LineStyle><color>ff0000ff</color></LineStyle><PolyStyle><fill>0</fill></PolyStyle></Style>
	<ExtendedData><SchemaData schemaUrl="#jag_id_grid">
		<SimpleData name="env.jag_id">544</SimpleData>
	</SchemaData></ExtendedData>
      <Polygon><outerBoundaryIs><LinearRing><coordinates>18.4186938545,-34.2425767856667 18.4186938545,-34.2399532753333 18.42131736475,-34.2399532753333 18.42131736475,-34.2425767856667 18.4186938545,-34.2425767856667</coordinates></LinearRing></outerBoundaryIs></Polygon>
  </Placemark>
  <Placemark>
	<Style><LineStyle><color>ff0000ff</color></LineStyle><PolyStyle><fill>0</fill></PolyStyle></Style>
	<ExtendedData><SchemaData schemaUrl="#jag_id_grid">
		<SimpleData name="env.jag_id">636</SimpleData>
	</SchemaData></ExtendedData>
      <Polygon><outerBoundaryIs><LinearRing><coordinates>18.423940875,-34.2425767856667 18.423940875,-34.2399532753333 18.42656438525,-34.2399532753333 18.42656438525,-34.2425767856667 18.423940875,-34.2425767856667</coordinates></LinearRing></outerBoundaryIs></Polygon>
  </Placemark>
  <Placemark>
	<Style><LineStyle><color>ff0000ff</color></LineStyle><PolyStyle><fill>0</fill></PolyStyle></Style>
	<ExtendedData><SchemaData schemaUrl="#jag_id_grid">
		<SimpleData name="env.jag_id">1011</SimpleData>
	</SchemaData></ExtendedData>
      <Polygon><outerBoundaryIs><LinearRing><coordinates>18.44755246725,-34.2425767856667 18.44755246725,-34.2399532753333 18.4501759775,-34.2399532753333 18.4501759775,-34.2425767856667 18.44755246725,-34.2425767856667</coordinates></LinearRing></outerBoundaryIs></Polygon>
  </Placemark>
  <Placemark>
	<Style><LineStyle><color>ff0000ff</color></LineStyle><PolyStyle><fill>0</fill></PolyStyle></Style>
	<ExtendedData><SchemaData schemaUrl="#jag_id_grid">
		<SimpleData name="env.jag_id">1055</SimpleData>
	</SchemaData></ExtendedData>
      <Polygon><outerBoundaryIs><LinearRing><coordinates>18.4501759775,-34.2425767856667 18.4501759775,-34.2399532753333 18.45279948775,-34.2399532753333 18.45279948775,-34.2425767856667 18.4501759775,-34.2425767856667</coordinates></LinearRing></outerBoundaryIs></Polygon>
  </Placemark>
  <Placemark>
	<Style><LineStyle><color>ff0000ff</color></LineStyle><PolyStyle><fill>0</fill></PolyStyle></Style>
	<ExtendedData><SchemaData schemaUrl="#jag_id_grid">
		<SimpleData name="env.jag_id">1096</SimpleData>
	</SchemaData></ExtendedData>
      <Polygon><outerBoundaryIs><LinearRing><coordinates>18.45279948775,-34.2425767856667 18.45279948775,-34.2399532753333 18.455422998,-34.2399532753333 18.455422998,-34.2425767856667 18.45279948775,-34.2425767856667</coordinates></LinearRing></outerBoundaryIs></Polygon>
  </Placemark>
  <Placemark>
	<Style><LineStyle><color>ff0000ff</color></LineStyle><PolyStyle><fill>0</fill></PolyStyle></Style>
	<ExtendedData><SchemaData schemaUrl="#jag_id_grid">
		<SimpleData name="env.jag_id">1137</SimpleData>
	</SchemaData></ExtendedData>
      <Polygon><outerBoundaryIs><LinearRing><coordinates>18.455422998,-34.2425767856667 18.455422998,-34.2399532753333 18.45804650825,-34.2399532753333 18.45804650825,-34.2425767856667 18.455422998,-34.2425767856667</coordinates></LinearRing></outerBoundaryIs></Polygon>
  </Placemark>
  <Placemark>
	<Style><LineStyle><color>ff0000ff</color></LineStyle><PolyStyle><fill>0</fill></PolyStyle></Style>
	<ExtendedData><SchemaData schemaUrl="#jag_id_grid">
		<SimpleData name="env.jag_id">1180</SimpleData>
	</SchemaData></ExtendedData>
      <Polygon><outerBoundaryIs><LinearRing><coordinates>18.45804650825,-34.2425767856667 18.45804650825,-34.2399532753333 18.4606700185,-34.2399532753333 18.4606700185,-34.2425767856667 18.45804650825,-34.2425767856667</coordinates></LinearRing></outerBoundaryIs></Polygon>
  </Placemark>
  <Placemark>
	<Style><LineStyle><color>ff0000ff</color></LineStyle><PolyStyle><fill>0</fill></PolyStyle></Style>
	<ExtendedData><SchemaData schemaUrl="#jag_id_grid">
		<SimpleData name="env.jag_id">1219</SimpleData>
	</SchemaData></ExtendedData>
      <Polygon><outerBoundaryIs><LinearRing><coordinates>18.4606700185,-34.2425767856667 18.4606700185,-34.2399532753333 18.46329352875,-34.2399532753333 18.46329352875,-34.2425767856667 18.4606700185,-34.2425767856667</coordinates></LinearRing></outerBoundaryIs></Polygon>
  </Placemark>
  <Placemark>
	<Style><LineStyle><color>ff0000ff</color></LineStyle><PolyStyle><fill>0</fill></PolyStyle></Style>
	<ExtendedData><SchemaData schemaUrl="#jag_id_grid">
		<SimpleData name="env.jag_id">1248</SimpleData>
	</SchemaData></ExtendedData>
      <Polygon><outerBoundaryIs><LinearRing><coordinates>18.46329352875,-34.2425767856667 18.46329352875,-34.2399532753333 18.465917039,-34.2399532753333 18.465917039,-34.2425767856667 18.46329352875,-34.2425767856667</coordinates></LinearRing></outerBoundaryIs></Polygon>
  </Placemark>
  <Placemark>
	<Style><LineStyle><color>ff0000ff</color></LineStyle><PolyStyle><fill>0</fill></PolyStyle></Style>
	<ExtendedData><SchemaData schemaUrl="#jag_id_grid">
		<SimpleData name="env.jag_id">1276</SimpleData>
	</SchemaData></ExtendedData>
      <Polygon><outerBoundaryIs><LinearRing><coordinates>18.465917039,-34.2425767856667 18.465917039,-34.2399532753333 18.46854054925,-34.2399532753333 18.46854054925,-34.2425767856667 18.465917039,-34.2425767856667</coordinates></LinearRing></outerBoundaryIs></Polygon>
  </Placemark>
  <Placemark>
	<Style><LineStyle><color>ff0000ff</color></LineStyle><PolyStyle><fill>0</fill></PolyStyle></Style>
	<ExtendedData><SchemaData schemaUrl="#jag_id_grid">
		<SimpleData name="env.jag_id">1295</SimpleData>
	</SchemaData></ExtendedData>
      <Polygon><outerBoundaryIs><LinearRing><coordinates>18.46854054925,-34.2425767856667 18.46854054925,-34.2399532753333 18.4711640595,-34.2399532753333 18.4711640595,-34.2425767856667 18.46854054925,-34.2425767856667</coordinates></LinearRing></outerBoundaryIs></Polygon>
  </Placemark>
  <Placemark>
	<Style><LineStyle><color>ff0000ff</color></LineStyle><PolyStyle><fill>0</fill></PolyStyle></Style>
	<ExtendedData><SchemaData schemaUrl="#jag_id_grid">
		<SimpleData name="env.jag_id">1308</SimpleData>
	</SchemaData></ExtendedData>
      <Polygon><outerBoundaryIs><LinearRing><coordinates>18.4711640595,-34.2425767856667 18.4711640595,-34.2399532753333 18.47378756975,-34.2399532753333 18.47378756975,-34.2425767856667 18.4711640595,-34.2425767856667</coordinates></LinearRing></outerBoundaryIs></Polygon>
  </Placemark>
  <Placemark>
	<Style><LineStyle><color>ff0000ff</color></LineStyle><PolyStyle><fill>0</fill></PolyStyle></Style>
	<ExtendedData><SchemaData schemaUrl="#jag_id_grid">
		<SimpleData name="env.jag_id">34</SimpleData>
	</SchemaData></ExtendedData>
      <Polygon><outerBoundaryIs><LinearRing><coordinates>18.37934120075,-34.245200296 18.37934120075,-34.2425767856667 18.381964711,-34.2425767856667 18.381964711,-34.245200296 18.37934120075,-34.245200296</coordinates></LinearRing></outerBoundaryIs></Polygon>
  </Placemark>
  <Placemark>
	<Style><LineStyle><color>ff0000ff</color></LineStyle><PolyStyle><fill>0</fill></PolyStyle></Style>
	<ExtendedData><SchemaData schemaUrl="#jag_id_grid">
		<SimpleData name="env.jag_id">52</SimpleData>
	</SchemaData></ExtendedData>
      <Polygon><outerBoundaryIs><LinearRing><coordinates>18.381964711,-34.245200296 18.381964711,-34.2425767856667 18.38458822125,-34.2425767856667 18.38458822125,-34.245200296 18.381964711,-34.245200296</coordinates></LinearRing></outerBoundaryIs></Polygon>
  </Placemark>
  <Placemark>
	<Style><LineStyle><color>ff0000ff</color></LineStyle><PolyStyle><fill>0</fill></PolyStyle></Style>
	<ExtendedData><SchemaData schemaUrl="#jag_id_grid">
		<SimpleData name="env.jag_id">78</SimpleData>
	</SchemaData></ExtendedData>
      <Polygon><outerBoundaryIs><LinearRing><coordinates>18.38458822125,-34.245200296 18.38458822125,-34.2425767856667 18.3872117315,-34.2425767856667 18.3872117315,-34.245200296 18.38458822125,-34.245200296</coordinates></LinearRing></outerBoundaryIs></Polygon>
  </Placemark>
  <Placemark>
	<Style><LineStyle><color>ff0000ff</color></LineStyle><PolyStyle><fill>0</fill></PolyStyle></Style>
	<ExtendedData><SchemaData schemaUrl="#jag_id_grid">
		<SimpleData name="env.jag_id">107</SimpleData>
	</SchemaData></ExtendedData>
      <Polygon><outerBoundaryIs><LinearRing><coordinates>18.3872117315,-34.245200296 18.3872117315,-34.2425767856667 18.38983524175,-34.2425767856667 18.38983524175,-34.245200296 18.3872117315,-34.245200296</coordinates></LinearRing></outerBoundaryIs></Polygon>
  </Placemark>
  <Placemark>
	<Style><LineStyle><color>ff0000ff</color></LineStyle><PolyStyle><fill>0</fill></PolyStyle></Style>
	<ExtendedData><SchemaData schemaUrl="#jag_id_grid">
		<SimpleData name="env.jag_id">136</SimpleData>
	</SchemaData></ExtendedData>
      <Polygon><outerBoundaryIs><LinearRing><coordinates>18.38983524175,-34.245200296 18.38983524175,-34.2425767856667 18.392458752,-34.2425767856667 18.392458752,-34.245200296 18.38983524175,-34.245200296</coordinates></LinearRing></outerBoundaryIs></Polygon>
  </Placemark>
  <Placemark>
	<Style><LineStyle><color>ff0000ff</color></LineStyle><PolyStyle><fill>0</fill></PolyStyle></Style>
	<ExtendedData><SchemaData schemaUrl="#jag_id_grid">
		<SimpleData name="env.jag_id">166</SimpleData>
	</SchemaData></ExtendedData>
      <Polygon><outerBoundaryIs><LinearRing><coordinates>18.392458752,-34.245200296 18.392458752,-34.2425767856667 18.39508226225,-34.2425767856667 18.39508226225,-34.245200296 18.392458752,-34.245200296</coordinates></LinearRing></outerBoundaryIs></Polygon>
  </Placemark>
  <Placemark>
	<Style><LineStyle><color>ff0000ff</color></LineStyle><PolyStyle><fill>0</fill></PolyStyle></Style>
	<ExtendedData><SchemaData schemaUrl="#jag_id_grid">
		<SimpleData name="env.jag_id">199</SimpleData>
	</SchemaData></ExtendedData>
      <Polygon><outerBoundaryIs><LinearRing><coordinates>18.39508226225,-34.245200296 18.39508226225,-34.2425767856667 18.3977057725,-34.2425767856667 18.3977057725,-34.245200296 18.39508226225,-34.245200296</coordinates></LinearRing></outerBoundaryIs></Polygon>
  </Placemark>
  <Placemark>
	<Style><LineStyle><color>ff0000ff</color></LineStyle><PolyStyle><fill>0</fill></PolyStyle></Style>
	<ExtendedData><SchemaData schemaUrl="#jag_id_grid">
		<SimpleData name="env.jag_id">232</SimpleData>
	</SchemaData></ExtendedData>
      <Polygon><outerBoundaryIs><LinearRing><coordinates>18.3977057725,-34.245200296 18.3977057725,-34.2425767856667 18.40032928275,-34.2425767856667 18.40032928275,-34.245200296 18.3977057725,-34.245200296</coordinates></LinearRing></outerBoundaryIs></Polygon>
  </Placemark>
  <Placemark>
	<Style><LineStyle><color>ff0000ff</color></LineStyle><PolyStyle><fill>0</fill></PolyStyle></Style>
	<ExtendedData><SchemaData schemaUrl="#jag_id_grid">
		<SimpleData name="env.jag_id">265</SimpleData>
	</SchemaData></ExtendedData>
      <Polygon><outerBoundaryIs><LinearRing><coordinates>18.40032928275,-34.245200296 18.40032928275,-34.2425767856667 18.402952793,-34.2425767856667 18.402952793,-34.245200296 18.40032928275,-34.245200296</coordinates></LinearRing></outerBoundaryIs></Polygon>
  </Placemark>
  <Placemark>
	<Style><LineStyle><color>ff0000ff</color></LineStyle><PolyStyle><fill>0</fill></PolyStyle></Style>
	<ExtendedData><SchemaData schemaUrl="#jag_id_grid">
		<SimpleData name="env.jag_id">297</SimpleData>
	</SchemaData></ExtendedData>
      <Polygon><outerBoundaryIs><LinearRing><coordinates>18.402952793,-34.245200296 18.402952793,-34.2425767856667 18.40557630325,-34.2425767856667 18.40557630325,-34.245200296 18.402952793,-34.245200296</coordinates></LinearRing></outerBoundaryIs></Polygon>
  </Placemark>
  <Placemark>
	<Style><LineStyle><color>ff0000ff</color></LineStyle><PolyStyle><fill>0</fill></PolyStyle></Style>
	<ExtendedData><SchemaData schemaUrl="#jag_id_grid">
		<SimpleData name="env.jag_id">332</SimpleData>
	</SchemaData></ExtendedData>
      <Polygon><outerBoundaryIs><LinearRing><coordinates>18.40557630325,-34.245200296 18.40557630325,-34.2425767856667 18.4081998135,-34.2425767856667 18.4081998135,-34.245200296 18.40557630325,-34.245200296</coordinates></LinearRing></outerBoundaryIs></Polygon>
  </Placemark>
  <Placemark>
	<Style><LineStyle><color>ff0000ff</color></LineStyle><PolyStyle><fill>0</fill></PolyStyle></Style>
	<ExtendedData><SchemaData schemaUrl="#jag_id_grid">
		<SimpleData name="env.jag_id">370</SimpleData>
	</SchemaData></ExtendedData>
      <Polygon><outerBoundaryIs><LinearRing><coordinates>18.4081998135,-34.245200296 18.4081998135,-34.2425767856667 18.41082332375,-34.2425767856667 18.41082332375,-34.245200296 18.4081998135,-34.245200296</coordinates></LinearRing></outerBoundaryIs></Polygon>
  </Placemark>
  <Placemark>
	<Style><LineStyle><color>ff0000ff</color></LineStyle><PolyStyle><fill>0</fill></PolyStyle></Style>
	<ExtendedData><SchemaData schemaUrl="#jag_id_grid">
		<SimpleData name="env.jag_id">413</SimpleData>
	</SchemaData></ExtendedData>
      <Polygon><outerBoundaryIs><LinearRing><coordinates>18.41082332375,-34.245200296 18.41082332375,-34.2425767856667 18.413446834,-34.2425767856667 18.413446834,-34.245200296 18.41082332375,-34.245200296</coordinates></LinearRing></outerBoundaryIs></Polygon>
  </Placemark>
  <Placemark>
	<Style><LineStyle><color>ff0000ff</color></LineStyle><PolyStyle><fill>0</fill></PolyStyle></Style>
	<ExtendedData><SchemaData schemaUrl="#jag_id_grid">
		<SimpleData name="env.jag_id">456</SimpleData>
	</SchemaData></ExtendedData>
      <Polygon><outerBoundaryIs><LinearRing><coordinates>18.413446834,-34.245200296 18.413446834,-34.2425767856667 18.41607034425,-34.2425767856667 18.41607034425,-34.245200296 18.413446834,-34.245200296</coordinates></LinearRing></outerBoundaryIs></Polygon>
  </Placemark>
  <Placemark>
	<Style><LineStyle><color>ff0000ff</color></LineStyle><PolyStyle><fill>0</fill></PolyStyle></Style>
	<ExtendedData><SchemaData schemaUrl="#jag_id_grid">
		<SimpleData name="env.jag_id">500</SimpleData>
	</SchemaData></ExtendedData>
      <Polygon><outerBoundaryIs><LinearRing><coordinates>18.41607034425,-34.245200296 18.41607034425,-34.2425767856667 18.4186938545,-34.2425767856667 18.4186938545,-34.245200296 18.41607034425,-34.245200296</coordinates></LinearRing></outerBoundaryIs></Polygon>
  </Placemark>
  <Placemark>
	<Style><LineStyle><color>ff0000ff</color></LineStyle><PolyStyle><fill>0</fill></PolyStyle></Style>
	<ExtendedData><SchemaData schemaUrl="#jag_id_grid">
		<SimpleData name="env.jag_id">545</SimpleData>
	</SchemaData></ExtendedData>
      <Polygon><outerBoundaryIs><LinearRing><coordinates>18.4186938545,-34.245200296 18.4186938545,-34.2425767856667 18.42131736475,-34.2425767856667 18.42131736475,-34.245200296 18.4186938545,-34.245200296</coordinates></LinearRing></outerBoundaryIs></Polygon>
  </Placemark>
  <Placemark>
	<Style><LineStyle><color>ff0000ff</color></LineStyle><PolyStyle><fill>0</fill></PolyStyle></Style>
	<ExtendedData><SchemaData schemaUrl="#jag_id_grid">
		<SimpleData name="env.jag_id">591</SimpleData>
	</SchemaData></ExtendedData>
      <Polygon><outerBoundaryIs><LinearRing><coordinates>18.42131736475,-34.245200296 18.42131736475,-34.2425767856667 18.423940875,-34.2425767856667 18.423940875,-34.245200296 18.42131736475,-34.245200296</coordinates></LinearRing></outerBoundaryIs></Polygon>
  </Placemark>
  <Placemark>
	<Style><LineStyle><color>ff0000ff</color></LineStyle><PolyStyle><fill>0</fill></PolyStyle></Style>
	<ExtendedData><SchemaData schemaUrl="#jag_id_grid">
		<SimpleData name="env.jag_id">637</SimpleData>
	</SchemaData></ExtendedData>
      <Polygon><outerBoundaryIs><LinearRing><coordinates>18.423940875,-34.245200296 18.423940875,-34.2425767856667 18.42656438525,-34.2425767856667 18.42656438525,-34.245200296 18.423940875,-34.245200296</coordinates></LinearRing></outerBoundaryIs></Polygon>
  </Placemark>
  <Placemark>
	<Style><LineStyle><color>ff0000ff</color></LineStyle><PolyStyle><fill>0</fill></PolyStyle></Style>
	<ExtendedData><SchemaData schemaUrl="#jag_id_grid">
		<SimpleData name="env.jag_id">1056</SimpleData>
	</SchemaData></ExtendedData>
      <Polygon><outerBoundaryIs><LinearRing><coordinates>18.4501759775,-34.245200296 18.4501759775,-34.2425767856667 18.45279948775,-34.2425767856667 18.45279948775,-34.245200296 18.4501759775,-34.245200296</coordinates></LinearRing></outerBoundaryIs></Polygon>
  </Placemark>
  <Placemark>
	<Style><LineStyle><color>ff0000ff</color></LineStyle><PolyStyle><fill>0</fill></PolyStyle></Style>
	<ExtendedData><SchemaData schemaUrl="#jag_id_grid">
		<SimpleData name="env.jag_id">1097</SimpleData>
	</SchemaData></ExtendedData>
      <Polygon><outerBoundaryIs><LinearRing><coordinates>18.45279948775,-34.245200296 18.45279948775,-34.2425767856667 18.455422998,-34.2425767856667 18.455422998,-34.245200296 18.45279948775,-34.245200296</coordinates></LinearRing></outerBoundaryIs></Polygon>
  </Placemark>
  <Placemark>
	<Style><LineStyle><color>ff0000ff</color></LineStyle><PolyStyle><fill>0</fill></PolyStyle></Style>
	<ExtendedData><SchemaData schemaUrl="#jag_id_grid">
		<SimpleData name="env.jag_id">1138</SimpleData>
	</SchemaData></ExtendedData>
      <Polygon><outerBoundaryIs><LinearRing><coordinates>18.455422998,-34.245200296 18.455422998,-34.2425767856667 18.45804650825,-34.2425767856667 18.45804650825,-34.245200296 18.455422998,-34.245200296</coordinates></LinearRing></outerBoundaryIs></Polygon>
  </Placemark>
  <Placemark>
	<Style><LineStyle><color>ff0000ff</color></LineStyle><PolyStyle><fill>0</fill></PolyStyle></Style>
	<ExtendedData><SchemaData schemaUrl="#jag_id_grid">
		<SimpleData name="env.jag_id">1181</SimpleData>
	</SchemaData></ExtendedData>
      <Polygon><outerBoundaryIs><LinearRing><coordinates>18.45804650825,-34.245200296 18.45804650825,-34.2425767856667 18.4606700185,-34.2425767856667 18.4606700185,-34.245200296 18.45804650825,-34.245200296</coordinates></LinearRing></outerBoundaryIs></Polygon>
  </Placemark>
  <Placemark>
	<Style><LineStyle><color>ff0000ff</color></LineStyle><PolyStyle><fill>0</fill></PolyStyle></Style>
	<ExtendedData><SchemaData schemaUrl="#jag_id_grid">
		<SimpleData name="env.jag_id">1220</SimpleData>
	</SchemaData></ExtendedData>
      <Polygon><outerBoundaryIs><LinearRing><coordinates>18.4606700185,-34.245200296 18.4606700185,-34.2425767856667 18.46329352875,-34.2425767856667 18.46329352875,-34.245200296 18.4606700185,-34.245200296</coordinates></LinearRing></outerBoundaryIs></Polygon>
  </Placemark>
  <Placemark>
	<Style><LineStyle><color>ff0000ff</color></LineStyle><PolyStyle><fill>0</fill></PolyStyle></Style>
	<ExtendedData><SchemaData schemaUrl="#jag_id_grid">
		<SimpleData name="env.jag_id">1249</SimpleData>
	</SchemaData></ExtendedData>
      <Polygon><outerBoundaryIs><LinearRing><coordinates>18.46329352875,-34.245200296 18.46329352875,-34.2425767856667 18.465917039,-34.2425767856667 18.465917039,-34.245200296 18.46329352875,-34.245200296</coordinates></LinearRing></outerBoundaryIs></Polygon>
  </Placemark>
  <Placemark>
	<Style><LineStyle><color>ff0000ff</color></LineStyle><PolyStyle><fill>0</fill></PolyStyle></Style>
	<ExtendedData><SchemaData schemaUrl="#jag_id_grid">
		<SimpleData name="env.jag_id">1277</SimpleData>
	</SchemaData></ExtendedData>
      <Polygon><outerBoundaryIs><LinearRing><coordinates>18.465917039,-34.245200296 18.465917039,-34.2425767856667 18.46854054925,-34.2425767856667 18.46854054925,-34.245200296 18.465917039,-34.245200296</coordinates></LinearRing></outerBoundaryIs></Polygon>
  </Placemark>
  <Placemark>
	<Style><LineStyle><color>ff0000ff</color></LineStyle><PolyStyle><fill>0</fill></PolyStyle></Style>
	<ExtendedData><SchemaData schemaUrl="#jag_id_grid">
		<SimpleData name="env.jag_id">1296</SimpleData>
	</SchemaData></ExtendedData>
      <Polygon><outerBoundaryIs><LinearRing><coordinates>18.46854054925,-34.245200296 18.46854054925,-34.2425767856667 18.4711640595,-34.2425767856667 18.4711640595,-34.245200296 18.46854054925,-34.245200296</coordinates></LinearRing></outerBoundaryIs></Polygon>
  </Placemark>
  <Placemark>
	<Style><LineStyle><color>ff0000ff</color></LineStyle><PolyStyle><fill>0</fill></PolyStyle></Style>
	<ExtendedData><SchemaData schemaUrl="#jag_id_grid">
		<SimpleData name="env.jag_id">1309</SimpleData>
	</SchemaData></ExtendedData>
      <Polygon><outerBoundaryIs><LinearRing><coordinates>18.4711640595,-34.245200296 18.4711640595,-34.2425767856667 18.47378756975,-34.2425767856667 18.47378756975,-34.245200296 18.4711640595,-34.245200296</coordinates></LinearRing></outerBoundaryIs></Polygon>
  </Placemark>
  <Placemark>
	<Style><LineStyle><color>ff0000ff</color></LineStyle><PolyStyle><fill>0</fill></PolyStyle></Style>
	<ExtendedData><SchemaData schemaUrl="#jag_id_grid">
		<SimpleData name="env.jag_id">35</SimpleData>
	</SchemaData></ExtendedData>
      <Polygon><outerBoundaryIs><LinearRing><coordinates>18.37934120075,-34.2478238063333 18.37934120075,-34.245200296 18.381964711,-34.245200296 18.381964711,-34.2478238063333 18.37934120075,-34.2478238063333</coordinates></LinearRing></outerBoundaryIs></Polygon>
  </Placemark>
  <Placemark>
	<Style><LineStyle><color>ff0000ff</color></LineStyle><PolyStyle><fill>0</fill></PolyStyle></Style>
	<ExtendedData><SchemaData schemaUrl="#jag_id_grid">
		<SimpleData name="env.jag_id">53</SimpleData>
	</SchemaData></ExtendedData>
      <Polygon><outerBoundaryIs><LinearRing><coordinates>18.381964711,-34.2478238063333 18.381964711,-34.245200296 18.38458822125,-34.245200296 18.38458822125,-34.2478238063333 18.381964711,-34.2478238063333</coordinates></LinearRing></outerBoundaryIs></Polygon>
  </Placemark>
  <Placemark>
	<Style><LineStyle><color>ff0000ff</color></LineStyle><PolyStyle><fill>0</fill></PolyStyle></Style>
	<ExtendedData><SchemaData schemaUrl="#jag_id_grid">
		<SimpleData name="env.jag_id">79</SimpleData>
	</SchemaData></ExtendedData>
      <Polygon><outerBoundaryIs><LinearRing><coordinates>18.38458822125,-34.2478238063333 18.38458822125,-34.245200296 18.3872117315,-34.245200296 18.3872117315,-34.2478238063333 18.38458822125,-34.2478238063333</coordinates></LinearRing></outerBoundaryIs></Polygon>
  </Placemark>
  <Placemark>
	<Style><LineStyle><color>ff0000ff</color></LineStyle><PolyStyle><fill>0</fill></PolyStyle></Style>
	<ExtendedData><SchemaData schemaUrl="#jag_id_grid">
		<SimpleData name="env.jag_id">108</SimpleData>
	</SchemaData></ExtendedData>
      <Polygon><outerBoundaryIs><LinearRing><coordinates>18.3872117315,-34.2478238063333 18.3872117315,-34.245200296 18.38983524175,-34.245200296 18.38983524175,-34.2478238063333 18.3872117315,-34.2478238063333</coordinates></LinearRing></outerBoundaryIs></Polygon>
  </Placemark>
  <Placemark>
	<Style><LineStyle><color>ff0000ff</color></LineStyle><PolyStyle><fill>0</fill></PolyStyle></Style>
	<ExtendedData><SchemaData schemaUrl="#jag_id_grid">
		<SimpleData name="env.jag_id">137</SimpleData>
	</SchemaData></ExtendedData>
      <Polygon><outerBoundaryIs><LinearRing><coordinates>18.38983524175,-34.2478238063333 18.38983524175,-34.245200296 18.392458752,-34.245200296 18.392458752,-34.2478238063333 18.38983524175,-34.2478238063333</coordinates></LinearRing></outerBoundaryIs></Polygon>
  </Placemark>
  <Placemark>
	<Style><LineStyle><color>ff0000ff</color></LineStyle><PolyStyle><fill>0</fill></PolyStyle></Style>
	<ExtendedData><SchemaData schemaUrl="#jag_id_grid">
		<SimpleData name="env.jag_id">167</SimpleData>
	</SchemaData></ExtendedData>
      <Polygon><outerBoundaryIs><LinearRing><coordinates>18.392458752,-34.2478238063333 18.392458752,-34.245200296 18.39508226225,-34.245200296 18.39508226225,-34.2478238063333 18.392458752,-34.2478238063333</coordinates></LinearRing></outerBoundaryIs></Polygon>
  </Placemark>
  <Placemark>
	<Style><LineStyle><color>ff0000ff</color></LineStyle><PolyStyle><fill>0</fill></PolyStyle></Style>
	<ExtendedData><SchemaData schemaUrl="#jag_id_grid">
		<SimpleData name="env.jag_id">200</SimpleData>
	</SchemaData></ExtendedData>
      <Polygon><outerBoundaryIs><LinearRing><coordinates>18.39508226225,-34.2478238063333 18.39508226225,-34.245200296 18.3977057725,-34.245200296 18.3977057725,-34.2478238063333 18.39508226225,-34.2478238063333</coordinates></LinearRing></outerBoundaryIs></Polygon>
  </Placemark>
  <Placemark>
	<Style><LineStyle><color>ff0000ff</color></LineStyle><PolyStyle><fill>0</fill></PolyStyle></Style>
	<ExtendedData><SchemaData schemaUrl="#jag_id_grid">
		<SimpleData name="env.jag_id">233</SimpleData>
	</SchemaData></ExtendedData>
      <Polygon><outerBoundaryIs><LinearRing><coordinates>18.3977057725,-34.2478238063333 18.3977057725,-34.245200296 18.40032928275,-34.245200296 18.40032928275,-34.2478238063333 18.3977057725,-34.2478238063333</coordinates></LinearRing></outerBoundaryIs></Polygon>
  </Placemark>
  <Placemark>
	<Style><LineStyle><color>ff0000ff</color></LineStyle><PolyStyle><fill>0</fill></PolyStyle></Style>
	<ExtendedData><SchemaData schemaUrl="#jag_id_grid">
		<SimpleData name="env.jag_id">266</SimpleData>
	</SchemaData></ExtendedData>
      <Polygon><outerBoundaryIs><LinearRing><coordinates>18.40032928275,-34.2478238063333 18.40032928275,-34.245200296 18.402952793,-34.245200296 18.402952793,-34.2478238063333 18.40032928275,-34.2478238063333</coordinates></LinearRing></outerBoundaryIs></Polygon>
  </Placemark>
  <Placemark>
	<Style><LineStyle><color>ff0000ff</color></LineStyle><PolyStyle><fill>0</fill></PolyStyle></Style>
	<ExtendedData><SchemaData schemaUrl="#jag_id_grid">
		<SimpleData name="env.jag_id">298</SimpleData>
	</SchemaData></ExtendedData>
      <Polygon><outerBoundaryIs><LinearRing><coordinates>18.402952793,-34.2478238063333 18.402952793,-34.245200296 18.40557630325,-34.245200296 18.40557630325,-34.2478238063333 18.402952793,-34.2478238063333</coordinates></LinearRing></outerBoundaryIs></Polygon>
  </Placemark>
  <Placemark>
	<Style><LineStyle><color>ff0000ff</color></LineStyle><PolyStyle><fill>0</fill></PolyStyle></Style>
	<ExtendedData><SchemaData schemaUrl="#jag_id_grid">
		<SimpleData name="env.jag_id">333</SimpleData>
	</SchemaData></ExtendedData>
      <Polygon><outerBoundaryIs><LinearRing><coordinates>18.40557630325,-34.2478238063333 18.40557630325,-34.245200296 18.4081998135,-34.245200296 18.4081998135,-34.2478238063333 18.40557630325,-34.2478238063333</coordinates></LinearRing></outerBoundaryIs></Polygon>
  </Placemark>
  <Placemark>
	<Style><LineStyle><color>ff0000ff</color></LineStyle><PolyStyle><fill>0</fill></PolyStyle></Style>
	<ExtendedData><SchemaData schemaUrl="#jag_id_grid">
		<SimpleData name="env.jag_id">371</SimpleData>
	</SchemaData></ExtendedData>
      <Polygon><outerBoundaryIs><LinearRing><coordinates>18.4081998135,-34.2478238063333 18.4081998135,-34.245200296 18.41082332375,-34.245200296 18.41082332375,-34.2478238063333 18.4081998135,-34.2478238063333</coordinates></LinearRing></outerBoundaryIs></Polygon>
  </Placemark>
  <Placemark>
	<Style><LineStyle><color>ff0000ff</color></LineStyle><PolyStyle><fill>0</fill></PolyStyle></Style>
	<ExtendedData><SchemaData schemaUrl="#jag_id_grid">
		<SimpleData name="env.jag_id">414</SimpleData>
	</SchemaData></ExtendedData>
      <Polygon><outerBoundaryIs><LinearRing><coordinates>18.41082332375,-34.2478238063333 18.41082332375,-34.245200296 18.413446834,-34.245200296 18.413446834,-34.2478238063333 18.41082332375,-34.2478238063333</coordinates></LinearRing></outerBoundaryIs></Polygon>
  </Placemark>
  <Placemark>
	<Style><LineStyle><color>ff0000ff</color></LineStyle><PolyStyle><fill>0</fill></PolyStyle></Style>
	<ExtendedData><SchemaData schemaUrl="#jag_id_grid">
		<SimpleData name="env.jag_id">457</SimpleData>
	</SchemaData></ExtendedData>
      <Polygon><outerBoundaryIs><LinearRing><coordinates>18.413446834,-34.2478238063333 18.413446834,-34.245200296 18.41607034425,-34.245200296 18.41607034425,-34.2478238063333 18.413446834,-34.2478238063333</coordinates></LinearRing></outerBoundaryIs></Polygon>
  </Placemark>
  <Placemark>
	<Style><LineStyle><color>ff0000ff</color></LineStyle><PolyStyle><fill>0</fill></PolyStyle></Style>
	<ExtendedData><SchemaData schemaUrl="#jag_id_grid">
		<SimpleData name="env.jag_id">501</SimpleData>
	</SchemaData></ExtendedData>
      <Polygon><outerBoundaryIs><LinearRing><coordinates>18.41607034425,-34.2478238063333 18.41607034425,-34.245200296 18.4186938545,-34.245200296 18.4186938545,-34.2478238063333 18.41607034425,-34.2478238063333</coordinates></LinearRing></outerBoundaryIs></Polygon>
  </Placemark>
  <Placemark>
	<Style><LineStyle><color>ff0000ff</color></LineStyle><PolyStyle><fill>0</fill></PolyStyle></Style>
	<ExtendedData><SchemaData schemaUrl="#jag_id_grid">
		<SimpleData name="env.jag_id">546</SimpleData>
	</SchemaData></ExtendedData>
      <Polygon><outerBoundaryIs><LinearRing><coordinates>18.4186938545,-34.2478238063333 18.4186938545,-34.245200296 18.42131736475,-34.245200296 18.42131736475,-34.2478238063333 18.4186938545,-34.2478238063333</coordinates></LinearRing></outerBoundaryIs></Polygon>
  </Placemark>
  <Placemark>
	<Style><LineStyle><color>ff0000ff</color></LineStyle><PolyStyle><fill>0</fill></PolyStyle></Style>
	<ExtendedData><SchemaData schemaUrl="#jag_id_grid">
		<SimpleData name="env.jag_id">592</SimpleData>
	</SchemaData></ExtendedData>
      <Polygon><outerBoundaryIs><LinearRing><coordinates>18.42131736475,-34.2478238063333 18.42131736475,-34.245200296 18.423940875,-34.245200296 18.423940875,-34.2478238063333 18.42131736475,-34.2478238063333</coordinates></LinearRing></outerBoundaryIs></Polygon>
  </Placemark>
  <Placemark>
	<Style><LineStyle><color>ff0000ff</color></LineStyle><PolyStyle><fill>0</fill></PolyStyle></Style>
	<ExtendedData><SchemaData schemaUrl="#jag_id_grid">
		<SimpleData name="env.jag_id">638</SimpleData>
	</SchemaData></ExtendedData>
      <Polygon><outerBoundaryIs><LinearRing><coordinates>18.423940875,-34.2478238063333 18.423940875,-34.245200296 18.42656438525,-34.245200296 18.42656438525,-34.2478238063333 18.423940875,-34.2478238063333</coordinates></LinearRing></outerBoundaryIs></Polygon>
  </Placemark>
  <Placemark>
	<Style><LineStyle><color>ff0000ff</color></LineStyle><PolyStyle><fill>0</fill></PolyStyle></Style>
	<ExtendedData><SchemaData schemaUrl="#jag_id_grid">
		<SimpleData name="env.jag_id">679</SimpleData>
	</SchemaData></ExtendedData>
      <Polygon><outerBoundaryIs><LinearRing><coordinates>18.42656438525,-34.2478238063333 18.42656438525,-34.245200296 18.4291878955,-34.245200296 18.4291878955,-34.2478238063333 18.42656438525,-34.2478238063333</coordinates></LinearRing></outerBoundaryIs></Polygon>
  </Placemark>
  <Placemark>
	<Style><LineStyle><color>ff0000ff</color></LineStyle><PolyStyle><fill>0</fill></PolyStyle></Style>
	<ExtendedData><SchemaData schemaUrl="#jag_id_grid">
		<SimpleData name="env.jag_id">1057</SimpleData>
	</SchemaData></ExtendedData>
      <Polygon><outerBoundaryIs><LinearRing><coordinates>18.4501759775,-34.2478238063333 18.4501759775,-34.245200296 18.45279948775,-34.245200296 18.45279948775,-34.2478238063333 18.4501759775,-34.2478238063333</coordinates></LinearRing></outerBoundaryIs></Polygon>
  </Placemark>
  <Placemark>
	<Style><LineStyle><color>ff0000ff</color></LineStyle><PolyStyle><fill>0</fill></PolyStyle></Style>
	<ExtendedData><SchemaData schemaUrl="#jag_id_grid">
		<SimpleData name="env.jag_id">1098</SimpleData>
	</SchemaData></ExtendedData>
      <Polygon><outerBoundaryIs><LinearRing><coordinates>18.45279948775,-34.2478238063333 18.45279948775,-34.245200296 18.455422998,-34.245200296 18.455422998,-34.2478238063333 18.45279948775,-34.2478238063333</coordinates></LinearRing></outerBoundaryIs></Polygon>
  </Placemark>
  <Placemark>
	<Style><LineStyle><color>ff0000ff</color></LineStyle><PolyStyle><fill>0</fill></PolyStyle></Style>
	<ExtendedData><SchemaData schemaUrl="#jag_id_grid">
		<SimpleData name="env.jag_id">1139</SimpleData>
	</SchemaData></ExtendedData>
      <Polygon><outerBoundaryIs><LinearRing><coordinates>18.455422998,-34.2478238063333 18.455422998,-34.245200296 18.45804650825,-34.245200296 18.45804650825,-34.2478238063333 18.455422998,-34.2478238063333</coordinates></LinearRing></outerBoundaryIs></Polygon>
  </Placemark>
  <Placemark>
	<Style><LineStyle><color>ff0000ff</color></LineStyle><PolyStyle><fill>0</fill></PolyStyle></Style>
	<ExtendedData><SchemaData schemaUrl="#jag_id_grid">
		<SimpleData name="env.jag_id">1182</SimpleData>
	</SchemaData></ExtendedData>
      <Polygon><outerBoundaryIs><LinearRing><coordinates>18.45804650825,-34.2478238063333 18.45804650825,-34.245200296 18.4606700185,-34.245200296 18.4606700185,-34.2478238063333 18.45804650825,-34.2478238063333</coordinates></LinearRing></outerBoundaryIs></Polygon>
  </Placemark>
  <Placemark>
	<Style><LineStyle><color>ff0000ff</color></LineStyle><PolyStyle><fill>0</fill></PolyStyle></Style>
	<ExtendedData><SchemaData schemaUrl="#jag_id_grid">
		<SimpleData name="env.jag_id">1221</SimpleData>
	</SchemaData></ExtendedData>
      <Polygon><outerBoundaryIs><LinearRing><coordinates>18.4606700185,-34.2478238063333 18.4606700185,-34.245200296 18.46329352875,-34.245200296 18.46329352875,-34.2478238063333 18.4606700185,-34.2478238063333</coordinates></LinearRing></outerBoundaryIs></Polygon>
  </Placemark>
  <Placemark>
	<Style><LineStyle><color>ff0000ff</color></LineStyle><PolyStyle><fill>0</fill></PolyStyle></Style>
	<ExtendedData><SchemaData schemaUrl="#jag_id_grid">
		<SimpleData name="env.jag_id">1250</SimpleData>
	</SchemaData></ExtendedData>
      <Polygon><outerBoundaryIs><LinearRing><coordinates>18.46329352875,-34.2478238063333 18.46329352875,-34.245200296 18.465917039,-34.245200296 18.465917039,-34.2478238063333 18.46329352875,-34.2478238063333</coordinates></LinearRing></outerBoundaryIs></Polygon>
  </Placemark>
  <Placemark>
	<Style><LineStyle><color>ff0000ff</color></LineStyle><PolyStyle><fill>0</fill></PolyStyle></Style>
	<ExtendedData><SchemaData schemaUrl="#jag_id_grid">
		<SimpleData name="env.jag_id">1278</SimpleData>
	</SchemaData></ExtendedData>
      <Polygon><outerBoundaryIs><LinearRing><coordinates>18.465917039,-34.2478238063333 18.465917039,-34.245200296 18.46854054925,-34.245200296 18.46854054925,-34.2478238063333 18.465917039,-34.2478238063333</coordinates></LinearRing></outerBoundaryIs></Polygon>
  </Placemark>
  <Placemark>
	<Style><LineStyle><color>ff0000ff</color></LineStyle><PolyStyle><fill>0</fill></PolyStyle></Style>
	<ExtendedData><SchemaData schemaUrl="#jag_id_grid">
		<SimpleData name="env.jag_id">1297</SimpleData>
	</SchemaData></ExtendedData>
      <Polygon><outerBoundaryIs><LinearRing><coordinates>18.46854054925,-34.2478238063333 18.46854054925,-34.245200296 18.4711640595,-34.245200296 18.4711640595,-34.2478238063333 18.46854054925,-34.2478238063333</coordinates></LinearRing></outerBoundaryIs></Polygon>
  </Placemark>
  <Placemark>
	<Style><LineStyle><color>ff0000ff</color></LineStyle><PolyStyle><fill>0</fill></PolyStyle></Style>
	<ExtendedData><SchemaData schemaUrl="#jag_id_grid">
		<SimpleData name="env.jag_id">1310</SimpleData>
	</SchemaData></ExtendedData>
      <Polygon><outerBoundaryIs><LinearRing><coordinates>18.4711640595,-34.2478238063333 18.4711640595,-34.245200296 18.47378756975,-34.245200296 18.47378756975,-34.2478238063333 18.4711640595,-34.2478238063333</coordinates></LinearRing></outerBoundaryIs></Polygon>
  </Placemark>
  <Placemark>
	<Style><LineStyle><color>ff0000ff</color></LineStyle><PolyStyle><fill>0</fill></PolyStyle></Style>
	<ExtendedData><SchemaData schemaUrl="#jag_id_grid">
		<SimpleData name="env.jag_id">54</SimpleData>
	</SchemaData></ExtendedData>
      <Polygon><outerBoundaryIs><LinearRing><coordinates>18.381964711,-34.2504473166667 18.381964711,-34.2478238063333 18.38458822125,-34.2478238063333 18.38458822125,-34.2504473166667 18.381964711,-34.2504473166667</coordinates></LinearRing></outerBoundaryIs></Polygon>
  </Placemark>
  <Placemark>
	<Style><LineStyle><color>ff0000ff</color></LineStyle><PolyStyle><fill>0</fill></PolyStyle></Style>
	<ExtendedData><SchemaData schemaUrl="#jag_id_grid">
		<SimpleData name="env.jag_id">80</SimpleData>
	</SchemaData></ExtendedData>
      <Polygon><outerBoundaryIs><LinearRing><coordinates>18.38458822125,-34.2504473166667 18.38458822125,-34.2478238063333 18.3872117315,-34.2478238063333 18.3872117315,-34.2504473166667 18.38458822125,-34.2504473166667</coordinates></LinearRing></outerBoundaryIs></Polygon>
  </Placemark>
  <Placemark>
	<Style><LineStyle><color>ff0000ff</color></LineStyle><PolyStyle><fill>0</fill></PolyStyle></Style>
	<ExtendedData><SchemaData schemaUrl="#jag_id_grid">
		<SimpleData name="env.jag_id">109</SimpleData>
	</SchemaData></ExtendedData>
      <Polygon><outerBoundaryIs><LinearRing><coordinates>18.3872117315,-34.2504473166667 18.3872117315,-34.2478238063333 18.38983524175,-34.2478238063333 18.38983524175,-34.2504473166667 18.3872117315,-34.2504473166667</coordinates></LinearRing></outerBoundaryIs></Polygon>
  </Placemark>
  <Placemark>
	<Style><LineStyle><color>ff0000ff</color></LineStyle><PolyStyle><fill>0</fill></PolyStyle></Style>
	<ExtendedData><SchemaData schemaUrl="#jag_id_grid">
		<SimpleData name="env.jag_id">138</SimpleData>
	</SchemaData></ExtendedData>
      <Polygon><outerBoundaryIs><LinearRing><coordinates>18.38983524175,-34.2504473166667 18.38983524175,-34.2478238063333 18.392458752,-34.2478238063333 18.392458752,-34.2504473166667 18.38983524175,-34.2504473166667</coordinates></LinearRing></outerBoundaryIs></Polygon>
  </Placemark>
  <Placemark>
	<Style><LineStyle><color>ff0000ff</color></LineStyle><PolyStyle><fill>0</fill></PolyStyle></Style>
	<ExtendedData><SchemaData schemaUrl="#jag_id_grid">
		<SimpleData name="env.jag_id">168</SimpleData>
	</SchemaData></ExtendedData>
      <Polygon><outerBoundaryIs><LinearRing><coordinates>18.392458752,-34.2504473166667 18.392458752,-34.2478238063333 18.39508226225,-34.2478238063333 18.39508226225,-34.2504473166667 18.392458752,-34.2504473166667</coordinates></LinearRing></outerBoundaryIs></Polygon>
  </Placemark>
  <Placemark>
	<Style><LineStyle><color>ff0000ff</color></LineStyle><PolyStyle><fill>0</fill></PolyStyle></Style>
	<ExtendedData><SchemaData schemaUrl="#jag_id_grid">
		<SimpleData name="env.jag_id">201</SimpleData>
	</SchemaData></ExtendedData>
      <Polygon><outerBoundaryIs><LinearRing><coordinates>18.39508226225,-34.2504473166667 18.39508226225,-34.2478238063333 18.3977057725,-34.2478238063333 18.3977057725,-34.2504473166667 18.39508226225,-34.2504473166667</coordinates></LinearRing></outerBoundaryIs></Polygon>
  </Placemark>
  <Placemark>
	<Style><LineStyle><color>ff0000ff</color></LineStyle><PolyStyle><fill>0</fill></PolyStyle></Style>
	<ExtendedData><SchemaData schemaUrl="#jag_id_grid">
		<SimpleData name="env.jag_id">234</SimpleData>
	</SchemaData></ExtendedData>
      <Polygon><outerBoundaryIs><LinearRing><coordinates>18.3977057725,-34.2504473166667 18.3977057725,-34.2478238063333 18.40032928275,-34.2478238063333 18.40032928275,-34.2504473166667 18.3977057725,-34.2504473166667</coordinates></LinearRing></outerBoundaryIs></Polygon>
  </Placemark>
  <Placemark>
	<Style><LineStyle><color>ff0000ff</color></LineStyle><PolyStyle><fill>0</fill></PolyStyle></Style>
	<ExtendedData><SchemaData schemaUrl="#jag_id_grid">
		<SimpleData name="env.jag_id">267</SimpleData>
	</SchemaData></ExtendedData>
      <Polygon><outerBoundaryIs><LinearRing><coordinates>18.40032928275,-34.2504473166667 18.40032928275,-34.2478238063333 18.402952793,-34.2478238063333 18.402952793,-34.2504473166667 18.40032928275,-34.2504473166667</coordinates></LinearRing></outerBoundaryIs></Polygon>
  </Placemark>
  <Placemark>
	<Style><LineStyle><color>ff0000ff</color></LineStyle><PolyStyle><fill>0</fill></PolyStyle></Style>
	<ExtendedData><SchemaData schemaUrl="#jag_id_grid">
		<SimpleData name="env.jag_id">299</SimpleData>
	</SchemaData></ExtendedData>
      <Polygon><outerBoundaryIs><LinearRing><coordinates>18.402952793,-34.2504473166667 18.402952793,-34.2478238063333 18.40557630325,-34.2478238063333 18.40557630325,-34.2504473166667 18.402952793,-34.2504473166667</coordinates></LinearRing></outerBoundaryIs></Polygon>
  </Placemark>
  <Placemark>
	<Style><LineStyle><color>ff0000ff</color></LineStyle><PolyStyle><fill>0</fill></PolyStyle></Style>
	<ExtendedData><SchemaData schemaUrl="#jag_id_grid">
		<SimpleData name="env.jag_id">334</SimpleData>
	</SchemaData></ExtendedData>
      <Polygon><outerBoundaryIs><LinearRing><coordinates>18.40557630325,-34.2504473166667 18.40557630325,-34.2478238063333 18.4081998135,-34.2478238063333 18.4081998135,-34.2504473166667 18.40557630325,-34.2504473166667</coordinates></LinearRing></outerBoundaryIs></Polygon>
  </Placemark>
  <Placemark>
	<Style><LineStyle><color>ff0000ff</color></LineStyle><PolyStyle><fill>0</fill></PolyStyle></Style>
	<ExtendedData><SchemaData schemaUrl="#jag_id_grid">
		<SimpleData name="env.jag_id">372</SimpleData>
	</SchemaData></ExtendedData>
      <Polygon><outerBoundaryIs><LinearRing><coordinates>18.4081998135,-34.2504473166667 18.4081998135,-34.2478238063333 18.41082332375,-34.2478238063333 18.41082332375,-34.2504473166667 18.4081998135,-34.2504473166667</coordinates></LinearRing></outerBoundaryIs></Polygon>
  </Placemark>
  <Placemark>
	<Style><LineStyle><color>ff0000ff</color></LineStyle><PolyStyle><fill>0</fill></PolyStyle></Style>
	<ExtendedData><SchemaData schemaUrl="#jag_id_grid">
		<SimpleData name="env.jag_id">415</SimpleData>
	</SchemaData></ExtendedData>
      <Polygon><outerBoundaryIs><LinearRing><coordinates>18.41082332375,-34.2504473166667 18.41082332375,-34.2478238063333 18.413446834,-34.2478238063333 18.413446834,-34.2504473166667 18.41082332375,-34.2504473166667</coordinates></LinearRing></outerBoundaryIs></Polygon>
  </Placemark>
  <Placemark>
	<Style><LineStyle><color>ff0000ff</color></LineStyle><PolyStyle><fill>0</fill></PolyStyle></Style>
	<ExtendedData><SchemaData schemaUrl="#jag_id_grid">
		<SimpleData name="env.jag_id">458</SimpleData>
	</SchemaData></ExtendedData>
      <Polygon><outerBoundaryIs><LinearRing><coordinates>18.413446834,-34.2504473166667 18.413446834,-34.2478238063333 18.41607034425,-34.2478238063333 18.41607034425,-34.2504473166667 18.413446834,-34.2504473166667</coordinates></LinearRing></outerBoundaryIs></Polygon>
  </Placemark>
  <Placemark>
	<Style><LineStyle><color>ff0000ff</color></LineStyle><PolyStyle><fill>0</fill></PolyStyle></Style>
	<ExtendedData><SchemaData schemaUrl="#jag_id_grid">
		<SimpleData name="env.jag_id">502</SimpleData>
	</SchemaData></ExtendedData>
      <Polygon><outerBoundaryIs><LinearRing><coordinates>18.41607034425,-34.2504473166667 18.41607034425,-34.2478238063333 18.4186938545,-34.2478238063333 18.4186938545,-34.2504473166667 18.41607034425,-34.2504473166667</coordinates></LinearRing></outerBoundaryIs></Polygon>
  </Placemark>
  <Placemark>
	<Style><LineStyle><color>ff0000ff</color></LineStyle><PolyStyle><fill>0</fill></PolyStyle></Style>
	<ExtendedData><SchemaData schemaUrl="#jag_id_grid">
		<SimpleData name="env.jag_id">547</SimpleData>
	</SchemaData></ExtendedData>
      <Polygon><outerBoundaryIs><LinearRing><coordinates>18.4186938545,-34.2504473166667 18.4186938545,-34.2478238063333 18.42131736475,-34.2478238063333 18.42131736475,-34.2504473166667 18.4186938545,-34.2504473166667</coordinates></LinearRing></outerBoundaryIs></Polygon>
  </Placemark>
  <Placemark>
	<Style><LineStyle><color>ff0000ff</color></LineStyle><PolyStyle><fill>0</fill></PolyStyle></Style>
	<ExtendedData><SchemaData schemaUrl="#jag_id_grid">
		<SimpleData name="env.jag_id">593</SimpleData>
	</SchemaData></ExtendedData>
      <Polygon><outerBoundaryIs><LinearRing><coordinates>18.42131736475,-34.2504473166667 18.42131736475,-34.2478238063333 18.423940875,-34.2478238063333 18.423940875,-34.2504473166667 18.42131736475,-34.2504473166667</coordinates></LinearRing></outerBoundaryIs></Polygon>
  </Placemark>
  <Placemark>
	<Style><LineStyle><color>ff0000ff</color></LineStyle><PolyStyle><fill>0</fill></PolyStyle></Style>
	<ExtendedData><SchemaData schemaUrl="#jag_id_grid">
		<SimpleData name="env.jag_id">639</SimpleData>
	</SchemaData></ExtendedData>
      <Polygon><outerBoundaryIs><LinearRing><coordinates>18.423940875,-34.2504473166667 18.423940875,-34.2478238063333 18.42656438525,-34.2478238063333 18.42656438525,-34.2504473166667 18.423940875,-34.2504473166667</coordinates></LinearRing></outerBoundaryIs></Polygon>
  </Placemark>
  <Placemark>
	<Style><LineStyle><color>ff0000ff</color></LineStyle><PolyStyle><fill>0</fill></PolyStyle></Style>
	<ExtendedData><SchemaData schemaUrl="#jag_id_grid">
		<SimpleData name="env.jag_id">680</SimpleData>
	</SchemaData></ExtendedData>
      <Polygon><outerBoundaryIs><LinearRing><coordinates>18.42656438525,-34.2504473166667 18.42656438525,-34.2478238063333 18.4291878955,-34.2478238063333 18.4291878955,-34.2504473166667 18.42656438525,-34.2504473166667</coordinates></LinearRing></outerBoundaryIs></Polygon>
  </Placemark>
  <Placemark>
	<Style><LineStyle><color>ff0000ff</color></LineStyle><PolyStyle><fill>0</fill></PolyStyle></Style>
	<ExtendedData><SchemaData schemaUrl="#jag_id_grid">
		<SimpleData name="env.jag_id">723</SimpleData>
	</SchemaData></ExtendedData>
      <Polygon><outerBoundaryIs><LinearRing><coordinates>18.4291878955,-34.2504473166667 18.4291878955,-34.2478238063333 18.43181140575,-34.2478238063333 18.43181140575,-34.2504473166667 18.4291878955,-34.2504473166667</coordinates></LinearRing></outerBoundaryIs></Polygon>
  </Placemark>
  <Placemark>
	<Style><LineStyle><color>ff0000ff</color></LineStyle><PolyStyle><fill>0</fill></PolyStyle></Style>
	<ExtendedData><SchemaData schemaUrl="#jag_id_grid">
		<SimpleData name="env.jag_id">762</SimpleData>
	</SchemaData></ExtendedData>
      <Polygon><outerBoundaryIs><LinearRing><coordinates>18.43181140575,-34.2504473166667 18.43181140575,-34.2478238063333 18.434434916,-34.2478238063333 18.434434916,-34.2504473166667 18.43181140575,-34.2504473166667</coordinates></LinearRing></outerBoundaryIs></Polygon>
  </Placemark>
  <Placemark>
	<Style><LineStyle><color>ff0000ff</color></LineStyle><PolyStyle><fill>0</fill></PolyStyle></Style>
	<ExtendedData><SchemaData schemaUrl="#jag_id_grid">
		<SimpleData name="env.jag_id">802</SimpleData>
	</SchemaData></ExtendedData>
      <Polygon><outerBoundaryIs><LinearRing><coordinates>18.434434916,-34.2504473166667 18.434434916,-34.2478238063333 18.43705842625,-34.2478238063333 18.43705842625,-34.2504473166667 18.434434916,-34.2504473166667</coordinates></LinearRing></outerBoundaryIs></Polygon>
  </Placemark>
  <Placemark>
	<Style><LineStyle><color>ff0000ff</color></LineStyle><PolyStyle><fill>0</fill></PolyStyle></Style>
	<ExtendedData><SchemaData schemaUrl="#jag_id_grid">
		<SimpleData name="env.jag_id">1140</SimpleData>
	</SchemaData></ExtendedData>
      <Polygon><outerBoundaryIs><LinearRing><coordinates>18.455422998,-34.2504473166667 18.455422998,-34.2478238063333 18.45804650825,-34.2478238063333 18.45804650825,-34.2504473166667 18.455422998,-34.2504473166667</coordinates></LinearRing></outerBoundaryIs></Polygon>
  </Placemark>
  <Placemark>
	<Style><LineStyle><color>ff0000ff</color></LineStyle><PolyStyle><fill>0</fill></PolyStyle></Style>
	<ExtendedData><SchemaData schemaUrl="#jag_id_grid">
		<SimpleData name="env.jag_id">1183</SimpleData>
	</SchemaData></ExtendedData>
      <Polygon><outerBoundaryIs><LinearRing><coordinates>18.45804650825,-34.2504473166667 18.45804650825,-34.2478238063333 18.4606700185,-34.2478238063333 18.4606700185,-34.2504473166667 18.45804650825,-34.2504473166667</coordinates></LinearRing></outerBoundaryIs></Polygon>
  </Placemark>
  <Placemark>
	<Style><LineStyle><color>ff0000ff</color></LineStyle><PolyStyle><fill>0</fill></PolyStyle></Style>
	<ExtendedData><SchemaData schemaUrl="#jag_id_grid">
		<SimpleData name="env.jag_id">1222</SimpleData>
	</SchemaData></ExtendedData>
      <Polygon><outerBoundaryIs><LinearRing><coordinates>18.4606700185,-34.2504473166667 18.4606700185,-34.2478238063333 18.46329352875,-34.2478238063333 18.46329352875,-34.2504473166667 18.4606700185,-34.2504473166667</coordinates></LinearRing></outerBoundaryIs></Polygon>
  </Placemark>
  <Placemark>
	<Style><LineStyle><color>ff0000ff</color></LineStyle><PolyStyle><fill>0</fill></PolyStyle></Style>
	<ExtendedData><SchemaData schemaUrl="#jag_id_grid">
		<SimpleData name="env.jag_id">1251</SimpleData>
	</SchemaData></ExtendedData>
      <Polygon><outerBoundaryIs><LinearRing><coordinates>18.46329352875,-34.2504473166667 18.46329352875,-34.2478238063333 18.465917039,-34.2478238063333 18.465917039,-34.2504473166667 18.46329352875,-34.2504473166667</coordinates></LinearRing></outerBoundaryIs></Polygon>
  </Placemark>
  <Placemark>
	<Style><LineStyle><color>ff0000ff</color></LineStyle><PolyStyle><fill>0</fill></PolyStyle></Style>
	<ExtendedData><SchemaData schemaUrl="#jag_id_grid">
		<SimpleData name="env.jag_id">1279</SimpleData>
	</SchemaData></ExtendedData>
      <Polygon><outerBoundaryIs><LinearRing><coordinates>18.465917039,-34.2504473166667 18.465917039,-34.2478238063333 18.46854054925,-34.2478238063333 18.46854054925,-34.2504473166667 18.465917039,-34.2504473166667</coordinates></LinearRing></outerBoundaryIs></Polygon>
  </Placemark>
  <Placemark>
	<Style><LineStyle><color>ff0000ff</color></LineStyle><PolyStyle><fill>0</fill></PolyStyle></Style>
	<ExtendedData><SchemaData schemaUrl="#jag_id_grid">
		<SimpleData name="env.jag_id">1298</SimpleData>
	</SchemaData></ExtendedData>
      <Polygon><outerBoundaryIs><LinearRing><coordinates>18.46854054925,-34.2504473166667 18.46854054925,-34.2478238063333 18.4711640595,-34.2478238063333 18.4711640595,-34.2504473166667 18.46854054925,-34.2504473166667</coordinates></LinearRing></outerBoundaryIs></Polygon>
  </Placemark>
  <Placemark>
	<Style><LineStyle><color>ff0000ff</color></LineStyle><PolyStyle><fill>0</fill></PolyStyle></Style>
	<ExtendedData><SchemaData schemaUrl="#jag_id_grid">
		<SimpleData name="env.jag_id">1311</SimpleData>
	</SchemaData></ExtendedData>
      <Polygon><outerBoundaryIs><LinearRing><coordinates>18.4711640595,-34.2504473166667 18.4711640595,-34.2478238063333 18.47378756975,-34.2478238063333 18.47378756975,-34.2504473166667 18.4711640595,-34.2504473166667</coordinates></LinearRing></outerBoundaryIs></Polygon>
  </Placemark>
  <Placemark>
	<Style><LineStyle><color>ff0000ff</color></LineStyle><PolyStyle><fill>0</fill></PolyStyle></Style>
	<ExtendedData><SchemaData schemaUrl="#jag_id_grid">
		<SimpleData name="env.jag_id">55</SimpleData>
	</SchemaData></ExtendedData>
      <Polygon><outerBoundaryIs><LinearRing><coordinates>18.381964711,-34.253070827 18.381964711,-34.2504473166667 18.38458822125,-34.2504473166667 18.38458822125,-34.253070827 18.381964711,-34.253070827</coordinates></LinearRing></outerBoundaryIs></Polygon>
  </Placemark>
  <Placemark>
	<Style><LineStyle><color>ff0000ff</color></LineStyle><PolyStyle><fill>0</fill></PolyStyle></Style>
	<ExtendedData><SchemaData schemaUrl="#jag_id_grid">
		<SimpleData name="env.jag_id">81</SimpleData>
	</SchemaData></ExtendedData>
      <Polygon><outerBoundaryIs><LinearRing><coordinates>18.38458822125,-34.253070827 18.38458822125,-34.2504473166667 18.3872117315,-34.2504473166667 18.3872117315,-34.253070827 18.38458822125,-34.253070827</coordinates></LinearRing></outerBoundaryIs></Polygon>
  </Placemark>
  <Placemark>
	<Style><LineStyle><color>ff0000ff</color></LineStyle><PolyStyle><fill>0</fill></PolyStyle></Style>
	<ExtendedData><SchemaData schemaUrl="#jag_id_grid">
		<SimpleData name="env.jag_id">110</SimpleData>
	</SchemaData></ExtendedData>
      <Polygon><outerBoundaryIs><LinearRing><coordinates>18.3872117315,-34.253070827 18.3872117315,-34.2504473166667 18.38983524175,-34.2504473166667 18.38983524175,-34.253070827 18.3872117315,-34.253070827</coordinates></LinearRing></outerBoundaryIs></Polygon>
  </Placemark>
  <Placemark>
	<Style><LineStyle><color>ff0000ff</color></LineStyle><PolyStyle><fill>0</fill></PolyStyle></Style>
	<ExtendedData><SchemaData schemaUrl="#jag_id_grid">
		<SimpleData name="env.jag_id">139</SimpleData>
	</SchemaData></ExtendedData>
      <Polygon><outerBoundaryIs><LinearRing><coordinates>18.38983524175,-34.253070827 18.38983524175,-34.2504473166667 18.392458752,-34.2504473166667 18.392458752,-34.253070827 18.38983524175,-34.253070827</coordinates></LinearRing></outerBoundaryIs></Polygon>
  </Placemark>
  <Placemark>
	<Style><LineStyle><color>ff0000ff</color></LineStyle><PolyStyle><fill>0</fill></PolyStyle></Style>
	<ExtendedData><SchemaData schemaUrl="#jag_id_grid">
		<SimpleData name="env.jag_id">169</SimpleData>
	</SchemaData></ExtendedData>
      <Polygon><outerBoundaryIs><LinearRing><coordinates>18.392458752,-34.253070827 18.392458752,-34.2504473166667 18.39508226225,-34.2504473166667 18.39508226225,-34.253070827 18.392458752,-34.253070827</coordinates></LinearRing></outerBoundaryIs></Polygon>
  </Placemark>
  <Placemark>
	<Style><LineStyle><color>ff0000ff</color></LineStyle><PolyStyle><fill>0</fill></PolyStyle></Style>
	<ExtendedData><SchemaData schemaUrl="#jag_id_grid">
		<SimpleData name="env.jag_id">202</SimpleData>
	</SchemaData></ExtendedData>
      <Polygon><outerBoundaryIs><LinearRing><coordinates>18.39508226225,-34.253070827 18.39508226225,-34.2504473166667 18.3977057725,-34.2504473166667 18.3977057725,-34.253070827 18.39508226225,-34.253070827</coordinates></LinearRing></outerBoundaryIs></Polygon>
  </Placemark>
  <Placemark>
	<Style><LineStyle><color>ff0000ff</color></LineStyle><PolyStyle><fill>0</fill></PolyStyle></Style>
	<ExtendedData><SchemaData schemaUrl="#jag_id_grid">
		<SimpleData name="env.jag_id">235</SimpleData>
	</SchemaData></ExtendedData>
      <Polygon><outerBoundaryIs><LinearRing><coordinates>18.3977057725,-34.253070827 18.3977057725,-34.2504473166667 18.40032928275,-34.2504473166667 18.40032928275,-34.253070827 18.3977057725,-34.253070827</coordinates></LinearRing></outerBoundaryIs></Polygon>
  </Placemark>
  <Placemark>
	<Style><LineStyle><color>ff0000ff</color></LineStyle><PolyStyle><fill>0</fill></PolyStyle></Style>
	<ExtendedData><SchemaData schemaUrl="#jag_id_grid">
		<SimpleData name="env.jag_id">268</SimpleData>
	</SchemaData></ExtendedData>
      <Polygon><outerBoundaryIs><LinearRing><coordinates>18.40032928275,-34.253070827 18.40032928275,-34.2504473166667 18.402952793,-34.2504473166667 18.402952793,-34.253070827 18.40032928275,-34.253070827</coordinates></LinearRing></outerBoundaryIs></Polygon>
  </Placemark>
  <Placemark>
	<Style><LineStyle><color>ff0000ff</color></LineStyle><PolyStyle><fill>0</fill></PolyStyle></Style>
	<ExtendedData><SchemaData schemaUrl="#jag_id_grid">
		<SimpleData name="env.jag_id">300</SimpleData>
	</SchemaData></ExtendedData>
      <Polygon><outerBoundaryIs><LinearRing><coordinates>18.402952793,-34.253070827 18.402952793,-34.2504473166667 18.40557630325,-34.2504473166667 18.40557630325,-34.253070827 18.402952793,-34.253070827</coordinates></LinearRing></outerBoundaryIs></Polygon>
  </Placemark>
  <Placemark>
	<Style><LineStyle><color>ff0000ff</color></LineStyle><PolyStyle><fill>0</fill></PolyStyle></Style>
	<ExtendedData><SchemaData schemaUrl="#jag_id_grid">
		<SimpleData name="env.jag_id">335</SimpleData>
	</SchemaData></ExtendedData>
      <Polygon><outerBoundaryIs><LinearRing><coordinates>18.40557630325,-34.253070827 18.40557630325,-34.2504473166667 18.4081998135,-34.2504473166667 18.4081998135,-34.253070827 18.40557630325,-34.253070827</coordinates></LinearRing></outerBoundaryIs></Polygon>
  </Placemark>
  <Placemark>
	<Style><LineStyle><color>ff0000ff</color></LineStyle><PolyStyle><fill>0</fill></PolyStyle></Style>
	<ExtendedData><SchemaData schemaUrl="#jag_id_grid">
		<SimpleData name="env.jag_id">373</SimpleData>
	</SchemaData></ExtendedData>
      <Polygon><outerBoundaryIs><LinearRing><coordinates>18.4081998135,-34.253070827 18.4081998135,-34.2504473166667 18.41082332375,-34.2504473166667 18.41082332375,-34.253070827 18.4081998135,-34.253070827</coordinates></LinearRing></outerBoundaryIs></Polygon>
  </Placemark>
  <Placemark>
	<Style><LineStyle><color>ff0000ff</color></LineStyle><PolyStyle><fill>0</fill></PolyStyle></Style>
	<ExtendedData><SchemaData schemaUrl="#jag_id_grid">
		<SimpleData name="env.jag_id">416</SimpleData>
	</SchemaData></ExtendedData>
      <Polygon><outerBoundaryIs><LinearRing><coordinates>18.41082332375,-34.253070827 18.41082332375,-34.2504473166667 18.413446834,-34.2504473166667 18.413446834,-34.253070827 18.41082332375,-34.253070827</coordinates></LinearRing></outerBoundaryIs></Polygon>
  </Placemark>
  <Placemark>
	<Style><LineStyle><color>ff0000ff</color></LineStyle><PolyStyle><fill>0</fill></PolyStyle></Style>
	<ExtendedData><SchemaData schemaUrl="#jag_id_grid">
		<SimpleData name="env.jag_id">459</SimpleData>
	</SchemaData></ExtendedData>
      <Polygon><outerBoundaryIs><LinearRing><coordinates>18.413446834,-34.253070827 18.413446834,-34.2504473166667 18.41607034425,-34.2504473166667 18.41607034425,-34.253070827 18.413446834,-34.253070827</coordinates></LinearRing></outerBoundaryIs></Polygon>
  </Placemark>
  <Placemark>
	<Style><LineStyle><color>ff0000ff</color></LineStyle><PolyStyle><fill>0</fill></PolyStyle></Style>
	<ExtendedData><SchemaData schemaUrl="#jag_id_grid">
		<SimpleData name="env.jag_id">503</SimpleData>
	</SchemaData></ExtendedData>
      <Polygon><outerBoundaryIs><LinearRing><coordinates>18.41607034425,-34.253070827 18.41607034425,-34.2504473166667 18.4186938545,-34.2504473166667 18.4186938545,-34.253070827 18.41607034425,-34.253070827</coordinates></LinearRing></outerBoundaryIs></Polygon>
  </Placemark>
  <Placemark>
	<Style><LineStyle><color>ff0000ff</color></LineStyle><PolyStyle><fill>0</fill></PolyStyle></Style>
	<ExtendedData><SchemaData schemaUrl="#jag_id_grid">
		<SimpleData name="env.jag_id">548</SimpleData>
	</SchemaData></ExtendedData>
      <Polygon><outerBoundaryIs><LinearRing><coordinates>18.4186938545,-34.253070827 18.4186938545,-34.2504473166667 18.42131736475,-34.2504473166667 18.42131736475,-34.253070827 18.4186938545,-34.253070827</coordinates></LinearRing></outerBoundaryIs></Polygon>
  </Placemark>
  <Placemark>
	<Style><LineStyle><color>ff0000ff</color></LineStyle><PolyStyle><fill>0</fill></PolyStyle></Style>
	<ExtendedData><SchemaData schemaUrl="#jag_id_grid">
		<SimpleData name="env.jag_id">594</SimpleData>
	</SchemaData></ExtendedData>
      <Polygon><outerBoundaryIs><LinearRing><coordinates>18.42131736475,-34.253070827 18.42131736475,-34.2504473166667 18.423940875,-34.2504473166667 18.423940875,-34.253070827 18.42131736475,-34.253070827</coordinates></LinearRing></outerBoundaryIs></Polygon>
  </Placemark>
  <Placemark>
	<Style><LineStyle><color>ff0000ff</color></LineStyle><PolyStyle><fill>0</fill></PolyStyle></Style>
	<ExtendedData><SchemaData schemaUrl="#jag_id_grid">
		<SimpleData name="env.jag_id">640</SimpleData>
	</SchemaData></ExtendedData>
      <Polygon><outerBoundaryIs><LinearRing><coordinates>18.423940875,-34.253070827 18.423940875,-34.2504473166667 18.42656438525,-34.2504473166667 18.42656438525,-34.253070827 18.423940875,-34.253070827</coordinates></LinearRing></outerBoundaryIs></Polygon>
  </Placemark>
  <Placemark>
	<Style><LineStyle><color>ff0000ff</color></LineStyle><PolyStyle><fill>0</fill></PolyStyle></Style>
	<ExtendedData><SchemaData schemaUrl="#jag_id_grid">
		<SimpleData name="env.jag_id">681</SimpleData>
	</SchemaData></ExtendedData>
      <Polygon><outerBoundaryIs><LinearRing><coordinates>18.42656438525,-34.253070827 18.42656438525,-34.2504473166667 18.4291878955,-34.2504473166667 18.4291878955,-34.253070827 18.42656438525,-34.253070827</coordinates></LinearRing></outerBoundaryIs></Polygon>
  </Placemark>
  <Placemark>
	<Style><LineStyle><color>ff0000ff</color></LineStyle><PolyStyle><fill>0</fill></PolyStyle></Style>
	<ExtendedData><SchemaData schemaUrl="#jag_id_grid">
		<SimpleData name="env.jag_id">724</SimpleData>
	</SchemaData></ExtendedData>
      <Polygon><outerBoundaryIs><LinearRing><coordinates>18.4291878955,-34.253070827 18.4291878955,-34.2504473166667 18.43181140575,-34.2504473166667 18.43181140575,-34.253070827 18.4291878955,-34.253070827</coordinates></LinearRing></outerBoundaryIs></Polygon>
  </Placemark>
  <Placemark>
	<Style><LineStyle><color>ff0000ff</color></LineStyle><PolyStyle><fill>0</fill></PolyStyle></Style>
	<ExtendedData><SchemaData schemaUrl="#jag_id_grid">
		<SimpleData name="env.jag_id">763</SimpleData>
	</SchemaData></ExtendedData>
      <Polygon><outerBoundaryIs><LinearRing><coordinates>18.43181140575,-34.253070827 18.43181140575,-34.2504473166667 18.434434916,-34.2504473166667 18.434434916,-34.253070827 18.43181140575,-34.253070827</coordinates></LinearRing></outerBoundaryIs></Polygon>
  </Placemark>
  <Placemark>
	<Style><LineStyle><color>ff0000ff</color></LineStyle><PolyStyle><fill>0</fill></PolyStyle></Style>
	<ExtendedData><SchemaData schemaUrl="#jag_id_grid">
		<SimpleData name="env.jag_id">803</SimpleData>
	</SchemaData></ExtendedData>
      <Polygon><outerBoundaryIs><LinearRing><coordinates>18.434434916,-34.253070827 18.434434916,-34.2504473166667 18.43705842625,-34.2504473166667 18.43705842625,-34.253070827 18.434434916,-34.253070827</coordinates></LinearRing></outerBoundaryIs></Polygon>
  </Placemark>
  <Placemark>
	<Style><LineStyle><color>ff0000ff</color></LineStyle><PolyStyle><fill>0</fill></PolyStyle></Style>
	<ExtendedData><SchemaData schemaUrl="#jag_id_grid">
		<SimpleData name="env.jag_id">843</SimpleData>
	</SchemaData></ExtendedData>
      <Polygon><outerBoundaryIs><LinearRing><coordinates>18.43705842625,-34.253070827 18.43705842625,-34.2504473166667 18.4396819365,-34.2504473166667 18.4396819365,-34.253070827 18.43705842625,-34.253070827</coordinates></LinearRing></outerBoundaryIs></Polygon>
  </Placemark>
  <Placemark>
	<Style><LineStyle><color>ff0000ff</color></LineStyle><PolyStyle><fill>0</fill></PolyStyle></Style>
	<ExtendedData><SchemaData schemaUrl="#jag_id_grid">
		<SimpleData name="env.jag_id">1280</SimpleData>
	</SchemaData></ExtendedData>
      <Polygon><outerBoundaryIs><LinearRing><coordinates>18.465917039,-34.253070827 18.465917039,-34.2504473166667 18.46854054925,-34.2504473166667 18.46854054925,-34.253070827 18.465917039,-34.253070827</coordinates></LinearRing></outerBoundaryIs></Polygon>
  </Placemark>
  <Placemark>
	<Style><LineStyle><color>ff0000ff</color></LineStyle><PolyStyle><fill>0</fill></PolyStyle></Style>
	<ExtendedData><SchemaData schemaUrl="#jag_id_grid">
		<SimpleData name="env.jag_id">1299</SimpleData>
	</SchemaData></ExtendedData>
      <Polygon><outerBoundaryIs><LinearRing><coordinates>18.46854054925,-34.253070827 18.46854054925,-34.2504473166667 18.4711640595,-34.2504473166667 18.4711640595,-34.253070827 18.46854054925,-34.253070827</coordinates></LinearRing></outerBoundaryIs></Polygon>
  </Placemark>
  <Placemark>
	<Style><LineStyle><color>ff0000ff</color></LineStyle><PolyStyle><fill>0</fill></PolyStyle></Style>
	<ExtendedData><SchemaData schemaUrl="#jag_id_grid">
		<SimpleData name="env.jag_id">1312</SimpleData>
	</SchemaData></ExtendedData>
      <Polygon><outerBoundaryIs><LinearRing><coordinates>18.4711640595,-34.253070827 18.4711640595,-34.2504473166667 18.47378756975,-34.2504473166667 18.47378756975,-34.253070827 18.4711640595,-34.253070827</coordinates></LinearRing></outerBoundaryIs></Polygon>
  </Placemark>
  <Placemark>
	<Style><LineStyle><color>ff0000ff</color></LineStyle><PolyStyle><fill>0</fill></PolyStyle></Style>
	<ExtendedData><SchemaData schemaUrl="#jag_id_grid">
		<SimpleData name="env.jag_id">1317</SimpleData>
	</SchemaData></ExtendedData>
      <Polygon><outerBoundaryIs><LinearRing><coordinates>18.47378756975,-34.253070827 18.47378756975,-34.2504473166667 18.47641108,-34.2504473166667 18.47641108,-34.253070827 18.47378756975,-34.253070827</coordinates></LinearRing></outerBoundaryIs></Polygon>
  </Placemark>
  <Placemark>
	<Style><LineStyle><color>ff0000ff</color></LineStyle><PolyStyle><fill>0</fill></PolyStyle></Style>
	<ExtendedData><SchemaData schemaUrl="#jag_id_grid">
		<SimpleData name="env.jag_id">56</SimpleData>
	</SchemaData></ExtendedData>
      <Polygon><outerBoundaryIs><LinearRing><coordinates>18.381964711,-34.2556943373333 18.381964711,-34.253070827 18.38458822125,-34.253070827 18.38458822125,-34.2556943373333 18.381964711,-34.2556943373333</coordinates></LinearRing></outerBoundaryIs></Polygon>
  </Placemark>
  <Placemark>
	<Style><LineStyle><color>ff0000ff</color></LineStyle><PolyStyle><fill>0</fill></PolyStyle></Style>
	<ExtendedData><SchemaData schemaUrl="#jag_id_grid">
		<SimpleData name="env.jag_id">82</SimpleData>
	</SchemaData></ExtendedData>
      <Polygon><outerBoundaryIs><LinearRing><coordinates>18.38458822125,-34.2556943373333 18.38458822125,-34.253070827 18.3872117315,-34.253070827 18.3872117315,-34.2556943373333 18.38458822125,-34.2556943373333</coordinates></LinearRing></outerBoundaryIs></Polygon>
  </Placemark>
  <Placemark>
	<Style><LineStyle><color>ff0000ff</color></LineStyle><PolyStyle><fill>0</fill></PolyStyle></Style>
	<ExtendedData><SchemaData schemaUrl="#jag_id_grid">
		<SimpleData name="env.jag_id">111</SimpleData>
	</SchemaData></ExtendedData>
      <Polygon><outerBoundaryIs><LinearRing><coordinates>18.3872117315,-34.2556943373333 18.3872117315,-34.253070827 18.38983524175,-34.253070827 18.38983524175,-34.2556943373333 18.3872117315,-34.2556943373333</coordinates></LinearRing></outerBoundaryIs></Polygon>
  </Placemark>
  <Placemark>
	<Style><LineStyle><color>ff0000ff</color></LineStyle><PolyStyle><fill>0</fill></PolyStyle></Style>
	<ExtendedData><SchemaData schemaUrl="#jag_id_grid">
		<SimpleData name="env.jag_id">140</SimpleData>
	</SchemaData></ExtendedData>
      <Polygon><outerBoundaryIs><LinearRing><coordinates>18.38983524175,-34.2556943373333 18.38983524175,-34.253070827 18.392458752,-34.253070827 18.392458752,-34.2556943373333 18.38983524175,-34.2556943373333</coordinates></LinearRing></outerBoundaryIs></Polygon>
  </Placemark>
  <Placemark>
	<Style><LineStyle><color>ff0000ff</color></LineStyle><PolyStyle><fill>0</fill></PolyStyle></Style>
	<ExtendedData><SchemaData schemaUrl="#jag_id_grid">
		<SimpleData name="env.jag_id">170</SimpleData>
	</SchemaData></ExtendedData>
      <Polygon><outerBoundaryIs><LinearRing><coordinates>18.392458752,-34.2556943373333 18.392458752,-34.253070827 18.39508226225,-34.253070827 18.39508226225,-34.2556943373333 18.392458752,-34.2556943373333</coordinates></LinearRing></outerBoundaryIs></Polygon>
  </Placemark>
  <Placemark>
	<Style><LineStyle><color>ff0000ff</color></LineStyle><PolyStyle><fill>0</fill></PolyStyle></Style>
	<ExtendedData><SchemaData schemaUrl="#jag_id_grid">
		<SimpleData name="env.jag_id">203</SimpleData>
	</SchemaData></ExtendedData>
      <Polygon><outerBoundaryIs><LinearRing><coordinates>18.39508226225,-34.2556943373333 18.39508226225,-34.253070827 18.3977057725,-34.253070827 18.3977057725,-34.2556943373333 18.39508226225,-34.2556943373333</coordinates></LinearRing></outerBoundaryIs></Polygon>
  </Placemark>
  <Placemark>
	<Style><LineStyle><color>ff0000ff</color></LineStyle><PolyStyle><fill>0</fill></PolyStyle></Style>
	<ExtendedData><SchemaData schemaUrl="#jag_id_grid">
		<SimpleData name="env.jag_id">236</SimpleData>
	</SchemaData></ExtendedData>
      <Polygon><outerBoundaryIs><LinearRing><coordinates>18.3977057725,-34.2556943373333 18.3977057725,-34.253070827 18.40032928275,-34.253070827 18.40032928275,-34.2556943373333 18.3977057725,-34.2556943373333</coordinates></LinearRing></outerBoundaryIs></Polygon>
  </Placemark>
  <Placemark>
	<Style><LineStyle><color>ff0000ff</color></LineStyle><PolyStyle><fill>0</fill></PolyStyle></Style>
	<ExtendedData><SchemaData schemaUrl="#jag_id_grid">
		<SimpleData name="env.jag_id">269</SimpleData>
	</SchemaData></ExtendedData>
      <Polygon><outerBoundaryIs><LinearRing><coordinates>18.40032928275,-34.2556943373333 18.40032928275,-34.253070827 18.402952793,-34.253070827 18.402952793,-34.2556943373333 18.40032928275,-34.2556943373333</coordinates></LinearRing></outerBoundaryIs></Polygon>
  </Placemark>
  <Placemark>
	<Style><LineStyle><color>ff0000ff</color></LineStyle><PolyStyle><fill>0</fill></PolyStyle></Style>
	<ExtendedData><SchemaData schemaUrl="#jag_id_grid">
		<SimpleData name="env.jag_id">301</SimpleData>
	</SchemaData></ExtendedData>
      <Polygon><outerBoundaryIs><LinearRing><coordinates>18.402952793,-34.2556943373333 18.402952793,-34.253070827 18.40557630325,-34.253070827 18.40557630325,-34.2556943373333 18.402952793,-34.2556943373333</coordinates></LinearRing></outerBoundaryIs></Polygon>
  </Placemark>
  <Placemark>
	<Style><LineStyle><color>ff0000ff</color></LineStyle><PolyStyle><fill>0</fill></PolyStyle></Style>
	<ExtendedData><SchemaData schemaUrl="#jag_id_grid">
		<SimpleData name="env.jag_id">336</SimpleData>
	</SchemaData></ExtendedData>
      <Polygon><outerBoundaryIs><LinearRing><coordinates>18.40557630325,-34.2556943373333 18.40557630325,-34.253070827 18.4081998135,-34.253070827 18.4081998135,-34.2556943373333 18.40557630325,-34.2556943373333</coordinates></LinearRing></outerBoundaryIs></Polygon>
  </Placemark>
  <Placemark>
	<Style><LineStyle><color>ff0000ff</color></LineStyle><PolyStyle><fill>0</fill></PolyStyle></Style>
	<ExtendedData><SchemaData schemaUrl="#jag_id_grid">
		<SimpleData name="env.jag_id">374</SimpleData>
	</SchemaData></ExtendedData>
      <Polygon><outerBoundaryIs><LinearRing><coordinates>18.4081998135,-34.2556943373333 18.4081998135,-34.253070827 18.41082332375,-34.253070827 18.41082332375,-34.2556943373333 18.4081998135,-34.2556943373333</coordinates></LinearRing></outerBoundaryIs></Polygon>
  </Placemark>
  <Placemark>
	<Style><LineStyle><color>ff0000ff</color></LineStyle><PolyStyle><fill>0</fill></PolyStyle></Style>
	<ExtendedData><SchemaData schemaUrl="#jag_id_grid">
		<SimpleData name="env.jag_id">417</SimpleData>
	</SchemaData></ExtendedData>
      <Polygon><outerBoundaryIs><LinearRing><coordinates>18.41082332375,-34.2556943373333 18.41082332375,-34.253070827 18.413446834,-34.253070827 18.413446834,-34.2556943373333 18.41082332375,-34.2556943373333</coordinates></LinearRing></outerBoundaryIs></Polygon>
  </Placemark>
  <Placemark>
	<Style><LineStyle><color>ff0000ff</color></LineStyle><PolyStyle><fill>0</fill></PolyStyle></Style>
	<ExtendedData><SchemaData schemaUrl="#jag_id_grid">
		<SimpleData name="env.jag_id">460</SimpleData>
	</SchemaData></ExtendedData>
      <Polygon><outerBoundaryIs><LinearRing><coordinates>18.413446834,-34.2556943373333 18.413446834,-34.253070827 18.41607034425,-34.253070827 18.41607034425,-34.2556943373333 18.413446834,-34.2556943373333</coordinates></LinearRing></outerBoundaryIs></Polygon>
  </Placemark>
  <Placemark>
	<Style><LineStyle><color>ff0000ff</color></LineStyle><PolyStyle><fill>0</fill></PolyStyle></Style>
	<ExtendedData><SchemaData schemaUrl="#jag_id_grid">
		<SimpleData name="env.jag_id">504</SimpleData>
	</SchemaData></ExtendedData>
      <Polygon><outerBoundaryIs><LinearRing><coordinates>18.41607034425,-34.2556943373333 18.41607034425,-34.253070827 18.4186938545,-34.253070827 18.4186938545,-34.2556943373333 18.41607034425,-34.2556943373333</coordinates></LinearRing></outerBoundaryIs></Polygon>
  </Placemark>
  <Placemark>
	<Style><LineStyle><color>ff0000ff</color></LineStyle><PolyStyle><fill>0</fill></PolyStyle></Style>
	<ExtendedData><SchemaData schemaUrl="#jag_id_grid">
		<SimpleData name="env.jag_id">549</SimpleData>
	</SchemaData></ExtendedData>
      <Polygon><outerBoundaryIs><LinearRing><coordinates>18.4186938545,-34.2556943373333 18.4186938545,-34.253070827 18.42131736475,-34.253070827 18.42131736475,-34.2556943373333 18.4186938545,-34.2556943373333</coordinates></LinearRing></outerBoundaryIs></Polygon>
  </Placemark>
  <Placemark>
	<Style><LineStyle><color>ff0000ff</color></LineStyle><PolyStyle><fill>0</fill></PolyStyle></Style>
	<ExtendedData><SchemaData schemaUrl="#jag_id_grid">
		<SimpleData name="env.jag_id">595</SimpleData>
	</SchemaData></ExtendedData>
      <Polygon><outerBoundaryIs><LinearRing><coordinates>18.42131736475,-34.2556943373333 18.42131736475,-34.253070827 18.423940875,-34.253070827 18.423940875,-34.2556943373333 18.42131736475,-34.2556943373333</coordinates></LinearRing></outerBoundaryIs></Polygon>
  </Placemark>
  <Placemark>
	<Style><LineStyle><color>ff0000ff</color></LineStyle><PolyStyle><fill>0</fill></PolyStyle></Style>
	<ExtendedData><SchemaData schemaUrl="#jag_id_grid">
		<SimpleData name="env.jag_id">641</SimpleData>
	</SchemaData></ExtendedData>
      <Polygon><outerBoundaryIs><LinearRing><coordinates>18.423940875,-34.2556943373333 18.423940875,-34.253070827 18.42656438525,-34.253070827 18.42656438525,-34.2556943373333 18.423940875,-34.2556943373333</coordinates></LinearRing></outerBoundaryIs></Polygon>
  </Placemark>
  <Placemark>
	<Style><LineStyle><color>ff0000ff</color></LineStyle><PolyStyle><fill>0</fill></PolyStyle></Style>
	<ExtendedData><SchemaData schemaUrl="#jag_id_grid">
		<SimpleData name="env.jag_id">682</SimpleData>
	</SchemaData></ExtendedData>
      <Polygon><outerBoundaryIs><LinearRing><coordinates>18.42656438525,-34.2556943373333 18.42656438525,-34.253070827 18.4291878955,-34.253070827 18.4291878955,-34.2556943373333 18.42656438525,-34.2556943373333</coordinates></LinearRing></outerBoundaryIs></Polygon>
  </Placemark>
  <Placemark>
	<Style><LineStyle><color>ff0000ff</color></LineStyle><PolyStyle><fill>0</fill></PolyStyle></Style>
	<ExtendedData><SchemaData schemaUrl="#jag_id_grid">
		<SimpleData name="env.jag_id">725</SimpleData>
	</SchemaData></ExtendedData>
      <Polygon><outerBoundaryIs><LinearRing><coordinates>18.4291878955,-34.2556943373333 18.4291878955,-34.253070827 18.43181140575,-34.253070827 18.43181140575,-34.2556943373333 18.4291878955,-34.2556943373333</coordinates></LinearRing></outerBoundaryIs></Polygon>
  </Placemark>
  <Placemark>
	<Style><LineStyle><color>ff0000ff</color></LineStyle><PolyStyle><fill>0</fill></PolyStyle></Style>
	<ExtendedData><SchemaData schemaUrl="#jag_id_grid">
		<SimpleData name="env.jag_id">764</SimpleData>
	</SchemaData></ExtendedData>
      <Polygon><outerBoundaryIs><LinearRing><coordinates>18.43181140575,-34.2556943373333 18.43181140575,-34.253070827 18.434434916,-34.253070827 18.434434916,-34.2556943373333 18.43181140575,-34.2556943373333</coordinates></LinearRing></outerBoundaryIs></Polygon>
  </Placemark>
  <Placemark>
	<Style><LineStyle><color>ff0000ff</color></LineStyle><PolyStyle><fill>0</fill></PolyStyle></Style>
	<ExtendedData><SchemaData schemaUrl="#jag_id_grid">
		<SimpleData name="env.jag_id">804</SimpleData>
	</SchemaData></ExtendedData>
      <Polygon><outerBoundaryIs><LinearRing><coordinates>18.434434916,-34.2556943373333 18.434434916,-34.253070827 18.43705842625,-34.253070827 18.43705842625,-34.2556943373333 18.434434916,-34.2556943373333</coordinates></LinearRing></outerBoundaryIs></Polygon>
  </Placemark>
  <Placemark>
	<Style><LineStyle><color>ff0000ff</color></LineStyle><PolyStyle><fill>0</fill></PolyStyle></Style>
	<ExtendedData><SchemaData schemaUrl="#jag_id_grid">
		<SimpleData name="env.jag_id">844</SimpleData>
	</SchemaData></ExtendedData>
      <Polygon><outerBoundaryIs><LinearRing><coordinates>18.43705842625,-34.2556943373333 18.43705842625,-34.253070827 18.4396819365,-34.253070827 18.4396819365,-34.2556943373333 18.43705842625,-34.2556943373333</coordinates></LinearRing></outerBoundaryIs></Polygon>
  </Placemark>
  <Placemark>
	<Style><LineStyle><color>ff0000ff</color></LineStyle><PolyStyle><fill>0</fill></PolyStyle></Style>
	<ExtendedData><SchemaData schemaUrl="#jag_id_grid">
		<SimpleData name="env.jag_id">885</SimpleData>
	</SchemaData></ExtendedData>
      <Polygon><outerBoundaryIs><LinearRing><coordinates>18.4396819365,-34.2556943373333 18.4396819365,-34.253070827 18.44230544675,-34.253070827 18.44230544675,-34.2556943373333 18.4396819365,-34.2556943373333</coordinates></LinearRing></outerBoundaryIs></Polygon>
  </Placemark>
  <Placemark>
	<Style><LineStyle><color>ff0000ff</color></LineStyle><PolyStyle><fill>0</fill></PolyStyle></Style>
	<ExtendedData><SchemaData schemaUrl="#jag_id_grid">
		<SimpleData name="env.jag_id">926</SimpleData>
	</SchemaData></ExtendedData>
      <Polygon><outerBoundaryIs><LinearRing><coordinates>18.44230544675,-34.2556943373333 18.44230544675,-34.253070827 18.444928957,-34.253070827 18.444928957,-34.2556943373333 18.44230544675,-34.2556943373333</coordinates></LinearRing></outerBoundaryIs></Polygon>
  </Placemark>
  <Placemark>
	<Style><LineStyle><color>ff0000ff</color></LineStyle><PolyStyle><fill>0</fill></PolyStyle></Style>
	<ExtendedData><SchemaData schemaUrl="#jag_id_grid">
		<SimpleData name="env.jag_id">1252</SimpleData>
	</SchemaData></ExtendedData>
      <Polygon><outerBoundaryIs><LinearRing><coordinates>18.46329352875,-34.2556943373333 18.46329352875,-34.253070827 18.465917039,-34.253070827 18.465917039,-34.2556943373333 18.46329352875,-34.2556943373333</coordinates></LinearRing></outerBoundaryIs></Polygon>
  </Placemark>
  <Placemark>
	<Style><LineStyle><color>ff0000ff</color></LineStyle><PolyStyle><fill>0</fill></PolyStyle></Style>
	<ExtendedData><SchemaData schemaUrl="#jag_id_grid">
		<SimpleData name="env.jag_id">1281</SimpleData>
	</SchemaData></ExtendedData>
      <Polygon><outerBoundaryIs><LinearRing><coordinates>18.465917039,-34.2556943373333 18.465917039,-34.253070827 18.46854054925,-34.253070827 18.46854054925,-34.2556943373333 18.465917039,-34.2556943373333</coordinates></LinearRing></outerBoundaryIs></Polygon>
  </Placemark>
  <Placemark>
	<Style><LineStyle><color>ff0000ff</color></LineStyle><PolyStyle><fill>0</fill></PolyStyle></Style>
	<ExtendedData><SchemaData schemaUrl="#jag_id_grid">
		<SimpleData name="env.jag_id">1300</SimpleData>
	</SchemaData></ExtendedData>
      <Polygon><outerBoundaryIs><LinearRing><coordinates>18.46854054925,-34.2556943373333 18.46854054925,-34.253070827 18.4711640595,-34.253070827 18.4711640595,-34.2556943373333 18.46854054925,-34.2556943373333</coordinates></LinearRing></outerBoundaryIs></Polygon>
  </Placemark>
  <Placemark>
	<Style><LineStyle><color>ff0000ff</color></LineStyle><PolyStyle><fill>0</fill></PolyStyle></Style>
	<ExtendedData><SchemaData schemaUrl="#jag_id_grid">
		<SimpleData name="env.jag_id">1313</SimpleData>
	</SchemaData></ExtendedData>
      <Polygon><outerBoundaryIs><LinearRing><coordinates>18.4711640595,-34.2556943373333 18.4711640595,-34.253070827 18.47378756975,-34.253070827 18.47378756975,-34.2556943373333 18.4711640595,-34.2556943373333</coordinates></LinearRing></outerBoundaryIs></Polygon>
  </Placemark>
  <Placemark>
	<Style><LineStyle><color>ff0000ff</color></LineStyle><PolyStyle><fill>0</fill></PolyStyle></Style>
	<ExtendedData><SchemaData schemaUrl="#jag_id_grid">
		<SimpleData name="env.jag_id">1318</SimpleData>
	</SchemaData></ExtendedData>
      <Polygon><outerBoundaryIs><LinearRing><coordinates>18.47378756975,-34.2556943373333 18.47378756975,-34.253070827 18.47641108,-34.253070827 18.47641108,-34.2556943373333 18.47378756975,-34.2556943373333</coordinates></LinearRing></outerBoundaryIs></Polygon>
  </Placemark>
  <Placemark>
	<Style><LineStyle><color>ff0000ff</color></LineStyle><PolyStyle><fill>0</fill></PolyStyle></Style>
	<ExtendedData><SchemaData schemaUrl="#jag_id_grid">
		<SimpleData name="env.jag_id">57</SimpleData>
	</SchemaData></ExtendedData>
      <Polygon><outerBoundaryIs><LinearRing><coordinates>18.381964711,-34.2583178476667 18.381964711,-34.2556943373333 18.38458822125,-34.2556943373333 18.38458822125,-34.2583178476667 18.381964711,-34.2583178476667</coordinates></LinearRing></outerBoundaryIs></Polygon>
  </Placemark>
  <Placemark>
	<Style><LineStyle><color>ff0000ff</color></LineStyle><PolyStyle><fill>0</fill></PolyStyle></Style>
	<ExtendedData><SchemaData schemaUrl="#jag_id_grid">
		<SimpleData name="env.jag_id">83</SimpleData>
	</SchemaData></ExtendedData>
      <Polygon><outerBoundaryIs><LinearRing><coordinates>18.38458822125,-34.2583178476667 18.38458822125,-34.2556943373333 18.3872117315,-34.2556943373333 18.3872117315,-34.2583178476667 18.38458822125,-34.2583178476667</coordinates></LinearRing></outerBoundaryIs></Polygon>
  </Placemark>
  <Placemark>
	<Style><LineStyle><color>ff0000ff</color></LineStyle><PolyStyle><fill>0</fill></PolyStyle></Style>
	<ExtendedData><SchemaData schemaUrl="#jag_id_grid">
		<SimpleData name="env.jag_id">112</SimpleData>
	</SchemaData></ExtendedData>
      <Polygon><outerBoundaryIs><LinearRing><coordinates>18.3872117315,-34.2583178476667 18.3872117315,-34.2556943373333 18.38983524175,-34.2556943373333 18.38983524175,-34.2583178476667 18.3872117315,-34.2583178476667</coordinates></LinearRing></outerBoundaryIs></Polygon>
  </Placemark>
  <Placemark>
	<Style><LineStyle><color>ff0000ff</color></LineStyle><PolyStyle><fill>0</fill></PolyStyle></Style>
	<ExtendedData><SchemaData schemaUrl="#jag_id_grid">
		<SimpleData name="env.jag_id">141</SimpleData>
	</SchemaData></ExtendedData>
      <Polygon><outerBoundaryIs><LinearRing><coordinates>18.38983524175,-34.2583178476667 18.38983524175,-34.2556943373333 18.392458752,-34.2556943373333 18.392458752,-34.2583178476667 18.38983524175,-34.2583178476667</coordinates></LinearRing></outerBoundaryIs></Polygon>
  </Placemark>
  <Placemark>
	<Style><LineStyle><color>ff0000ff</color></LineStyle><PolyStyle><fill>0</fill></PolyStyle></Style>
	<ExtendedData><SchemaData schemaUrl="#jag_id_grid">
		<SimpleData name="env.jag_id">171</SimpleData>
	</SchemaData></ExtendedData>
      <Polygon><outerBoundaryIs><LinearRing><coordinates>18.392458752,-34.2583178476667 18.392458752,-34.2556943373333 18.39508226225,-34.2556943373333 18.39508226225,-34.2583178476667 18.392458752,-34.2583178476667</coordinates></LinearRing></outerBoundaryIs></Polygon>
  </Placemark>
  <Placemark>
	<Style><LineStyle><color>ff0000ff</color></LineStyle><PolyStyle><fill>0</fill></PolyStyle></Style>
	<ExtendedData><SchemaData schemaUrl="#jag_id_grid">
		<SimpleData name="env.jag_id">204</SimpleData>
	</SchemaData></ExtendedData>
      <Polygon><outerBoundaryIs><LinearRing><coordinates>18.39508226225,-34.2583178476667 18.39508226225,-34.2556943373333 18.3977057725,-34.2556943373333 18.3977057725,-34.2583178476667 18.39508226225,-34.2583178476667</coordinates></LinearRing></outerBoundaryIs></Polygon>
  </Placemark>
  <Placemark>
	<Style><LineStyle><color>ff0000ff</color></LineStyle><PolyStyle><fill>0</fill></PolyStyle></Style>
	<ExtendedData><SchemaData schemaUrl="#jag_id_grid">
		<SimpleData name="env.jag_id">237</SimpleData>
	</SchemaData></ExtendedData>
      <Polygon><outerBoundaryIs><LinearRing><coordinates>18.3977057725,-34.2583178476667 18.3977057725,-34.2556943373333 18.40032928275,-34.2556943373333 18.40032928275,-34.2583178476667 18.3977057725,-34.2583178476667</coordinates></LinearRing></outerBoundaryIs></Polygon>
  </Placemark>
  <Placemark>
	<Style><LineStyle><color>ff0000ff</color></LineStyle><PolyStyle><fill>0</fill></PolyStyle></Style>
	<ExtendedData><SchemaData schemaUrl="#jag_id_grid">
		<SimpleData name="env.jag_id">270</SimpleData>
	</SchemaData></ExtendedData>
      <Polygon><outerBoundaryIs><LinearRing><coordinates>18.40032928275,-34.2583178476667 18.40032928275,-34.2556943373333 18.402952793,-34.2556943373333 18.402952793,-34.2583178476667 18.40032928275,-34.2583178476667</coordinates></LinearRing></outerBoundaryIs></Polygon>
  </Placemark>
  <Placemark>
	<Style><LineStyle><color>ff0000ff</color></LineStyle><PolyStyle><fill>0</fill></PolyStyle></Style>
	<ExtendedData><SchemaData schemaUrl="#jag_id_grid">
		<SimpleData name="env.jag_id">302</SimpleData>
	</SchemaData></ExtendedData>
      <Polygon><outerBoundaryIs><LinearRing><coordinates>18.402952793,-34.2583178476667 18.402952793,-34.2556943373333 18.40557630325,-34.2556943373333 18.40557630325,-34.2583178476667 18.402952793,-34.2583178476667</coordinates></LinearRing></outerBoundaryIs></Polygon>
  </Placemark>
  <Placemark>
	<Style><LineStyle><color>ff0000ff</color></LineStyle><PolyStyle><fill>0</fill></PolyStyle></Style>
	<ExtendedData><SchemaData schemaUrl="#jag_id_grid">
		<SimpleData name="env.jag_id">337</SimpleData>
	</SchemaData></ExtendedData>
      <Polygon><outerBoundaryIs><LinearRing><coordinates>18.40557630325,-34.2583178476667 18.40557630325,-34.2556943373333 18.4081998135,-34.2556943373333 18.4081998135,-34.2583178476667 18.40557630325,-34.2583178476667</coordinates></LinearRing></outerBoundaryIs></Polygon>
  </Placemark>
  <Placemark>
	<Style><LineStyle><color>ff0000ff</color></LineStyle><PolyStyle><fill>0</fill></PolyStyle></Style>
	<ExtendedData><SchemaData schemaUrl="#jag_id_grid">
		<SimpleData name="env.jag_id">375</SimpleData>
	</SchemaData></ExtendedData>
      <Polygon><outerBoundaryIs><LinearRing><coordinates>18.4081998135,-34.2583178476667 18.4081998135,-34.2556943373333 18.41082332375,-34.2556943373333 18.41082332375,-34.2583178476667 18.4081998135,-34.2583178476667</coordinates></LinearRing></outerBoundaryIs></Polygon>
  </Placemark>
  <Placemark>
	<Style><LineStyle><color>ff0000ff</color></LineStyle><PolyStyle><fill>0</fill></PolyStyle></Style>
	<ExtendedData><SchemaData schemaUrl="#jag_id_grid">
		<SimpleData name="env.jag_id">418</SimpleData>
	</SchemaData></ExtendedData>
      <Polygon><outerBoundaryIs><LinearRing><coordinates>18.41082332375,-34.2583178476667 18.41082332375,-34.2556943373333 18.413446834,-34.2556943373333 18.413446834,-34.2583178476667 18.41082332375,-34.2583178476667</coordinates></LinearRing></outerBoundaryIs></Polygon>
  </Placemark>
  <Placemark>
	<Style><LineStyle><color>ff0000ff</color></LineStyle><PolyStyle><fill>0</fill></PolyStyle></Style>
	<ExtendedData><SchemaData schemaUrl="#jag_id_grid">
		<SimpleData name="env.jag_id">461</SimpleData>
	</SchemaData></ExtendedData>
      <Polygon><outerBoundaryIs><LinearRing><coordinates>18.413446834,-34.2583178476667 18.413446834,-34.2556943373333 18.41607034425,-34.2556943373333 18.41607034425,-34.2583178476667 18.413446834,-34.2583178476667</coordinates></LinearRing></outerBoundaryIs></Polygon>
  </Placemark>
  <Placemark>
	<Style><LineStyle><color>ff0000ff</color></LineStyle><PolyStyle><fill>0</fill></PolyStyle></Style>
	<ExtendedData><SchemaData schemaUrl="#jag_id_grid">
		<SimpleData name="env.jag_id">505</SimpleData>
	</SchemaData></ExtendedData>
      <Polygon><outerBoundaryIs><LinearRing><coordinates>18.41607034425,-34.2583178476667 18.41607034425,-34.2556943373333 18.4186938545,-34.2556943373333 18.4186938545,-34.2583178476667 18.41607034425,-34.2583178476667</coordinates></LinearRing></outerBoundaryIs></Polygon>
  </Placemark>
  <Placemark>
	<Style><LineStyle><color>ff0000ff</color></LineStyle><PolyStyle><fill>0</fill></PolyStyle></Style>
	<ExtendedData><SchemaData schemaUrl="#jag_id_grid">
		<SimpleData name="env.jag_id">550</SimpleData>
	</SchemaData></ExtendedData>
      <Polygon><outerBoundaryIs><LinearRing><coordinates>18.4186938545,-34.2583178476667 18.4186938545,-34.2556943373333 18.42131736475,-34.2556943373333 18.42131736475,-34.2583178476667 18.4186938545,-34.2583178476667</coordinates></LinearRing></outerBoundaryIs></Polygon>
  </Placemark>
  <Placemark>
	<Style><LineStyle><color>ff0000ff</color></LineStyle><PolyStyle><fill>0</fill></PolyStyle></Style>
	<ExtendedData><SchemaData schemaUrl="#jag_id_grid">
		<SimpleData name="env.jag_id">596</SimpleData>
	</SchemaData></ExtendedData>
      <Polygon><outerBoundaryIs><LinearRing><coordinates>18.42131736475,-34.2583178476667 18.42131736475,-34.2556943373333 18.423940875,-34.2556943373333 18.423940875,-34.2583178476667 18.42131736475,-34.2583178476667</coordinates></LinearRing></outerBoundaryIs></Polygon>
  </Placemark>
  <Placemark>
	<Style><LineStyle><color>ff0000ff</color></LineStyle><PolyStyle><fill>0</fill></PolyStyle></Style>
	<ExtendedData><SchemaData schemaUrl="#jag_id_grid">
		<SimpleData name="env.jag_id">642</SimpleData>
	</SchemaData></ExtendedData>
      <Polygon><outerBoundaryIs><LinearRing><coordinates>18.423940875,-34.2583178476667 18.423940875,-34.2556943373333 18.42656438525,-34.2556943373333 18.42656438525,-34.2583178476667 18.423940875,-34.2583178476667</coordinates></LinearRing></outerBoundaryIs></Polygon>
  </Placemark>
  <Placemark>
	<Style><LineStyle><color>ff0000ff</color></LineStyle><PolyStyle><fill>0</fill></PolyStyle></Style>
	<ExtendedData><SchemaData schemaUrl="#jag_id_grid">
		<SimpleData name="env.jag_id">683</SimpleData>
	</SchemaData></ExtendedData>
      <Polygon><outerBoundaryIs><LinearRing><coordinates>18.42656438525,-34.2583178476667 18.42656438525,-34.2556943373333 18.4291878955,-34.2556943373333 18.4291878955,-34.2583178476667 18.42656438525,-34.2583178476667</coordinates></LinearRing></outerBoundaryIs></Polygon>
  </Placemark>
  <Placemark>
	<Style><LineStyle><color>ff0000ff</color></LineStyle><PolyStyle><fill>0</fill></PolyStyle></Style>
	<ExtendedData><SchemaData schemaUrl="#jag_id_grid">
		<SimpleData name="env.jag_id">726</SimpleData>
	</SchemaData></ExtendedData>
      <Polygon><outerBoundaryIs><LinearRing><coordinates>18.4291878955,-34.2583178476667 18.4291878955,-34.2556943373333 18.43181140575,-34.2556943373333 18.43181140575,-34.2583178476667 18.4291878955,-34.2583178476667</coordinates></LinearRing></outerBoundaryIs></Polygon>
  </Placemark>
  <Placemark>
	<Style><LineStyle><color>ff0000ff</color></LineStyle><PolyStyle><fill>0</fill></PolyStyle></Style>
	<ExtendedData><SchemaData schemaUrl="#jag_id_grid">
		<SimpleData name="env.jag_id">765</SimpleData>
	</SchemaData></ExtendedData>
      <Polygon><outerBoundaryIs><LinearRing><coordinates>18.43181140575,-34.2583178476667 18.43181140575,-34.2556943373333 18.434434916,-34.2556943373333 18.434434916,-34.2583178476667 18.43181140575,-34.2583178476667</coordinates></LinearRing></outerBoundaryIs></Polygon>
  </Placemark>
  <Placemark>
	<Style><LineStyle><color>ff0000ff</color></LineStyle><PolyStyle><fill>0</fill></PolyStyle></Style>
	<ExtendedData><SchemaData schemaUrl="#jag_id_grid">
		<SimpleData name="env.jag_id">805</SimpleData>
	</SchemaData></ExtendedData>
      <Polygon><outerBoundaryIs><LinearRing><coordinates>18.434434916,-34.2583178476667 18.434434916,-34.2556943373333 18.43705842625,-34.2556943373333 18.43705842625,-34.2583178476667 18.434434916,-34.2583178476667</coordinates></LinearRing></outerBoundaryIs></Polygon>
  </Placemark>
  <Placemark>
	<Style><LineStyle><color>ff0000ff</color></LineStyle><PolyStyle><fill>0</fill></PolyStyle></Style>
	<ExtendedData><SchemaData schemaUrl="#jag_id_grid">
		<SimpleData name="env.jag_id">845</SimpleData>
	</SchemaData></ExtendedData>
      <Polygon><outerBoundaryIs><LinearRing><coordinates>18.43705842625,-34.2583178476667 18.43705842625,-34.2556943373333 18.4396819365,-34.2556943373333 18.4396819365,-34.2583178476667 18.43705842625,-34.2583178476667</coordinates></LinearRing></outerBoundaryIs></Polygon>
  </Placemark>
  <Placemark>
	<Style><LineStyle><color>ff0000ff</color></LineStyle><PolyStyle><fill>0</fill></PolyStyle></Style>
	<ExtendedData><SchemaData schemaUrl="#jag_id_grid">
		<SimpleData name="env.jag_id">886</SimpleData>
	</SchemaData></ExtendedData>
      <Polygon><outerBoundaryIs><LinearRing><coordinates>18.4396819365,-34.2583178476667 18.4396819365,-34.2556943373333 18.44230544675,-34.2556943373333 18.44230544675,-34.2583178476667 18.4396819365,-34.2583178476667</coordinates></LinearRing></outerBoundaryIs></Polygon>
  </Placemark>
  <Placemark>
	<Style><LineStyle><color>ff0000ff</color></LineStyle><PolyStyle><fill>0</fill></PolyStyle></Style>
	<ExtendedData><SchemaData schemaUrl="#jag_id_grid">
		<SimpleData name="env.jag_id">927</SimpleData>
	</SchemaData></ExtendedData>
      <Polygon><outerBoundaryIs><LinearRing><coordinates>18.44230544675,-34.2583178476667 18.44230544675,-34.2556943373333 18.444928957,-34.2556943373333 18.444928957,-34.2583178476667 18.44230544675,-34.2583178476667</coordinates></LinearRing></outerBoundaryIs></Polygon>
  </Placemark>
  <Placemark>
	<Style><LineStyle><color>ff0000ff</color></LineStyle><PolyStyle><fill>0</fill></PolyStyle></Style>
	<ExtendedData><SchemaData schemaUrl="#jag_id_grid">
		<SimpleData name="env.jag_id">967</SimpleData>
	</SchemaData></ExtendedData>
      <Polygon><outerBoundaryIs><LinearRing><coordinates>18.444928957,-34.2583178476667 18.444928957,-34.2556943373333 18.44755246725,-34.2556943373333 18.44755246725,-34.2583178476667 18.444928957,-34.2583178476667</coordinates></LinearRing></outerBoundaryIs></Polygon>
  </Placemark>
  <Placemark>
	<Style><LineStyle><color>ff0000ff</color></LineStyle><PolyStyle><fill>0</fill></PolyStyle></Style>
	<ExtendedData><SchemaData schemaUrl="#jag_id_grid">
		<SimpleData name="env.jag_id">1012</SimpleData>
	</SchemaData></ExtendedData>
      <Polygon><outerBoundaryIs><LinearRing><coordinates>18.44755246725,-34.2583178476667 18.44755246725,-34.2556943373333 18.4501759775,-34.2556943373333 18.4501759775,-34.2583178476667 18.44755246725,-34.2583178476667</coordinates></LinearRing></outerBoundaryIs></Polygon>
  </Placemark>
  <Placemark>
	<Style><LineStyle><color>ff0000ff</color></LineStyle><PolyStyle><fill>0</fill></PolyStyle></Style>
	<ExtendedData><SchemaData schemaUrl="#jag_id_grid">
		<SimpleData name="env.jag_id">1058</SimpleData>
	</SchemaData></ExtendedData>
      <Polygon><outerBoundaryIs><LinearRing><coordinates>18.4501759775,-34.2583178476667 18.4501759775,-34.2556943373333 18.45279948775,-34.2556943373333 18.45279948775,-34.2583178476667 18.4501759775,-34.2583178476667</coordinates></LinearRing></outerBoundaryIs></Polygon>
  </Placemark>
  <Placemark>
	<Style><LineStyle><color>ff0000ff</color></LineStyle><PolyStyle><fill>0</fill></PolyStyle></Style>
	<ExtendedData><SchemaData schemaUrl="#jag_id_grid">
		<SimpleData name="env.jag_id">1282</SimpleData>
	</SchemaData></ExtendedData>
      <Polygon><outerBoundaryIs><LinearRing><coordinates>18.465917039,-34.2583178476667 18.465917039,-34.2556943373333 18.46854054925,-34.2556943373333 18.46854054925,-34.2583178476667 18.465917039,-34.2583178476667</coordinates></LinearRing></outerBoundaryIs></Polygon>
  </Placemark>
  <Placemark>
	<Style><LineStyle><color>ff0000ff</color></LineStyle><PolyStyle><fill>0</fill></PolyStyle></Style>
	<ExtendedData><SchemaData schemaUrl="#jag_id_grid">
		<SimpleData name="env.jag_id">1301</SimpleData>
	</SchemaData></ExtendedData>
      <Polygon><outerBoundaryIs><LinearRing><coordinates>18.46854054925,-34.2583178476667 18.46854054925,-34.2556943373333 18.4711640595,-34.2556943373333 18.4711640595,-34.2583178476667 18.46854054925,-34.2583178476667</coordinates></LinearRing></outerBoundaryIs></Polygon>
  </Placemark>
  <Placemark>
	<Style><LineStyle><color>ff0000ff</color></LineStyle><PolyStyle><fill>0</fill></PolyStyle></Style>
	<ExtendedData><SchemaData schemaUrl="#jag_id_grid">
		<SimpleData name="env.jag_id">1314</SimpleData>
	</SchemaData></ExtendedData>
      <Polygon><outerBoundaryIs><LinearRing><coordinates>18.4711640595,-34.2583178476667 18.4711640595,-34.2556943373333 18.47378756975,-34.2556943373333 18.47378756975,-34.2583178476667 18.4711640595,-34.2583178476667</coordinates></LinearRing></outerBoundaryIs></Polygon>
  </Placemark>
  <Placemark>
	<Style><LineStyle><color>ff0000ff</color></LineStyle><PolyStyle><fill>0</fill></PolyStyle></Style>
	<ExtendedData><SchemaData schemaUrl="#jag_id_grid">
		<SimpleData name="env.jag_id">58</SimpleData>
	</SchemaData></ExtendedData>
      <Polygon><outerBoundaryIs><LinearRing><coordinates>18.381964711,-34.260941358 18.381964711,-34.2583178476667 18.38458822125,-34.2583178476667 18.38458822125,-34.260941358 18.381964711,-34.260941358</coordinates></LinearRing></outerBoundaryIs></Polygon>
  </Placemark>
  <Placemark>
	<Style><LineStyle><color>ff0000ff</color></LineStyle><PolyStyle><fill>0</fill></PolyStyle></Style>
	<ExtendedData><SchemaData schemaUrl="#jag_id_grid">
		<SimpleData name="env.jag_id">84</SimpleData>
	</SchemaData></ExtendedData>
      <Polygon><outerBoundaryIs><LinearRing><coordinates>18.38458822125,-34.260941358 18.38458822125,-34.2583178476667 18.3872117315,-34.2583178476667 18.3872117315,-34.260941358 18.38458822125,-34.260941358</coordinates></LinearRing></outerBoundaryIs></Polygon>
  </Placemark>
  <Placemark>
	<Style><LineStyle><color>ff0000ff</color></LineStyle><PolyStyle><fill>0</fill></PolyStyle></Style>
	<ExtendedData><SchemaData schemaUrl="#jag_id_grid">
		<SimpleData name="env.jag_id">113</SimpleData>
	</SchemaData></ExtendedData>
      <Polygon><outerBoundaryIs><LinearRing><coordinates>18.3872117315,-34.260941358 18.3872117315,-34.2583178476667 18.38983524175,-34.2583178476667 18.38983524175,-34.260941358 18.3872117315,-34.260941358</coordinates></LinearRing></outerBoundaryIs></Polygon>
  </Placemark>
  <Placemark>
	<Style><LineStyle><color>ff0000ff</color></LineStyle><PolyStyle><fill>0</fill></PolyStyle></Style>
	<ExtendedData><SchemaData schemaUrl="#jag_id_grid">
		<SimpleData name="env.jag_id">142</SimpleData>
	</SchemaData></ExtendedData>
      <Polygon><outerBoundaryIs><LinearRing><coordinates>18.38983524175,-34.260941358 18.38983524175,-34.2583178476667 18.392458752,-34.2583178476667 18.392458752,-34.260941358 18.38983524175,-34.260941358</coordinates></LinearRing></outerBoundaryIs></Polygon>
  </Placemark>
  <Placemark>
	<Style><LineStyle><color>ff0000ff</color></LineStyle><PolyStyle><fill>0</fill></PolyStyle></Style>
	<ExtendedData><SchemaData schemaUrl="#jag_id_grid">
		<SimpleData name="env.jag_id">172</SimpleData>
	</SchemaData></ExtendedData>
      <Polygon><outerBoundaryIs><LinearRing><coordinates>18.392458752,-34.260941358 18.392458752,-34.2583178476667 18.39508226225,-34.2583178476667 18.39508226225,-34.260941358 18.392458752,-34.260941358</coordinates></LinearRing></outerBoundaryIs></Polygon>
  </Placemark>
  <Placemark>
	<Style><LineStyle><color>ff0000ff</color></LineStyle><PolyStyle><fill>0</fill></PolyStyle></Style>
	<ExtendedData><SchemaData schemaUrl="#jag_id_grid">
		<SimpleData name="env.jag_id">205</SimpleData>
	</SchemaData></ExtendedData>
      <Polygon><outerBoundaryIs><LinearRing><coordinates>18.39508226225,-34.260941358 18.39508226225,-34.2583178476667 18.3977057725,-34.2583178476667 18.3977057725,-34.260941358 18.39508226225,-34.260941358</coordinates></LinearRing></outerBoundaryIs></Polygon>
  </Placemark>
  <Placemark>
	<Style><LineStyle><color>ff0000ff</color></LineStyle><PolyStyle><fill>0</fill></PolyStyle></Style>
	<ExtendedData><SchemaData schemaUrl="#jag_id_grid">
		<SimpleData name="env.jag_id">238</SimpleData>
	</SchemaData></ExtendedData>
      <Polygon><outerBoundaryIs><LinearRing><coordinates>18.3977057725,-34.260941358 18.3977057725,-34.2583178476667 18.40032928275,-34.2583178476667 18.40032928275,-34.260941358 18.3977057725,-34.260941358</coordinates></LinearRing></outerBoundaryIs></Polygon>
  </Placemark>
  <Placemark>
	<Style><LineStyle><color>ff0000ff</color></LineStyle><PolyStyle><fill>0</fill></PolyStyle></Style>
	<ExtendedData><SchemaData schemaUrl="#jag_id_grid">
		<SimpleData name="env.jag_id">271</SimpleData>
	</SchemaData></ExtendedData>
      <Polygon><outerBoundaryIs><LinearRing><coordinates>18.40032928275,-34.260941358 18.40032928275,-34.2583178476667 18.402952793,-34.2583178476667 18.402952793,-34.260941358 18.40032928275,-34.260941358</coordinates></LinearRing></outerBoundaryIs></Polygon>
  </Placemark>
  <Placemark>
	<Style><LineStyle><color>ff0000ff</color></LineStyle><PolyStyle><fill>0</fill></PolyStyle></Style>
	<ExtendedData><SchemaData schemaUrl="#jag_id_grid">
		<SimpleData name="env.jag_id">303</SimpleData>
	</SchemaData></ExtendedData>
      <Polygon><outerBoundaryIs><LinearRing><coordinates>18.402952793,-34.260941358 18.402952793,-34.2583178476667 18.40557630325,-34.2583178476667 18.40557630325,-34.260941358 18.402952793,-34.260941358</coordinates></LinearRing></outerBoundaryIs></Polygon>
  </Placemark>
  <Placemark>
	<Style><LineStyle><color>ff0000ff</color></LineStyle><PolyStyle><fill>0</fill></PolyStyle></Style>
	<ExtendedData><SchemaData schemaUrl="#jag_id_grid">
		<SimpleData name="env.jag_id">338</SimpleData>
	</SchemaData></ExtendedData>
      <Polygon><outerBoundaryIs><LinearRing><coordinates>18.40557630325,-34.260941358 18.40557630325,-34.2583178476667 18.4081998135,-34.2583178476667 18.4081998135,-34.260941358 18.40557630325,-34.260941358</coordinates></LinearRing></outerBoundaryIs></Polygon>
  </Placemark>
  <Placemark>
	<Style><LineStyle><color>ff0000ff</color></LineStyle><PolyStyle><fill>0</fill></PolyStyle></Style>
	<ExtendedData><SchemaData schemaUrl="#jag_id_grid">
		<SimpleData name="env.jag_id">376</SimpleData>
	</SchemaData></ExtendedData>
      <Polygon><outerBoundaryIs><LinearRing><coordinates>18.4081998135,-34.260941358 18.4081998135,-34.2583178476667 18.41082332375,-34.2583178476667 18.41082332375,-34.260941358 18.4081998135,-34.260941358</coordinates></LinearRing></outerBoundaryIs></Polygon>
  </Placemark>
  <Placemark>
	<Style><LineStyle><color>ff0000ff</color></LineStyle><PolyStyle><fill>0</fill></PolyStyle></Style>
	<ExtendedData><SchemaData schemaUrl="#jag_id_grid">
		<SimpleData name="env.jag_id">419</SimpleData>
	</SchemaData></ExtendedData>
      <Polygon><outerBoundaryIs><LinearRing><coordinates>18.41082332375,-34.260941358 18.41082332375,-34.2583178476667 18.413446834,-34.2583178476667 18.413446834,-34.260941358 18.41082332375,-34.260941358</coordinates></LinearRing></outerBoundaryIs></Polygon>
  </Placemark>
  <Placemark>
	<Style><LineStyle><color>ff0000ff</color></LineStyle><PolyStyle><fill>0</fill></PolyStyle></Style>
	<ExtendedData><SchemaData schemaUrl="#jag_id_grid">
		<SimpleData name="env.jag_id">462</SimpleData>
	</SchemaData></ExtendedData>
      <Polygon><outerBoundaryIs><LinearRing><coordinates>18.413446834,-34.260941358 18.413446834,-34.2583178476667 18.41607034425,-34.2583178476667 18.41607034425,-34.260941358 18.413446834,-34.260941358</coordinates></LinearRing></outerBoundaryIs></Polygon>
  </Placemark>
  <Placemark>
	<Style><LineStyle><color>ff0000ff</color></LineStyle><PolyStyle><fill>0</fill></PolyStyle></Style>
	<ExtendedData><SchemaData schemaUrl="#jag_id_grid">
		<SimpleData name="env.jag_id">506</SimpleData>
	</SchemaData></ExtendedData>
      <Polygon><outerBoundaryIs><LinearRing><coordinates>18.41607034425,-34.260941358 18.41607034425,-34.2583178476667 18.4186938545,-34.2583178476667 18.4186938545,-34.260941358 18.41607034425,-34.260941358</coordinates></LinearRing></outerBoundaryIs></Polygon>
  </Placemark>
  <Placemark>
	<Style><LineStyle><color>ff0000ff</color></LineStyle><PolyStyle><fill>0</fill></PolyStyle></Style>
	<ExtendedData><SchemaData schemaUrl="#jag_id_grid">
		<SimpleData name="env.jag_id">551</SimpleData>
	</SchemaData></ExtendedData>
      <Polygon><outerBoundaryIs><LinearRing><coordinates>18.4186938545,-34.260941358 18.4186938545,-34.2583178476667 18.42131736475,-34.2583178476667 18.42131736475,-34.260941358 18.4186938545,-34.260941358</coordinates></LinearRing></outerBoundaryIs></Polygon>
  </Placemark>
  <Placemark>
	<Style><LineStyle><color>ff0000ff</color></LineStyle><PolyStyle><fill>0</fill></PolyStyle></Style>
	<ExtendedData><SchemaData schemaUrl="#jag_id_grid">
		<SimpleData name="env.jag_id">597</SimpleData>
	</SchemaData></ExtendedData>
      <Polygon><outerBoundaryIs><LinearRing><coordinates>18.42131736475,-34.260941358 18.42131736475,-34.2583178476667 18.423940875,-34.2583178476667 18.423940875,-34.260941358 18.42131736475,-34.260941358</coordinates></LinearRing></outerBoundaryIs></Polygon>
  </Placemark>
  <Placemark>
	<Style><LineStyle><color>ff0000ff</color></LineStyle><PolyStyle><fill>0</fill></PolyStyle></Style>
	<ExtendedData><SchemaData schemaUrl="#jag_id_grid">
		<SimpleData name="env.jag_id">643</SimpleData>
	</SchemaData></ExtendedData>
      <Polygon><outerBoundaryIs><LinearRing><coordinates>18.423940875,-34.260941358 18.423940875,-34.2583178476667 18.42656438525,-34.2583178476667 18.42656438525,-34.260941358 18.423940875,-34.260941358</coordinates></LinearRing></outerBoundaryIs></Polygon>
  </Placemark>
  <Placemark>
	<Style><LineStyle><color>ff0000ff</color></LineStyle><PolyStyle><fill>0</fill></PolyStyle></Style>
	<ExtendedData><SchemaData schemaUrl="#jag_id_grid">
		<SimpleData name="env.jag_id">684</SimpleData>
	</SchemaData></ExtendedData>
      <Polygon><outerBoundaryIs><LinearRing><coordinates>18.42656438525,-34.260941358 18.42656438525,-34.2583178476667 18.4291878955,-34.2583178476667 18.4291878955,-34.260941358 18.42656438525,-34.260941358</coordinates></LinearRing></outerBoundaryIs></Polygon>
  </Placemark>
  <Placemark>
	<Style><LineStyle><color>ff0000ff</color></LineStyle><PolyStyle><fill>0</fill></PolyStyle></Style>
	<ExtendedData><SchemaData schemaUrl="#jag_id_grid">
		<SimpleData name="env.jag_id">727</SimpleData>
	</SchemaData></ExtendedData>
      <Polygon><outerBoundaryIs><LinearRing><coordinates>18.4291878955,-34.260941358 18.4291878955,-34.2583178476667 18.43181140575,-34.2583178476667 18.43181140575,-34.260941358 18.4291878955,-34.260941358</coordinates></LinearRing></outerBoundaryIs></Polygon>
  </Placemark>
  <Placemark>
	<Style><LineStyle><color>ff0000ff</color></LineStyle><PolyStyle><fill>0</fill></PolyStyle></Style>
	<ExtendedData><SchemaData schemaUrl="#jag_id_grid">
		<SimpleData name="env.jag_id">766</SimpleData>
	</SchemaData></ExtendedData>
      <Polygon><outerBoundaryIs><LinearRing><coordinates>18.43181140575,-34.260941358 18.43181140575,-34.2583178476667 18.434434916,-34.2583178476667 18.434434916,-34.260941358 18.43181140575,-34.260941358</coordinates></LinearRing></outerBoundaryIs></Polygon>
  </Placemark>
  <Placemark>
	<Style><LineStyle><color>ff0000ff</color></LineStyle><PolyStyle><fill>0</fill></PolyStyle></Style>
	<ExtendedData><SchemaData schemaUrl="#jag_id_grid">
		<SimpleData name="env.jag_id">806</SimpleData>
	</SchemaData></ExtendedData>
      <Polygon><outerBoundaryIs><LinearRing><coordinates>18.434434916,-34.260941358 18.434434916,-34.2583178476667 18.43705842625,-34.2583178476667 18.43705842625,-34.260941358 18.434434916,-34.260941358</coordinates></LinearRing></outerBoundaryIs></Polygon>
  </Placemark>
  <Placemark>
	<Style><LineStyle><color>ff0000ff</color></LineStyle><PolyStyle><fill>0</fill></PolyStyle></Style>
	<ExtendedData><SchemaData schemaUrl="#jag_id_grid">
		<SimpleData name="env.jag_id">846</SimpleData>
	</SchemaData></ExtendedData>
      <Polygon><outerBoundaryIs><LinearRing><coordinates>18.43705842625,-34.260941358 18.43705842625,-34.2583178476667 18.4396819365,-34.2583178476667 18.4396819365,-34.260941358 18.43705842625,-34.260941358</coordinates></LinearRing></outerBoundaryIs></Polygon>
  </Placemark>
  <Placemark>
	<Style><LineStyle><color>ff0000ff</color></LineStyle><PolyStyle><fill>0</fill></PolyStyle></Style>
	<ExtendedData><SchemaData schemaUrl="#jag_id_grid">
		<SimpleData name="env.jag_id">887</SimpleData>
	</SchemaData></ExtendedData>
      <Polygon><outerBoundaryIs><LinearRing><coordinates>18.4396819365,-34.260941358 18.4396819365,-34.2583178476667 18.44230544675,-34.2583178476667 18.44230544675,-34.260941358 18.4396819365,-34.260941358</coordinates></LinearRing></outerBoundaryIs></Polygon>
  </Placemark>
  <Placemark>
	<Style><LineStyle><color>ff0000ff</color></LineStyle><PolyStyle><fill>0</fill></PolyStyle></Style>
	<ExtendedData><SchemaData schemaUrl="#jag_id_grid">
		<SimpleData name="env.jag_id">928</SimpleData>
	</SchemaData></ExtendedData>
      <Polygon><outerBoundaryIs><LinearRing><coordinates>18.44230544675,-34.260941358 18.44230544675,-34.2583178476667 18.444928957,-34.2583178476667 18.444928957,-34.260941358 18.44230544675,-34.260941358</coordinates></LinearRing></outerBoundaryIs></Polygon>
  </Placemark>
  <Placemark>
	<Style><LineStyle><color>ff0000ff</color></LineStyle><PolyStyle><fill>0</fill></PolyStyle></Style>
	<ExtendedData><SchemaData schemaUrl="#jag_id_grid">
		<SimpleData name="env.jag_id">968</SimpleData>
	</SchemaData></ExtendedData>
      <Polygon><outerBoundaryIs><LinearRing><coordinates>18.444928957,-34.260941358 18.444928957,-34.2583178476667 18.44755246725,-34.2583178476667 18.44755246725,-34.260941358 18.444928957,-34.260941358</coordinates></LinearRing></outerBoundaryIs></Polygon>
  </Placemark>
  <Placemark>
	<Style><LineStyle><color>ff0000ff</color></LineStyle><PolyStyle><fill>0</fill></PolyStyle></Style>
	<ExtendedData><SchemaData schemaUrl="#jag_id_grid">
		<SimpleData name="env.jag_id">1013</SimpleData>
	</SchemaData></ExtendedData>
      <Polygon><outerBoundaryIs><LinearRing><coordinates>18.44755246725,-34.260941358 18.44755246725,-34.2583178476667 18.4501759775,-34.2583178476667 18.4501759775,-34.260941358 18.44755246725,-34.260941358</coordinates></LinearRing></outerBoundaryIs></Polygon>
  </Placemark>
  <Placemark>
	<Style><LineStyle><color>ff0000ff</color></LineStyle><PolyStyle><fill>0</fill></PolyStyle></Style>
	<ExtendedData><SchemaData schemaUrl="#jag_id_grid">
		<SimpleData name="env.jag_id">1059</SimpleData>
	</SchemaData></ExtendedData>
      <Polygon><outerBoundaryIs><LinearRing><coordinates>18.4501759775,-34.260941358 18.4501759775,-34.2583178476667 18.45279948775,-34.2583178476667 18.45279948775,-34.260941358 18.4501759775,-34.260941358</coordinates></LinearRing></outerBoundaryIs></Polygon>
  </Placemark>
  <Placemark>
	<Style><LineStyle><color>ff0000ff</color></LineStyle><PolyStyle><fill>0</fill></PolyStyle></Style>
	<ExtendedData><SchemaData schemaUrl="#jag_id_grid">
		<SimpleData name="env.jag_id">1099</SimpleData>
	</SchemaData></ExtendedData>
      <Polygon><outerBoundaryIs><LinearRing><coordinates>18.45279948775,-34.260941358 18.45279948775,-34.2583178476667 18.455422998,-34.2583178476667 18.455422998,-34.260941358 18.45279948775,-34.260941358</coordinates></LinearRing></outerBoundaryIs></Polygon>
  </Placemark>
  <Placemark>
	<Style><LineStyle><color>ff0000ff</color></LineStyle><PolyStyle><fill>0</fill></PolyStyle></Style>
	<ExtendedData><SchemaData schemaUrl="#jag_id_grid">
		<SimpleData name="env.jag_id">1141</SimpleData>
	</SchemaData></ExtendedData>
      <Polygon><outerBoundaryIs><LinearRing><coordinates>18.455422998,-34.260941358 18.455422998,-34.2583178476667 18.45804650825,-34.2583178476667 18.45804650825,-34.260941358 18.455422998,-34.260941358</coordinates></LinearRing></outerBoundaryIs></Polygon>
  </Placemark>
  <Placemark>
	<Style><LineStyle><color>ff0000ff</color></LineStyle><PolyStyle><fill>0</fill></PolyStyle></Style>
	<ExtendedData><SchemaData schemaUrl="#jag_id_grid">
		<SimpleData name="env.jag_id">59</SimpleData>
	</SchemaData></ExtendedData>
      <Polygon><outerBoundaryIs><LinearRing><coordinates>18.381964711,-34.2635648683333 18.381964711,-34.260941358 18.38458822125,-34.260941358 18.38458822125,-34.2635648683333 18.381964711,-34.2635648683333</coordinates></LinearRing></outerBoundaryIs></Polygon>
  </Placemark>
  <Placemark>
	<Style><LineStyle><color>ff0000ff</color></LineStyle><PolyStyle><fill>0</fill></PolyStyle></Style>
	<ExtendedData><SchemaData schemaUrl="#jag_id_grid">
		<SimpleData name="env.jag_id">85</SimpleData>
	</SchemaData></ExtendedData>
      <Polygon><outerBoundaryIs><LinearRing><coordinates>18.38458822125,-34.2635648683333 18.38458822125,-34.260941358 18.3872117315,-34.260941358 18.3872117315,-34.2635648683333 18.38458822125,-34.2635648683333</coordinates></LinearRing></outerBoundaryIs></Polygon>
  </Placemark>
  <Placemark>
	<Style><LineStyle><color>ff0000ff</color></LineStyle><PolyStyle><fill>0</fill></PolyStyle></Style>
	<ExtendedData><SchemaData schemaUrl="#jag_id_grid">
		<SimpleData name="env.jag_id">114</SimpleData>
	</SchemaData></ExtendedData>
      <Polygon><outerBoundaryIs><LinearRing><coordinates>18.3872117315,-34.2635648683333 18.3872117315,-34.260941358 18.38983524175,-34.260941358 18.38983524175,-34.2635648683333 18.3872117315,-34.2635648683333</coordinates></LinearRing></outerBoundaryIs></Polygon>
  </Placemark>
  <Placemark>
	<Style><LineStyle><color>ff0000ff</color></LineStyle><PolyStyle><fill>0</fill></PolyStyle></Style>
	<ExtendedData><SchemaData schemaUrl="#jag_id_grid">
		<SimpleData name="env.jag_id">143</SimpleData>
	</SchemaData></ExtendedData>
      <Polygon><outerBoundaryIs><LinearRing><coordinates>18.38983524175,-34.2635648683333 18.38983524175,-34.260941358 18.392458752,-34.260941358 18.392458752,-34.2635648683333 18.38983524175,-34.2635648683333</coordinates></LinearRing></outerBoundaryIs></Polygon>
  </Placemark>
  <Placemark>
	<Style><LineStyle><color>ff0000ff</color></LineStyle><PolyStyle><fill>0</fill></PolyStyle></Style>
	<ExtendedData><SchemaData schemaUrl="#jag_id_grid">
		<SimpleData name="env.jag_id">173</SimpleData>
	</SchemaData></ExtendedData>
      <Polygon><outerBoundaryIs><LinearRing><coordinates>18.392458752,-34.2635648683333 18.392458752,-34.260941358 18.39508226225,-34.260941358 18.39508226225,-34.2635648683333 18.392458752,-34.2635648683333</coordinates></LinearRing></outerBoundaryIs></Polygon>
  </Placemark>
  <Placemark>
	<Style><LineStyle><color>ff0000ff</color></LineStyle><PolyStyle><fill>0</fill></PolyStyle></Style>
	<ExtendedData><SchemaData schemaUrl="#jag_id_grid">
		<SimpleData name="env.jag_id">206</SimpleData>
	</SchemaData></ExtendedData>
      <Polygon><outerBoundaryIs><LinearRing><coordinates>18.39508226225,-34.2635648683333 18.39508226225,-34.260941358 18.3977057725,-34.260941358 18.3977057725,-34.2635648683333 18.39508226225,-34.2635648683333</coordinates></LinearRing></outerBoundaryIs></Polygon>
  </Placemark>
  <Placemark>
	<Style><LineStyle><color>ff0000ff</color></LineStyle><PolyStyle><fill>0</fill></PolyStyle></Style>
	<ExtendedData><SchemaData schemaUrl="#jag_id_grid">
		<SimpleData name="env.jag_id">239</SimpleData>
	</SchemaData></ExtendedData>
      <Polygon><outerBoundaryIs><LinearRing><coordinates>18.3977057725,-34.2635648683333 18.3977057725,-34.260941358 18.40032928275,-34.260941358 18.40032928275,-34.2635648683333 18.3977057725,-34.2635648683333</coordinates></LinearRing></outerBoundaryIs></Polygon>
  </Placemark>
  <Placemark>
	<Style><LineStyle><color>ff0000ff</color></LineStyle><PolyStyle><fill>0</fill></PolyStyle></Style>
	<ExtendedData><SchemaData schemaUrl="#jag_id_grid">
		<SimpleData name="env.jag_id">272</SimpleData>
	</SchemaData></ExtendedData>
      <Polygon><outerBoundaryIs><LinearRing><coordinates>18.40032928275,-34.2635648683333 18.40032928275,-34.260941358 18.402952793,-34.260941358 18.402952793,-34.2635648683333 18.40032928275,-34.2635648683333</coordinates></LinearRing></outerBoundaryIs></Polygon>
  </Placemark>
  <Placemark>
	<Style><LineStyle><color>ff0000ff</color></LineStyle><PolyStyle><fill>0</fill></PolyStyle></Style>
	<ExtendedData><SchemaData schemaUrl="#jag_id_grid">
		<SimpleData name="env.jag_id">304</SimpleData>
	</SchemaData></ExtendedData>
      <Polygon><outerBoundaryIs><LinearRing><coordinates>18.402952793,-34.2635648683333 18.402952793,-34.260941358 18.40557630325,-34.260941358 18.40557630325,-34.2635648683333 18.402952793,-34.2635648683333</coordinates></LinearRing></outerBoundaryIs></Polygon>
  </Placemark>
  <Placemark>
	<Style><LineStyle><color>ff0000ff</color></LineStyle><PolyStyle><fill>0</fill></PolyStyle></Style>
	<ExtendedData><SchemaData schemaUrl="#jag_id_grid">
		<SimpleData name="env.jag_id">339</SimpleData>
	</SchemaData></ExtendedData>
      <Polygon><outerBoundaryIs><LinearRing><coordinates>18.40557630325,-34.2635648683333 18.40557630325,-34.260941358 18.4081998135,-34.260941358 18.4081998135,-34.2635648683333 18.40557630325,-34.2635648683333</coordinates></LinearRing></outerBoundaryIs></Polygon>
  </Placemark>
  <Placemark>
	<Style><LineStyle><color>ff0000ff</color></LineStyle><PolyStyle><fill>0</fill></PolyStyle></Style>
	<ExtendedData><SchemaData schemaUrl="#jag_id_grid">
		<SimpleData name="env.jag_id">377</SimpleData>
	</SchemaData></ExtendedData>
      <Polygon><outerBoundaryIs><LinearRing><coordinates>18.4081998135,-34.2635648683333 18.4081998135,-34.260941358 18.41082332375,-34.260941358 18.41082332375,-34.2635648683333 18.4081998135,-34.2635648683333</coordinates></LinearRing></outerBoundaryIs></Polygon>
  </Placemark>
  <Placemark>
	<Style><LineStyle><color>ff0000ff</color></LineStyle><PolyStyle><fill>0</fill></PolyStyle></Style>
	<ExtendedData><SchemaData schemaUrl="#jag_id_grid">
		<SimpleData name="env.jag_id">420</SimpleData>
	</SchemaData></ExtendedData>
      <Polygon><outerBoundaryIs><LinearRing><coordinates>18.41082332375,-34.2635648683333 18.41082332375,-34.260941358 18.413446834,-34.260941358 18.413446834,-34.2635648683333 18.41082332375,-34.2635648683333</coordinates></LinearRing></outerBoundaryIs></Polygon>
  </Placemark>
  <Placemark>
	<Style><LineStyle><color>ff0000ff</color></LineStyle><PolyStyle><fill>0</fill></PolyStyle></Style>
	<ExtendedData><SchemaData schemaUrl="#jag_id_grid">
		<SimpleData name="env.jag_id">463</SimpleData>
	</SchemaData></ExtendedData>
      <Polygon><outerBoundaryIs><LinearRing><coordinates>18.413446834,-34.2635648683333 18.413446834,-34.260941358 18.41607034425,-34.260941358 18.41607034425,-34.2635648683333 18.413446834,-34.2635648683333</coordinates></LinearRing></outerBoundaryIs></Polygon>
  </Placemark>
  <Placemark>
	<Style><LineStyle><color>ff0000ff</color></LineStyle><PolyStyle><fill>0</fill></PolyStyle></Style>
	<ExtendedData><SchemaData schemaUrl="#jag_id_grid">
		<SimpleData name="env.jag_id">507</SimpleData>
	</SchemaData></ExtendedData>
      <Polygon><outerBoundaryIs><LinearRing><coordinates>18.41607034425,-34.2635648683333 18.41607034425,-34.260941358 18.4186938545,-34.260941358 18.4186938545,-34.2635648683333 18.41607034425,-34.2635648683333</coordinates></LinearRing></outerBoundaryIs></Polygon>
  </Placemark>
  <Placemark>
	<Style><LineStyle><color>ff0000ff</color></LineStyle><PolyStyle><fill>0</fill></PolyStyle></Style>
	<ExtendedData><SchemaData schemaUrl="#jag_id_grid">
		<SimpleData name="env.jag_id">552</SimpleData>
	</SchemaData></ExtendedData>
      <Polygon><outerBoundaryIs><LinearRing><coordinates>18.4186938545,-34.2635648683333 18.4186938545,-34.260941358 18.42131736475,-34.260941358 18.42131736475,-34.2635648683333 18.4186938545,-34.2635648683333</coordinates></LinearRing></outerBoundaryIs></Polygon>
  </Placemark>
  <Placemark>
	<Style><LineStyle><color>ff0000ff</color></LineStyle><PolyStyle><fill>0</fill></PolyStyle></Style>
	<ExtendedData><SchemaData schemaUrl="#jag_id_grid">
		<SimpleData name="env.jag_id">598</SimpleData>
	</SchemaData></ExtendedData>
      <Polygon><outerBoundaryIs><LinearRing><coordinates>18.42131736475,-34.2635648683333 18.42131736475,-34.260941358 18.423940875,-34.260941358 18.423940875,-34.2635648683333 18.42131736475,-34.2635648683333</coordinates></LinearRing></outerBoundaryIs></Polygon>
  </Placemark>
  <Placemark>
	<Style><LineStyle><color>ff0000ff</color></LineStyle><PolyStyle><fill>0</fill></PolyStyle></Style>
	<ExtendedData><SchemaData schemaUrl="#jag_id_grid">
		<SimpleData name="env.jag_id">644</SimpleData>
	</SchemaData></ExtendedData>
      <Polygon><outerBoundaryIs><LinearRing><coordinates>18.423940875,-34.2635648683333 18.423940875,-34.260941358 18.42656438525,-34.260941358 18.42656438525,-34.2635648683333 18.423940875,-34.2635648683333</coordinates></LinearRing></outerBoundaryIs></Polygon>
  </Placemark>
  <Placemark>
	<Style><LineStyle><color>ff0000ff</color></LineStyle><PolyStyle><fill>0</fill></PolyStyle></Style>
	<ExtendedData><SchemaData schemaUrl="#jag_id_grid">
		<SimpleData name="env.jag_id">685</SimpleData>
	</SchemaData></ExtendedData>
      <Polygon><outerBoundaryIs><LinearRing><coordinates>18.42656438525,-34.2635648683333 18.42656438525,-34.260941358 18.4291878955,-34.260941358 18.4291878955,-34.2635648683333 18.42656438525,-34.2635648683333</coordinates></LinearRing></outerBoundaryIs></Polygon>
  </Placemark>
  <Placemark>
	<Style><LineStyle><color>ff0000ff</color></LineStyle><PolyStyle><fill>0</fill></PolyStyle></Style>
	<ExtendedData><SchemaData schemaUrl="#jag_id_grid">
		<SimpleData name="env.jag_id">728</SimpleData>
	</SchemaData></ExtendedData>
      <Polygon><outerBoundaryIs><LinearRing><coordinates>18.4291878955,-34.2635648683333 18.4291878955,-34.260941358 18.43181140575,-34.260941358 18.43181140575,-34.2635648683333 18.4291878955,-34.2635648683333</coordinates></LinearRing></outerBoundaryIs></Polygon>
  </Placemark>
  <Placemark>
	<Style><LineStyle><color>ff0000ff</color></LineStyle><PolyStyle><fill>0</fill></PolyStyle></Style>
	<ExtendedData><SchemaData schemaUrl="#jag_id_grid">
		<SimpleData name="env.jag_id">767</SimpleData>
	</SchemaData></ExtendedData>
      <Polygon><outerBoundaryIs><LinearRing><coordinates>18.43181140575,-34.2635648683333 18.43181140575,-34.260941358 18.434434916,-34.260941358 18.434434916,-34.2635648683333 18.43181140575,-34.2635648683333</coordinates></LinearRing></outerBoundaryIs></Polygon>
  </Placemark>
  <Placemark>
	<Style><LineStyle><color>ff0000ff</color></LineStyle><PolyStyle><fill>0</fill></PolyStyle></Style>
	<ExtendedData><SchemaData schemaUrl="#jag_id_grid">
		<SimpleData name="env.jag_id">807</SimpleData>
	</SchemaData></ExtendedData>
      <Polygon><outerBoundaryIs><LinearRing><coordinates>18.434434916,-34.2635648683333 18.434434916,-34.260941358 18.43705842625,-34.260941358 18.43705842625,-34.2635648683333 18.434434916,-34.2635648683333</coordinates></LinearRing></outerBoundaryIs></Polygon>
  </Placemark>
  <Placemark>
	<Style><LineStyle><color>ff0000ff</color></LineStyle><PolyStyle><fill>0</fill></PolyStyle></Style>
	<ExtendedData><SchemaData schemaUrl="#jag_id_grid">
		<SimpleData name="env.jag_id">847</SimpleData>
	</SchemaData></ExtendedData>
      <Polygon><outerBoundaryIs><LinearRing><coordinates>18.43705842625,-34.2635648683333 18.43705842625,-34.260941358 18.4396819365,-34.260941358 18.4396819365,-34.2635648683333 18.43705842625,-34.2635648683333</coordinates></LinearRing></outerBoundaryIs></Polygon>
  </Placemark>
  <Placemark>
	<Style><LineStyle><color>ff0000ff</color></LineStyle><PolyStyle><fill>0</fill></PolyStyle></Style>
	<ExtendedData><SchemaData schemaUrl="#jag_id_grid">
		<SimpleData name="env.jag_id">888</SimpleData>
	</SchemaData></ExtendedData>
      <Polygon><outerBoundaryIs><LinearRing><coordinates>18.4396819365,-34.2635648683333 18.4396819365,-34.260941358 18.44230544675,-34.260941358 18.44230544675,-34.2635648683333 18.4396819365,-34.2635648683333</coordinates></LinearRing></outerBoundaryIs></Polygon>
  </Placemark>
  <Placemark>
	<Style><LineStyle><color>ff0000ff</color></LineStyle><PolyStyle><fill>0</fill></PolyStyle></Style>
	<ExtendedData><SchemaData schemaUrl="#jag_id_grid">
		<SimpleData name="env.jag_id">929</SimpleData>
	</SchemaData></ExtendedData>
      <Polygon><outerBoundaryIs><LinearRing><coordinates>18.44230544675,-34.2635648683333 18.44230544675,-34.260941358 18.444928957,-34.260941358 18.444928957,-34.2635648683333 18.44230544675,-34.2635648683333</coordinates></LinearRing></outerBoundaryIs></Polygon>
  </Placemark>
  <Placemark>
	<Style><LineStyle><color>ff0000ff</color></LineStyle><PolyStyle><fill>0</fill></PolyStyle></Style>
	<ExtendedData><SchemaData schemaUrl="#jag_id_grid">
		<SimpleData name="env.jag_id">969</SimpleData>
	</SchemaData></ExtendedData>
      <Polygon><outerBoundaryIs><LinearRing><coordinates>18.444928957,-34.2635648683333 18.444928957,-34.260941358 18.44755246725,-34.260941358 18.44755246725,-34.2635648683333 18.444928957,-34.2635648683333</coordinates></LinearRing></outerBoundaryIs></Polygon>
  </Placemark>
  <Placemark>
	<Style><LineStyle><color>ff0000ff</color></LineStyle><PolyStyle><fill>0</fill></PolyStyle></Style>
	<ExtendedData><SchemaData schemaUrl="#jag_id_grid">
		<SimpleData name="env.jag_id">1014</SimpleData>
	</SchemaData></ExtendedData>
      <Polygon><outerBoundaryIs><LinearRing><coordinates>18.44755246725,-34.2635648683333 18.44755246725,-34.260941358 18.4501759775,-34.260941358 18.4501759775,-34.2635648683333 18.44755246725,-34.2635648683333</coordinates></LinearRing></outerBoundaryIs></Polygon>
  </Placemark>
  <Placemark>
	<Style><LineStyle><color>ff0000ff</color></LineStyle><PolyStyle><fill>0</fill></PolyStyle></Style>
	<ExtendedData><SchemaData schemaUrl="#jag_id_grid">
		<SimpleData name="env.jag_id">1060</SimpleData>
	</SchemaData></ExtendedData>
      <Polygon><outerBoundaryIs><LinearRing><coordinates>18.4501759775,-34.2635648683333 18.4501759775,-34.260941358 18.45279948775,-34.260941358 18.45279948775,-34.2635648683333 18.4501759775,-34.2635648683333</coordinates></LinearRing></outerBoundaryIs></Polygon>
  </Placemark>
  <Placemark>
	<Style><LineStyle><color>ff0000ff</color></LineStyle><PolyStyle><fill>0</fill></PolyStyle></Style>
	<ExtendedData><SchemaData schemaUrl="#jag_id_grid">
		<SimpleData name="env.jag_id">1100</SimpleData>
	</SchemaData></ExtendedData>
      <Polygon><outerBoundaryIs><LinearRing><coordinates>18.45279948775,-34.2635648683333 18.45279948775,-34.260941358 18.455422998,-34.260941358 18.455422998,-34.2635648683333 18.45279948775,-34.2635648683333</coordinates></LinearRing></outerBoundaryIs></Polygon>
  </Placemark>
  <Placemark>
	<Style><LineStyle><color>ff0000ff</color></LineStyle><PolyStyle><fill>0</fill></PolyStyle></Style>
	<ExtendedData><SchemaData schemaUrl="#jag_id_grid">
		<SimpleData name="env.jag_id">1142</SimpleData>
	</SchemaData></ExtendedData>
      <Polygon><outerBoundaryIs><LinearRing><coordinates>18.455422998,-34.2635648683333 18.455422998,-34.260941358 18.45804650825,-34.260941358 18.45804650825,-34.2635648683333 18.455422998,-34.2635648683333</coordinates></LinearRing></outerBoundaryIs></Polygon>
  </Placemark>
  <Placemark>
	<Style><LineStyle><color>ff0000ff</color></LineStyle><PolyStyle><fill>0</fill></PolyStyle></Style>
	<ExtendedData><SchemaData schemaUrl="#jag_id_grid">
		<SimpleData name="env.jag_id">1184</SimpleData>
	</SchemaData></ExtendedData>
      <Polygon><outerBoundaryIs><LinearRing><coordinates>18.45804650825,-34.2635648683333 18.45804650825,-34.260941358 18.4606700185,-34.260941358 18.4606700185,-34.2635648683333 18.45804650825,-34.2635648683333</coordinates></LinearRing></outerBoundaryIs></Polygon>
  </Placemark>
  <Placemark>
	<Style><LineStyle><color>ff0000ff</color></LineStyle><PolyStyle><fill>0</fill></PolyStyle></Style>
	<ExtendedData><SchemaData schemaUrl="#jag_id_grid">
		<SimpleData name="env.jag_id">86</SimpleData>
	</SchemaData></ExtendedData>
      <Polygon><outerBoundaryIs><LinearRing><coordinates>18.38458822125,-34.2661883786667 18.38458822125,-34.2635648683333 18.3872117315,-34.2635648683333 18.3872117315,-34.2661883786667 18.38458822125,-34.2661883786667</coordinates></LinearRing></outerBoundaryIs></Polygon>
  </Placemark>
  <Placemark>
	<Style><LineStyle><color>ff0000ff</color></LineStyle><PolyStyle><fill>0</fill></PolyStyle></Style>
	<ExtendedData><SchemaData schemaUrl="#jag_id_grid">
		<SimpleData name="env.jag_id">115</SimpleData>
	</SchemaData></ExtendedData>
      <Polygon><outerBoundaryIs><LinearRing><coordinates>18.3872117315,-34.2661883786667 18.3872117315,-34.2635648683333 18.38983524175,-34.2635648683333 18.38983524175,-34.2661883786667 18.3872117315,-34.2661883786667</coordinates></LinearRing></outerBoundaryIs></Polygon>
  </Placemark>
  <Placemark>
	<Style><LineStyle><color>ff0000ff</color></LineStyle><PolyStyle><fill>0</fill></PolyStyle></Style>
	<ExtendedData><SchemaData schemaUrl="#jag_id_grid">
		<SimpleData name="env.jag_id">144</SimpleData>
	</SchemaData></ExtendedData>
      <Polygon><outerBoundaryIs><LinearRing><coordinates>18.38983524175,-34.2661883786667 18.38983524175,-34.2635648683333 18.392458752,-34.2635648683333 18.392458752,-34.2661883786667 18.38983524175,-34.2661883786667</coordinates></LinearRing></outerBoundaryIs></Polygon>
  </Placemark>
  <Placemark>
	<Style><LineStyle><color>ff0000ff</color></LineStyle><PolyStyle><fill>0</fill></PolyStyle></Style>
	<ExtendedData><SchemaData schemaUrl="#jag_id_grid">
		<SimpleData name="env.jag_id">174</SimpleData>
	</SchemaData></ExtendedData>
      <Polygon><outerBoundaryIs><LinearRing><coordinates>18.392458752,-34.2661883786667 18.392458752,-34.2635648683333 18.39508226225,-34.2635648683333 18.39508226225,-34.2661883786667 18.392458752,-34.2661883786667</coordinates></LinearRing></outerBoundaryIs></Polygon>
  </Placemark>
  <Placemark>
	<Style><LineStyle><color>ff0000ff</color></LineStyle><PolyStyle><fill>0</fill></PolyStyle></Style>
	<ExtendedData><SchemaData schemaUrl="#jag_id_grid">
		<SimpleData name="env.jag_id">207</SimpleData>
	</SchemaData></ExtendedData>
      <Polygon><outerBoundaryIs><LinearRing><coordinates>18.39508226225,-34.2661883786667 18.39508226225,-34.2635648683333 18.3977057725,-34.2635648683333 18.3977057725,-34.2661883786667 18.39508226225,-34.2661883786667</coordinates></LinearRing></outerBoundaryIs></Polygon>
  </Placemark>
  <Placemark>
	<Style><LineStyle><color>ff0000ff</color></LineStyle><PolyStyle><fill>0</fill></PolyStyle></Style>
	<ExtendedData><SchemaData schemaUrl="#jag_id_grid">
		<SimpleData name="env.jag_id">240</SimpleData>
	</SchemaData></ExtendedData>
      <Polygon><outerBoundaryIs><LinearRing><coordinates>18.3977057725,-34.2661883786667 18.3977057725,-34.2635648683333 18.40032928275,-34.2635648683333 18.40032928275,-34.2661883786667 18.3977057725,-34.2661883786667</coordinates></LinearRing></outerBoundaryIs></Polygon>
  </Placemark>
  <Placemark>
	<Style><LineStyle><color>ff0000ff</color></LineStyle><PolyStyle><fill>0</fill></PolyStyle></Style>
	<ExtendedData><SchemaData schemaUrl="#jag_id_grid">
		<SimpleData name="env.jag_id">273</SimpleData>
	</SchemaData></ExtendedData>
      <Polygon><outerBoundaryIs><LinearRing><coordinates>18.40032928275,-34.2661883786667 18.40032928275,-34.2635648683333 18.402952793,-34.2635648683333 18.402952793,-34.2661883786667 18.40032928275,-34.2661883786667</coordinates></LinearRing></outerBoundaryIs></Polygon>
  </Placemark>
  <Placemark>
	<Style><LineStyle><color>ff0000ff</color></LineStyle><PolyStyle><fill>0</fill></PolyStyle></Style>
	<ExtendedData><SchemaData schemaUrl="#jag_id_grid">
		<SimpleData name="env.jag_id">305</SimpleData>
	</SchemaData></ExtendedData>
      <Polygon><outerBoundaryIs><LinearRing><coordinates>18.402952793,-34.2661883786667 18.402952793,-34.2635648683333 18.40557630325,-34.2635648683333 18.40557630325,-34.2661883786667 18.402952793,-34.2661883786667</coordinates></LinearRing></outerBoundaryIs></Polygon>
  </Placemark>
  <Placemark>
	<Style><LineStyle><color>ff0000ff</color></LineStyle><PolyStyle><fill>0</fill></PolyStyle></Style>
	<ExtendedData><SchemaData schemaUrl="#jag_id_grid">
		<SimpleData name="env.jag_id">340</SimpleData>
	</SchemaData></ExtendedData>
      <Polygon><outerBoundaryIs><LinearRing><coordinates>18.40557630325,-34.2661883786667 18.40557630325,-34.2635648683333 18.4081998135,-34.2635648683333 18.4081998135,-34.2661883786667 18.40557630325,-34.2661883786667</coordinates></LinearRing></outerBoundaryIs></Polygon>
  </Placemark>
  <Placemark>
	<Style><LineStyle><color>ff0000ff</color></LineStyle><PolyStyle><fill>0</fill></PolyStyle></Style>
	<ExtendedData><SchemaData schemaUrl="#jag_id_grid">
		<SimpleData name="env.jag_id">378</SimpleData>
	</SchemaData></ExtendedData>
      <Polygon><outerBoundaryIs><LinearRing><coordinates>18.4081998135,-34.2661883786667 18.4081998135,-34.2635648683333 18.41082332375,-34.2635648683333 18.41082332375,-34.2661883786667 18.4081998135,-34.2661883786667</coordinates></LinearRing></outerBoundaryIs></Polygon>
  </Placemark>
  <Placemark>
	<Style><LineStyle><color>ff0000ff</color></LineStyle><PolyStyle><fill>0</fill></PolyStyle></Style>
	<ExtendedData><SchemaData schemaUrl="#jag_id_grid">
		<SimpleData name="env.jag_id">421</SimpleData>
	</SchemaData></ExtendedData>
      <Polygon><outerBoundaryIs><LinearRing><coordinates>18.41082332375,-34.2661883786667 18.41082332375,-34.2635648683333 18.413446834,-34.2635648683333 18.413446834,-34.2661883786667 18.41082332375,-34.2661883786667</coordinates></LinearRing></outerBoundaryIs></Polygon>
  </Placemark>
  <Placemark>
	<Style><LineStyle><color>ff0000ff</color></LineStyle><PolyStyle><fill>0</fill></PolyStyle></Style>
	<ExtendedData><SchemaData schemaUrl="#jag_id_grid">
		<SimpleData name="env.jag_id">464</SimpleData>
	</SchemaData></ExtendedData>
      <Polygon><outerBoundaryIs><LinearRing><coordinates>18.413446834,-34.2661883786667 18.413446834,-34.2635648683333 18.41607034425,-34.2635648683333 18.41607034425,-34.2661883786667 18.413446834,-34.2661883786667</coordinates></LinearRing></outerBoundaryIs></Polygon>
  </Placemark>
  <Placemark>
	<Style><LineStyle><color>ff0000ff</color></LineStyle><PolyStyle><fill>0</fill></PolyStyle></Style>
	<ExtendedData><SchemaData schemaUrl="#jag_id_grid">
		<SimpleData name="env.jag_id">508</SimpleData>
	</SchemaData></ExtendedData>
      <Polygon><outerBoundaryIs><LinearRing><coordinates>18.41607034425,-34.2661883786667 18.41607034425,-34.2635648683333 18.4186938545,-34.2635648683333 18.4186938545,-34.2661883786667 18.41607034425,-34.2661883786667</coordinates></LinearRing></outerBoundaryIs></Polygon>
  </Placemark>
  <Placemark>
	<Style><LineStyle><color>ff0000ff</color></LineStyle><PolyStyle><fill>0</fill></PolyStyle></Style>
	<ExtendedData><SchemaData schemaUrl="#jag_id_grid">
		<SimpleData name="env.jag_id">553</SimpleData>
	</SchemaData></ExtendedData>
      <Polygon><outerBoundaryIs><LinearRing><coordinates>18.4186938545,-34.2661883786667 18.4186938545,-34.2635648683333 18.42131736475,-34.2635648683333 18.42131736475,-34.2661883786667 18.4186938545,-34.2661883786667</coordinates></LinearRing></outerBoundaryIs></Polygon>
  </Placemark>
  <Placemark>
	<Style><LineStyle><color>ff0000ff</color></LineStyle><PolyStyle><fill>0</fill></PolyStyle></Style>
	<ExtendedData><SchemaData schemaUrl="#jag_id_grid">
		<SimpleData name="env.jag_id">599</SimpleData>
	</SchemaData></ExtendedData>
      <Polygon><outerBoundaryIs><LinearRing><coordinates>18.42131736475,-34.2661883786667 18.42131736475,-34.2635648683333 18.423940875,-34.2635648683333 18.423940875,-34.2661883786667 18.42131736475,-34.2661883786667</coordinates></LinearRing></outerBoundaryIs></Polygon>
  </Placemark>
  <Placemark>
	<Style><LineStyle><color>ff0000ff</color></LineStyle><PolyStyle><fill>0</fill></PolyStyle></Style>
	<ExtendedData><SchemaData schemaUrl="#jag_id_grid">
		<SimpleData name="env.jag_id">645</SimpleData>
	</SchemaData></ExtendedData>
      <Polygon><outerBoundaryIs><LinearRing><coordinates>18.423940875,-34.2661883786667 18.423940875,-34.2635648683333 18.42656438525,-34.2635648683333 18.42656438525,-34.2661883786667 18.423940875,-34.2661883786667</coordinates></LinearRing></outerBoundaryIs></Polygon>
  </Placemark>
  <Placemark>
	<Style><LineStyle><color>ff0000ff</color></LineStyle><PolyStyle><fill>0</fill></PolyStyle></Style>
	<ExtendedData><SchemaData schemaUrl="#jag_id_grid">
		<SimpleData name="env.jag_id">686</SimpleData>
	</SchemaData></ExtendedData>
      <Polygon><outerBoundaryIs><LinearRing><coordinates>18.42656438525,-34.2661883786667 18.42656438525,-34.2635648683333 18.4291878955,-34.2635648683333 18.4291878955,-34.2661883786667 18.42656438525,-34.2661883786667</coordinates></LinearRing></outerBoundaryIs></Polygon>
  </Placemark>
  <Placemark>
	<Style><LineStyle><color>ff0000ff</color></LineStyle><PolyStyle><fill>0</fill></PolyStyle></Style>
	<ExtendedData><SchemaData schemaUrl="#jag_id_grid">
		<SimpleData name="env.jag_id">729</SimpleData>
	</SchemaData></ExtendedData>
      <Polygon><outerBoundaryIs><LinearRing><coordinates>18.4291878955,-34.2661883786667 18.4291878955,-34.2635648683333 18.43181140575,-34.2635648683333 18.43181140575,-34.2661883786667 18.4291878955,-34.2661883786667</coordinates></LinearRing></outerBoundaryIs></Polygon>
  </Placemark>
  <Placemark>
	<Style><LineStyle><color>ff0000ff</color></LineStyle><PolyStyle><fill>0</fill></PolyStyle></Style>
	<ExtendedData><SchemaData schemaUrl="#jag_id_grid">
		<SimpleData name="env.jag_id">768</SimpleData>
	</SchemaData></ExtendedData>
      <Polygon><outerBoundaryIs><LinearRing><coordinates>18.43181140575,-34.2661883786667 18.43181140575,-34.2635648683333 18.434434916,-34.2635648683333 18.434434916,-34.2661883786667 18.43181140575,-34.2661883786667</coordinates></LinearRing></outerBoundaryIs></Polygon>
  </Placemark>
  <Placemark>
	<Style><LineStyle><color>ff0000ff</color></LineStyle><PolyStyle><fill>0</fill></PolyStyle></Style>
	<ExtendedData><SchemaData schemaUrl="#jag_id_grid">
		<SimpleData name="env.jag_id">808</SimpleData>
	</SchemaData></ExtendedData>
      <Polygon><outerBoundaryIs><LinearRing><coordinates>18.434434916,-34.2661883786667 18.434434916,-34.2635648683333 18.43705842625,-34.2635648683333 18.43705842625,-34.2661883786667 18.434434916,-34.2661883786667</coordinates></LinearRing></outerBoundaryIs></Polygon>
  </Placemark>
  <Placemark>
	<Style><LineStyle><color>ff0000ff</color></LineStyle><PolyStyle><fill>0</fill></PolyStyle></Style>
	<ExtendedData><SchemaData schemaUrl="#jag_id_grid">
		<SimpleData name="env.jag_id">848</SimpleData>
	</SchemaData></ExtendedData>
      <Polygon><outerBoundaryIs><LinearRing><coordinates>18.43705842625,-34.2661883786667 18.43705842625,-34.2635648683333 18.4396819365,-34.2635648683333 18.4396819365,-34.2661883786667 18.43705842625,-34.2661883786667</coordinates></LinearRing></outerBoundaryIs></Polygon>
  </Placemark>
  <Placemark>
	<Style><LineStyle><color>ff0000ff</color></LineStyle><PolyStyle><fill>0</fill></PolyStyle></Style>
	<ExtendedData><SchemaData schemaUrl="#jag_id_grid">
		<SimpleData name="env.jag_id">889</SimpleData>
	</SchemaData></ExtendedData>
      <Polygon><outerBoundaryIs><LinearRing><coordinates>18.4396819365,-34.2661883786667 18.4396819365,-34.2635648683333 18.44230544675,-34.2635648683333 18.44230544675,-34.2661883786667 18.4396819365,-34.2661883786667</coordinates></LinearRing></outerBoundaryIs></Polygon>
  </Placemark>
  <Placemark>
	<Style><LineStyle><color>ff0000ff</color></LineStyle><PolyStyle><fill>0</fill></PolyStyle></Style>
	<ExtendedData><SchemaData schemaUrl="#jag_id_grid">
		<SimpleData name="env.jag_id">930</SimpleData>
	</SchemaData></ExtendedData>
      <Polygon><outerBoundaryIs><LinearRing><coordinates>18.44230544675,-34.2661883786667 18.44230544675,-34.2635648683333 18.444928957,-34.2635648683333 18.444928957,-34.2661883786667 18.44230544675,-34.2661883786667</coordinates></LinearRing></outerBoundaryIs></Polygon>
  </Placemark>
  <Placemark>
	<Style><LineStyle><color>ff0000ff</color></LineStyle><PolyStyle><fill>0</fill></PolyStyle></Style>
	<ExtendedData><SchemaData schemaUrl="#jag_id_grid">
		<SimpleData name="env.jag_id">970</SimpleData>
	</SchemaData></ExtendedData>
      <Polygon><outerBoundaryIs><LinearRing><coordinates>18.444928957,-34.2661883786667 18.444928957,-34.2635648683333 18.44755246725,-34.2635648683333 18.44755246725,-34.2661883786667 18.444928957,-34.2661883786667</coordinates></LinearRing></outerBoundaryIs></Polygon>
  </Placemark>
  <Placemark>
	<Style><LineStyle><color>ff0000ff</color></LineStyle><PolyStyle><fill>0</fill></PolyStyle></Style>
	<ExtendedData><SchemaData schemaUrl="#jag_id_grid">
		<SimpleData name="env.jag_id">1015</SimpleData>
	</SchemaData></ExtendedData>
      <Polygon><outerBoundaryIs><LinearRing><coordinates>18.44755246725,-34.2661883786667 18.44755246725,-34.2635648683333 18.4501759775,-34.2635648683333 18.4501759775,-34.2661883786667 18.44755246725,-34.2661883786667</coordinates></LinearRing></outerBoundaryIs></Polygon>
  </Placemark>
  <Placemark>
	<Style><LineStyle><color>ff0000ff</color></LineStyle><PolyStyle><fill>0</fill></PolyStyle></Style>
	<ExtendedData><SchemaData schemaUrl="#jag_id_grid">
		<SimpleData name="env.jag_id">1061</SimpleData>
	</SchemaData></ExtendedData>
      <Polygon><outerBoundaryIs><LinearRing><coordinates>18.4501759775,-34.2661883786667 18.4501759775,-34.2635648683333 18.45279948775,-34.2635648683333 18.45279948775,-34.2661883786667 18.4501759775,-34.2661883786667</coordinates></LinearRing></outerBoundaryIs></Polygon>
  </Placemark>
  <Placemark>
	<Style><LineStyle><color>ff0000ff</color></LineStyle><PolyStyle><fill>0</fill></PolyStyle></Style>
	<ExtendedData><SchemaData schemaUrl="#jag_id_grid">
		<SimpleData name="env.jag_id">1101</SimpleData>
	</SchemaData></ExtendedData>
      <Polygon><outerBoundaryIs><LinearRing><coordinates>18.45279948775,-34.2661883786667 18.45279948775,-34.2635648683333 18.455422998,-34.2635648683333 18.455422998,-34.2661883786667 18.45279948775,-34.2661883786667</coordinates></LinearRing></outerBoundaryIs></Polygon>
  </Placemark>
  <Placemark>
	<Style><LineStyle><color>ff0000ff</color></LineStyle><PolyStyle><fill>0</fill></PolyStyle></Style>
	<ExtendedData><SchemaData schemaUrl="#jag_id_grid">
		<SimpleData name="env.jag_id">1143</SimpleData>
	</SchemaData></ExtendedData>
      <Polygon><outerBoundaryIs><LinearRing><coordinates>18.455422998,-34.2661883786667 18.455422998,-34.2635648683333 18.45804650825,-34.2635648683333 18.45804650825,-34.2661883786667 18.455422998,-34.2661883786667</coordinates></LinearRing></outerBoundaryIs></Polygon>
  </Placemark>
  <Placemark>
	<Style><LineStyle><color>ff0000ff</color></LineStyle><PolyStyle><fill>0</fill></PolyStyle></Style>
	<ExtendedData><SchemaData schemaUrl="#jag_id_grid">
		<SimpleData name="env.jag_id">1185</SimpleData>
	</SchemaData></ExtendedData>
      <Polygon><outerBoundaryIs><LinearRing><coordinates>18.45804650825,-34.2661883786667 18.45804650825,-34.2635648683333 18.4606700185,-34.2635648683333 18.4606700185,-34.2661883786667 18.45804650825,-34.2661883786667</coordinates></LinearRing></outerBoundaryIs></Polygon>
  </Placemark>
  <Placemark>
	<Style><LineStyle><color>ff0000ff</color></LineStyle><PolyStyle><fill>0</fill></PolyStyle></Style>
	<ExtendedData><SchemaData schemaUrl="#jag_id_grid">
		<SimpleData name="env.jag_id">1223</SimpleData>
	</SchemaData></ExtendedData>
      <Polygon><outerBoundaryIs><LinearRing><coordinates>18.4606700185,-34.2661883786667 18.4606700185,-34.2635648683333 18.46329352875,-34.2635648683333 18.46329352875,-34.2661883786667 18.4606700185,-34.2661883786667</coordinates></LinearRing></outerBoundaryIs></Polygon>
  </Placemark>
  <Placemark>
	<Style><LineStyle><color>ff0000ff</color></LineStyle><PolyStyle><fill>0</fill></PolyStyle></Style>
	<ExtendedData><SchemaData schemaUrl="#jag_id_grid">
		<SimpleData name="env.jag_id">87</SimpleData>
	</SchemaData></ExtendedData>
      <Polygon><outerBoundaryIs><LinearRing><coordinates>18.38458822125,-34.268811889 18.38458822125,-34.2661883786667 18.3872117315,-34.2661883786667 18.3872117315,-34.268811889 18.38458822125,-34.268811889</coordinates></LinearRing></outerBoundaryIs></Polygon>
  </Placemark>
  <Placemark>
	<Style><LineStyle><color>ff0000ff</color></LineStyle><PolyStyle><fill>0</fill></PolyStyle></Style>
	<ExtendedData><SchemaData schemaUrl="#jag_id_grid">
		<SimpleData name="env.jag_id">116</SimpleData>
	</SchemaData></ExtendedData>
      <Polygon><outerBoundaryIs><LinearRing><coordinates>18.3872117315,-34.268811889 18.3872117315,-34.2661883786667 18.38983524175,-34.2661883786667 18.38983524175,-34.268811889 18.3872117315,-34.268811889</coordinates></LinearRing></outerBoundaryIs></Polygon>
  </Placemark>
  <Placemark>
	<Style><LineStyle><color>ff0000ff</color></LineStyle><PolyStyle><fill>0</fill></PolyStyle></Style>
	<ExtendedData><SchemaData schemaUrl="#jag_id_grid">
		<SimpleData name="env.jag_id">145</SimpleData>
	</SchemaData></ExtendedData>
      <Polygon><outerBoundaryIs><LinearRing><coordinates>18.38983524175,-34.268811889 18.38983524175,-34.2661883786667 18.392458752,-34.2661883786667 18.392458752,-34.268811889 18.38983524175,-34.268811889</coordinates></LinearRing></outerBoundaryIs></Polygon>
  </Placemark>
  <Placemark>
	<Style><LineStyle><color>ff0000ff</color></LineStyle><PolyStyle><fill>0</fill></PolyStyle></Style>
	<ExtendedData><SchemaData schemaUrl="#jag_id_grid">
		<SimpleData name="env.jag_id">175</SimpleData>
	</SchemaData></ExtendedData>
      <Polygon><outerBoundaryIs><LinearRing><coordinates>18.392458752,-34.268811889 18.392458752,-34.2661883786667 18.39508226225,-34.2661883786667 18.39508226225,-34.268811889 18.392458752,-34.268811889</coordinates></LinearRing></outerBoundaryIs></Polygon>
  </Placemark>
  <Placemark>
	<Style><LineStyle><color>ff0000ff</color></LineStyle><PolyStyle><fill>0</fill></PolyStyle></Style>
	<ExtendedData><SchemaData schemaUrl="#jag_id_grid">
		<SimpleData name="env.jag_id">208</SimpleData>
	</SchemaData></ExtendedData>
      <Polygon><outerBoundaryIs><LinearRing><coordinates>18.39508226225,-34.268811889 18.39508226225,-34.2661883786667 18.3977057725,-34.2661883786667 18.3977057725,-34.268811889 18.39508226225,-34.268811889</coordinates></LinearRing></outerBoundaryIs></Polygon>
  </Placemark>
  <Placemark>
	<Style><LineStyle><color>ff0000ff</color></LineStyle><PolyStyle><fill>0</fill></PolyStyle></Style>
	<ExtendedData><SchemaData schemaUrl="#jag_id_grid">
		<SimpleData name="env.jag_id">241</SimpleData>
	</SchemaData></ExtendedData>
      <Polygon><outerBoundaryIs><LinearRing><coordinates>18.3977057725,-34.268811889 18.3977057725,-34.2661883786667 18.40032928275,-34.2661883786667 18.40032928275,-34.268811889 18.3977057725,-34.268811889</coordinates></LinearRing></outerBoundaryIs></Polygon>
  </Placemark>
  <Placemark>
	<Style><LineStyle><color>ff0000ff</color></LineStyle><PolyStyle><fill>0</fill></PolyStyle></Style>
	<ExtendedData><SchemaData schemaUrl="#jag_id_grid">
		<SimpleData name="env.jag_id">274</SimpleData>
	</SchemaData></ExtendedData>
      <Polygon><outerBoundaryIs><LinearRing><coordinates>18.40032928275,-34.268811889 18.40032928275,-34.2661883786667 18.402952793,-34.2661883786667 18.402952793,-34.268811889 18.40032928275,-34.268811889</coordinates></LinearRing></outerBoundaryIs></Polygon>
  </Placemark>
  <Placemark>
	<Style><LineStyle><color>ff0000ff</color></LineStyle><PolyStyle><fill>0</fill></PolyStyle></Style>
	<ExtendedData><SchemaData schemaUrl="#jag_id_grid">
		<SimpleData name="env.jag_id">306</SimpleData>
	</SchemaData></ExtendedData>
      <Polygon><outerBoundaryIs><LinearRing><coordinates>18.402952793,-34.268811889 18.402952793,-34.2661883786667 18.40557630325,-34.2661883786667 18.40557630325,-34.268811889 18.402952793,-34.268811889</coordinates></LinearRing></outerBoundaryIs></Polygon>
  </Placemark>
  <Placemark>
	<Style><LineStyle><color>ff0000ff</color></LineStyle><PolyStyle><fill>0</fill></PolyStyle></Style>
	<ExtendedData><SchemaData schemaUrl="#jag_id_grid">
		<SimpleData name="env.jag_id">341</SimpleData>
	</SchemaData></ExtendedData>
      <Polygon><outerBoundaryIs><LinearRing><coordinates>18.40557630325,-34.268811889 18.40557630325,-34.2661883786667 18.4081998135,-34.2661883786667 18.4081998135,-34.268811889 18.40557630325,-34.268811889</coordinates></LinearRing></outerBoundaryIs></Polygon>
  </Placemark>
  <Placemark>
	<Style><LineStyle><color>ff0000ff</color></LineStyle><PolyStyle><fill>0</fill></PolyStyle></Style>
	<ExtendedData><SchemaData schemaUrl="#jag_id_grid">
		<SimpleData name="env.jag_id">379</SimpleData>
	</SchemaData></ExtendedData>
      <Polygon><outerBoundaryIs><LinearRing><coordinates>18.4081998135,-34.268811889 18.4081998135,-34.2661883786667 18.41082332375,-34.2661883786667 18.41082332375,-34.268811889 18.4081998135,-34.268811889</coordinates></LinearRing></outerBoundaryIs></Polygon>
  </Placemark>
  <Placemark>
	<Style><LineStyle><color>ff0000ff</color></LineStyle><PolyStyle><fill>0</fill></PolyStyle></Style>
	<ExtendedData><SchemaData schemaUrl="#jag_id_grid">
		<SimpleData name="env.jag_id">422</SimpleData>
	</SchemaData></ExtendedData>
      <Polygon><outerBoundaryIs><LinearRing><coordinates>18.41082332375,-34.268811889 18.41082332375,-34.2661883786667 18.413446834,-34.2661883786667 18.413446834,-34.268811889 18.41082332375,-34.268811889</coordinates></LinearRing></outerBoundaryIs></Polygon>
  </Placemark>
  <Placemark>
	<Style><LineStyle><color>ff0000ff</color></LineStyle><PolyStyle><fill>0</fill></PolyStyle></Style>
	<ExtendedData><SchemaData schemaUrl="#jag_id_grid">
		<SimpleData name="env.jag_id">509</SimpleData>
	</SchemaData></ExtendedData>
      <Polygon><outerBoundaryIs><LinearRing><coordinates>18.41607034425,-34.268811889 18.41607034425,-34.2661883786667 18.4186938545,-34.2661883786667 18.4186938545,-34.268811889 18.41607034425,-34.268811889</coordinates></LinearRing></outerBoundaryIs></Polygon>
  </Placemark>
  <Placemark>
	<Style><LineStyle><color>ff0000ff</color></LineStyle><PolyStyle><fill>0</fill></PolyStyle></Style>
	<ExtendedData><SchemaData schemaUrl="#jag_id_grid">
		<SimpleData name="env.jag_id">554</SimpleData>
	</SchemaData></ExtendedData>
      <Polygon><outerBoundaryIs><LinearRing><coordinates>18.4186938545,-34.268811889 18.4186938545,-34.2661883786667 18.42131736475,-34.2661883786667 18.42131736475,-34.268811889 18.4186938545,-34.268811889</coordinates></LinearRing></outerBoundaryIs></Polygon>
  </Placemark>
  <Placemark>
	<Style><LineStyle><color>ff0000ff</color></LineStyle><PolyStyle><fill>0</fill></PolyStyle></Style>
	<ExtendedData><SchemaData schemaUrl="#jag_id_grid">
		<SimpleData name="env.jag_id">600</SimpleData>
	</SchemaData></ExtendedData>
      <Polygon><outerBoundaryIs><LinearRing><coordinates>18.42131736475,-34.268811889 18.42131736475,-34.2661883786667 18.423940875,-34.2661883786667 18.423940875,-34.268811889 18.42131736475,-34.268811889</coordinates></LinearRing></outerBoundaryIs></Polygon>
  </Placemark>
  <Placemark>
	<Style><LineStyle><color>ff0000ff</color></LineStyle><PolyStyle><fill>0</fill></PolyStyle></Style>
	<ExtendedData><SchemaData schemaUrl="#jag_id_grid">
		<SimpleData name="env.jag_id">646</SimpleData>
	</SchemaData></ExtendedData>
      <Polygon><outerBoundaryIs><LinearRing><coordinates>18.423940875,-34.268811889 18.423940875,-34.2661883786667 18.42656438525,-34.2661883786667 18.42656438525,-34.268811889 18.423940875,-34.268811889</coordinates></LinearRing></outerBoundaryIs></Polygon>
  </Placemark>
  <Placemark>
	<Style><LineStyle><color>ff0000ff</color></LineStyle><PolyStyle><fill>0</fill></PolyStyle></Style>
	<ExtendedData><SchemaData schemaUrl="#jag_id_grid">
		<SimpleData name="env.jag_id">687</SimpleData>
	</SchemaData></ExtendedData>
      <Polygon><outerBoundaryIs><LinearRing><coordinates>18.42656438525,-34.268811889 18.42656438525,-34.2661883786667 18.4291878955,-34.2661883786667 18.4291878955,-34.268811889 18.42656438525,-34.268811889</coordinates></LinearRing></outerBoundaryIs></Polygon>
  </Placemark>
  <Placemark>
	<Style><LineStyle><color>ff0000ff</color></LineStyle><PolyStyle><fill>0</fill></PolyStyle></Style>
	<ExtendedData><SchemaData schemaUrl="#jag_id_grid">
		<SimpleData name="env.jag_id">730</SimpleData>
	</SchemaData></ExtendedData>
      <Polygon><outerBoundaryIs><LinearRing><coordinates>18.4291878955,-34.268811889 18.4291878955,-34.2661883786667 18.43181140575,-34.2661883786667 18.43181140575,-34.268811889 18.4291878955,-34.268811889</coordinates></LinearRing></outerBoundaryIs></Polygon>
  </Placemark>
  <Placemark>
	<Style><LineStyle><color>ff0000ff</color></LineStyle><PolyStyle><fill>0</fill></PolyStyle></Style>
	<ExtendedData><SchemaData schemaUrl="#jag_id_grid">
		<SimpleData name="env.jag_id">769</SimpleData>
	</SchemaData></ExtendedData>
      <Polygon><outerBoundaryIs><LinearRing><coordinates>18.43181140575,-34.268811889 18.43181140575,-34.2661883786667 18.434434916,-34.2661883786667 18.434434916,-34.268811889 18.43181140575,-34.268811889</coordinates></LinearRing></outerBoundaryIs></Polygon>
  </Placemark>
  <Placemark>
	<Style><LineStyle><color>ff0000ff</color></LineStyle><PolyStyle><fill>0</fill></PolyStyle></Style>
	<ExtendedData><SchemaData schemaUrl="#jag_id_grid">
		<SimpleData name="env.jag_id">809</SimpleData>
	</SchemaData></ExtendedData>
      <Polygon><outerBoundaryIs><LinearRing><coordinates>18.434434916,-34.268811889 18.434434916,-34.2661883786667 18.43705842625,-34.2661883786667 18.43705842625,-34.268811889 18.434434916,-34.268811889</coordinates></LinearRing></outerBoundaryIs></Polygon>
  </Placemark>
  <Placemark>
	<Style><LineStyle><color>ff0000ff</color></LineStyle><PolyStyle><fill>0</fill></PolyStyle></Style>
	<ExtendedData><SchemaData schemaUrl="#jag_id_grid">
		<SimpleData name="env.jag_id">849</SimpleData>
	</SchemaData></ExtendedData>
      <Polygon><outerBoundaryIs><LinearRing><coordinates>18.43705842625,-34.268811889 18.43705842625,-34.2661883786667 18.4396819365,-34.2661883786667 18.4396819365,-34.268811889 18.43705842625,-34.268811889</coordinates></LinearRing></outerBoundaryIs></Polygon>
  </Placemark>
  <Placemark>
	<Style><LineStyle><color>ff0000ff</color></LineStyle><PolyStyle><fill>0</fill></PolyStyle></Style>
	<ExtendedData><SchemaData schemaUrl="#jag_id_grid">
		<SimpleData name="env.jag_id">890</SimpleData>
	</SchemaData></ExtendedData>
      <Polygon><outerBoundaryIs><LinearRing><coordinates>18.4396819365,-34.268811889 18.4396819365,-34.2661883786667 18.44230544675,-34.2661883786667 18.44230544675,-34.268811889 18.4396819365,-34.268811889</coordinates></LinearRing></outerBoundaryIs></Polygon>
  </Placemark>
  <Placemark>
	<Style><LineStyle><color>ff0000ff</color></LineStyle><PolyStyle><fill>0</fill></PolyStyle></Style>
	<ExtendedData><SchemaData schemaUrl="#jag_id_grid">
		<SimpleData name="env.jag_id">931</SimpleData>
	</SchemaData></ExtendedData>
      <Polygon><outerBoundaryIs><LinearRing><coordinates>18.44230544675,-34.268811889 18.44230544675,-34.2661883786667 18.444928957,-34.2661883786667 18.444928957,-34.268811889 18.44230544675,-34.268811889</coordinates></LinearRing></outerBoundaryIs></Polygon>
  </Placemark>
  <Placemark>
	<Style><LineStyle><color>ff0000ff</color></LineStyle><PolyStyle><fill>0</fill></PolyStyle></Style>
	<ExtendedData><SchemaData schemaUrl="#jag_id_grid">
		<SimpleData name="env.jag_id">971</SimpleData>
	</SchemaData></ExtendedData>
      <Polygon><outerBoundaryIs><LinearRing><coordinates>18.444928957,-34.268811889 18.444928957,-34.2661883786667 18.44755246725,-34.2661883786667 18.44755246725,-34.268811889 18.444928957,-34.268811889</coordinates></LinearRing></outerBoundaryIs></Polygon>
  </Placemark>
  <Placemark>
	<Style><LineStyle><color>ff0000ff</color></LineStyle><PolyStyle><fill>0</fill></PolyStyle></Style>
	<ExtendedData><SchemaData schemaUrl="#jag_id_grid">
		<SimpleData name="env.jag_id">1016</SimpleData>
	</SchemaData></ExtendedData>
      <Polygon><outerBoundaryIs><LinearRing><coordinates>18.44755246725,-34.268811889 18.44755246725,-34.2661883786667 18.4501759775,-34.2661883786667 18.4501759775,-34.268811889 18.44755246725,-34.268811889</coordinates></LinearRing></outerBoundaryIs></Polygon>
  </Placemark>
  <Placemark>
	<Style><LineStyle><color>ff0000ff</color></LineStyle><PolyStyle><fill>0</fill></PolyStyle></Style>
	<ExtendedData><SchemaData schemaUrl="#jag_id_grid">
		<SimpleData name="env.jag_id">1062</SimpleData>
	</SchemaData></ExtendedData>
      <Polygon><outerBoundaryIs><LinearRing><coordinates>18.4501759775,-34.268811889 18.4501759775,-34.2661883786667 18.45279948775,-34.2661883786667 18.45279948775,-34.268811889 18.4501759775,-34.268811889</coordinates></LinearRing></outerBoundaryIs></Polygon>
  </Placemark>
  <Placemark>
	<Style><LineStyle><color>ff0000ff</color></LineStyle><PolyStyle><fill>0</fill></PolyStyle></Style>
	<ExtendedData><SchemaData schemaUrl="#jag_id_grid">
		<SimpleData name="env.jag_id">1102</SimpleData>
	</SchemaData></ExtendedData>
      <Polygon><outerBoundaryIs><LinearRing><coordinates>18.45279948775,-34.268811889 18.45279948775,-34.2661883786667 18.455422998,-34.2661883786667 18.455422998,-34.268811889 18.45279948775,-34.268811889</coordinates></LinearRing></outerBoundaryIs></Polygon>
  </Placemark>
  <Placemark>
	<Style><LineStyle><color>ff0000ff</color></LineStyle><PolyStyle><fill>0</fill></PolyStyle></Style>
	<ExtendedData><SchemaData schemaUrl="#jag_id_grid">
		<SimpleData name="env.jag_id">1144</SimpleData>
	</SchemaData></ExtendedData>
      <Polygon><outerBoundaryIs><LinearRing><coordinates>18.455422998,-34.268811889 18.455422998,-34.2661883786667 18.45804650825,-34.2661883786667 18.45804650825,-34.268811889 18.455422998,-34.268811889</coordinates></LinearRing></outerBoundaryIs></Polygon>
  </Placemark>
  <Placemark>
	<Style><LineStyle><color>ff0000ff</color></LineStyle><PolyStyle><fill>0</fill></PolyStyle></Style>
	<ExtendedData><SchemaData schemaUrl="#jag_id_grid">
		<SimpleData name="env.jag_id">1186</SimpleData>
	</SchemaData></ExtendedData>
      <Polygon><outerBoundaryIs><LinearRing><coordinates>18.45804650825,-34.268811889 18.45804650825,-34.2661883786667 18.4606700185,-34.2661883786667 18.4606700185,-34.268811889 18.45804650825,-34.268811889</coordinates></LinearRing></outerBoundaryIs></Polygon>
  </Placemark>
  <Placemark>
	<Style><LineStyle><color>ff0000ff</color></LineStyle><PolyStyle><fill>0</fill></PolyStyle></Style>
	<ExtendedData><SchemaData schemaUrl="#jag_id_grid">
		<SimpleData name="env.jag_id">1224</SimpleData>
	</SchemaData></ExtendedData>
      <Polygon><outerBoundaryIs><LinearRing><coordinates>18.4606700185,-34.268811889 18.4606700185,-34.2661883786667 18.46329352875,-34.2661883786667 18.46329352875,-34.268811889 18.4606700185,-34.268811889</coordinates></LinearRing></outerBoundaryIs></Polygon>
  </Placemark>
  <Placemark>
	<Style><LineStyle><color>ff0000ff</color></LineStyle><PolyStyle><fill>0</fill></PolyStyle></Style>
	<ExtendedData><SchemaData schemaUrl="#jag_id_grid">
		<SimpleData name="env.jag_id">1253</SimpleData>
	</SchemaData></ExtendedData>
      <Polygon><outerBoundaryIs><LinearRing><coordinates>18.46329352875,-34.268811889 18.46329352875,-34.2661883786667 18.465917039,-34.2661883786667 18.465917039,-34.268811889 18.46329352875,-34.268811889</coordinates></LinearRing></outerBoundaryIs></Polygon>
  </Placemark>
  <Placemark>
	<Style><LineStyle><color>ff0000ff</color></LineStyle><PolyStyle><fill>0</fill></PolyStyle></Style>
	<ExtendedData><SchemaData schemaUrl="#jag_id_grid">
		<SimpleData name="env.jag_id">60</SimpleData>
	</SchemaData></ExtendedData>
      <Polygon><outerBoundaryIs><LinearRing><coordinates>18.381964711,-34.2714353993333 18.381964711,-34.268811889 18.38458822125,-34.268811889 18.38458822125,-34.2714353993333 18.381964711,-34.2714353993333</coordinates></LinearRing></outerBoundaryIs></Polygon>
  </Placemark>
  <Placemark>
	<Style><LineStyle><color>ff0000ff</color></LineStyle><PolyStyle><fill>0</fill></PolyStyle></Style>
	<ExtendedData><SchemaData schemaUrl="#jag_id_grid">
		<SimpleData name="env.jag_id">88</SimpleData>
	</SchemaData></ExtendedData>
      <Polygon><outerBoundaryIs><LinearRing><coordinates>18.38458822125,-34.2714353993333 18.38458822125,-34.268811889 18.3872117315,-34.268811889 18.3872117315,-34.2714353993333 18.38458822125,-34.2714353993333</coordinates></LinearRing></outerBoundaryIs></Polygon>
  </Placemark>
  <Placemark>
	<Style><LineStyle><color>ff0000ff</color></LineStyle><PolyStyle><fill>0</fill></PolyStyle></Style>
	<ExtendedData><SchemaData schemaUrl="#jag_id_grid">
		<SimpleData name="env.jag_id">117</SimpleData>
	</SchemaData></ExtendedData>
      <Polygon><outerBoundaryIs><LinearRing><coordinates>18.3872117315,-34.2714353993333 18.3872117315,-34.268811889 18.38983524175,-34.268811889 18.38983524175,-34.2714353993333 18.3872117315,-34.2714353993333</coordinates></LinearRing></outerBoundaryIs></Polygon>
  </Placemark>
  <Placemark>
	<Style><LineStyle><color>ff0000ff</color></LineStyle><PolyStyle><fill>0</fill></PolyStyle></Style>
	<ExtendedData><SchemaData schemaUrl="#jag_id_grid">
		<SimpleData name="env.jag_id">146</SimpleData>
	</SchemaData></ExtendedData>
      <Polygon><outerBoundaryIs><LinearRing><coordinates>18.38983524175,-34.2714353993333 18.38983524175,-34.268811889 18.392458752,-34.268811889 18.392458752,-34.2714353993333 18.38983524175,-34.2714353993333</coordinates></LinearRing></outerBoundaryIs></Polygon>
  </Placemark>
  <Placemark>
	<Style><LineStyle><color>ff0000ff</color></LineStyle><PolyStyle><fill>0</fill></PolyStyle></Style>
	<ExtendedData><SchemaData schemaUrl="#jag_id_grid">
		<SimpleData name="env.jag_id">176</SimpleData>
	</SchemaData></ExtendedData>
      <Polygon><outerBoundaryIs><LinearRing><coordinates>18.392458752,-34.2714353993333 18.392458752,-34.268811889 18.39508226225,-34.268811889 18.39508226225,-34.2714353993333 18.392458752,-34.2714353993333</coordinates></LinearRing></outerBoundaryIs></Polygon>
  </Placemark>
  <Placemark>
	<Style><LineStyle><color>ff0000ff</color></LineStyle><PolyStyle><fill>0</fill></PolyStyle></Style>
	<ExtendedData><SchemaData schemaUrl="#jag_id_grid">
		<SimpleData name="env.jag_id">209</SimpleData>
	</SchemaData></ExtendedData>
      <Polygon><outerBoundaryIs><LinearRing><coordinates>18.39508226225,-34.2714353993333 18.39508226225,-34.268811889 18.3977057725,-34.268811889 18.3977057725,-34.2714353993333 18.39508226225,-34.2714353993333</coordinates></LinearRing></outerBoundaryIs></Polygon>
  </Placemark>
  <Placemark>
	<Style><LineStyle><color>ff0000ff</color></LineStyle><PolyStyle><fill>0</fill></PolyStyle></Style>
	<ExtendedData><SchemaData schemaUrl="#jag_id_grid">
		<SimpleData name="env.jag_id">242</SimpleData>
	</SchemaData></ExtendedData>
      <Polygon><outerBoundaryIs><LinearRing><coordinates>18.3977057725,-34.2714353993333 18.3977057725,-34.268811889 18.40032928275,-34.268811889 18.40032928275,-34.2714353993333 18.3977057725,-34.2714353993333</coordinates></LinearRing></outerBoundaryIs></Polygon>
  </Placemark>
  <Placemark>
	<Style><LineStyle><color>ff0000ff</color></LineStyle><PolyStyle><fill>0</fill></PolyStyle></Style>
	<ExtendedData><SchemaData schemaUrl="#jag_id_grid">
		<SimpleData name="env.jag_id">275</SimpleData>
	</SchemaData></ExtendedData>
      <Polygon><outerBoundaryIs><LinearRing><coordinates>18.40032928275,-34.2714353993333 18.40032928275,-34.268811889 18.402952793,-34.268811889 18.402952793,-34.2714353993333 18.40032928275,-34.2714353993333</coordinates></LinearRing></outerBoundaryIs></Polygon>
  </Placemark>
  <Placemark>
	<Style><LineStyle><color>ff0000ff</color></LineStyle><PolyStyle><fill>0</fill></PolyStyle></Style>
	<ExtendedData><SchemaData schemaUrl="#jag_id_grid">
		<SimpleData name="env.jag_id">307</SimpleData>
	</SchemaData></ExtendedData>
      <Polygon><outerBoundaryIs><LinearRing><coordinates>18.402952793,-34.2714353993333 18.402952793,-34.268811889 18.40557630325,-34.268811889 18.40557630325,-34.2714353993333 18.402952793,-34.2714353993333</coordinates></LinearRing></outerBoundaryIs></Polygon>
  </Placemark>
  <Placemark>
	<Style><LineStyle><color>ff0000ff</color></LineStyle><PolyStyle><fill>0</fill></PolyStyle></Style>
	<ExtendedData><SchemaData schemaUrl="#jag_id_grid">
		<SimpleData name="env.jag_id">342</SimpleData>
	</SchemaData></ExtendedData>
      <Polygon><outerBoundaryIs><LinearRing><coordinates>18.40557630325,-34.2714353993333 18.40557630325,-34.268811889 18.4081998135,-34.268811889 18.4081998135,-34.2714353993333 18.40557630325,-34.2714353993333</coordinates></LinearRing></outerBoundaryIs></Polygon>
  </Placemark>
  <Placemark>
	<Style><LineStyle><color>ff0000ff</color></LineStyle><PolyStyle><fill>0</fill></PolyStyle></Style>
	<ExtendedData><SchemaData schemaUrl="#jag_id_grid">
		<SimpleData name="env.jag_id">380</SimpleData>
	</SchemaData></ExtendedData>
      <Polygon><outerBoundaryIs><LinearRing><coordinates>18.4081998135,-34.2714353993333 18.4081998135,-34.268811889 18.41082332375,-34.268811889 18.41082332375,-34.2714353993333 18.4081998135,-34.2714353993333</coordinates></LinearRing></outerBoundaryIs></Polygon>
  </Placemark>
  <Placemark>
	<Style><LineStyle><color>ff0000ff</color></LineStyle><PolyStyle><fill>0</fill></PolyStyle></Style>
	<ExtendedData><SchemaData schemaUrl="#jag_id_grid">
		<SimpleData name="env.jag_id">465</SimpleData>
	</SchemaData></ExtendedData>
      <Polygon><outerBoundaryIs><LinearRing><coordinates>18.413446834,-34.2714353993333 18.413446834,-34.268811889 18.41607034425,-34.268811889 18.41607034425,-34.2714353993333 18.413446834,-34.2714353993333</coordinates></LinearRing></outerBoundaryIs></Polygon>
  </Placemark>
  <Placemark>
	<Style><LineStyle><color>ff0000ff</color></LineStyle><PolyStyle><fill>0</fill></PolyStyle></Style>
	<ExtendedData><SchemaData schemaUrl="#jag_id_grid">
		<SimpleData name="env.jag_id">510</SimpleData>
	</SchemaData></ExtendedData>
      <Polygon><outerBoundaryIs><LinearRing><coordinates>18.41607034425,-34.2714353993333 18.41607034425,-34.268811889 18.4186938545,-34.268811889 18.4186938545,-34.2714353993333 18.41607034425,-34.2714353993333</coordinates></LinearRing></outerBoundaryIs></Polygon>
  </Placemark>
  <Placemark>
	<Style><LineStyle><color>ff0000ff</color></LineStyle><PolyStyle><fill>0</fill></PolyStyle></Style>
	<ExtendedData><SchemaData schemaUrl="#jag_id_grid">
		<SimpleData name="env.jag_id">555</SimpleData>
	</SchemaData></ExtendedData>
      <Polygon><outerBoundaryIs><LinearRing><coordinates>18.4186938545,-34.2714353993333 18.4186938545,-34.268811889 18.42131736475,-34.268811889 18.42131736475,-34.2714353993333 18.4186938545,-34.2714353993333</coordinates></LinearRing></outerBoundaryIs></Polygon>
  </Placemark>
  <Placemark>
	<Style><LineStyle><color>ff0000ff</color></LineStyle><PolyStyle><fill>0</fill></PolyStyle></Style>
	<ExtendedData><SchemaData schemaUrl="#jag_id_grid">
		<SimpleData name="env.jag_id">601</SimpleData>
	</SchemaData></ExtendedData>
      <Polygon><outerBoundaryIs><LinearRing><coordinates>18.42131736475,-34.2714353993333 18.42131736475,-34.268811889 18.423940875,-34.268811889 18.423940875,-34.2714353993333 18.42131736475,-34.2714353993333</coordinates></LinearRing></outerBoundaryIs></Polygon>
  </Placemark>
  <Placemark>
	<Style><LineStyle><color>ff0000ff</color></LineStyle><PolyStyle><fill>0</fill></PolyStyle></Style>
	<ExtendedData><SchemaData schemaUrl="#jag_id_grid">
		<SimpleData name="env.jag_id">647</SimpleData>
	</SchemaData></ExtendedData>
      <Polygon><outerBoundaryIs><LinearRing><coordinates>18.423940875,-34.2714353993333 18.423940875,-34.268811889 18.42656438525,-34.268811889 18.42656438525,-34.2714353993333 18.423940875,-34.2714353993333</coordinates></LinearRing></outerBoundaryIs></Polygon>
  </Placemark>
  <Placemark>
	<Style><LineStyle><color>ff0000ff</color></LineStyle><PolyStyle><fill>0</fill></PolyStyle></Style>
	<ExtendedData><SchemaData schemaUrl="#jag_id_grid">
		<SimpleData name="env.jag_id">688</SimpleData>
	</SchemaData></ExtendedData>
      <Polygon><outerBoundaryIs><LinearRing><coordinates>18.42656438525,-34.2714353993333 18.42656438525,-34.268811889 18.4291878955,-34.268811889 18.4291878955,-34.2714353993333 18.42656438525,-34.2714353993333</coordinates></LinearRing></outerBoundaryIs></Polygon>
  </Placemark>
  <Placemark>
	<Style><LineStyle><color>ff0000ff</color></LineStyle><PolyStyle><fill>0</fill></PolyStyle></Style>
	<ExtendedData><SchemaData schemaUrl="#jag_id_grid">
		<SimpleData name="env.jag_id">731</SimpleData>
	</SchemaData></ExtendedData>
      <Polygon><outerBoundaryIs><LinearRing><coordinates>18.4291878955,-34.2714353993333 18.4291878955,-34.268811889 18.43181140575,-34.268811889 18.43181140575,-34.2714353993333 18.4291878955,-34.2714353993333</coordinates></LinearRing></outerBoundaryIs></Polygon>
  </Placemark>
  <Placemark>
	<Style><LineStyle><color>ff0000ff</color></LineStyle><PolyStyle><fill>0</fill></PolyStyle></Style>
	<ExtendedData><SchemaData schemaUrl="#jag_id_grid">
		<SimpleData name="env.jag_id">770</SimpleData>
	</SchemaData></ExtendedData>
      <Polygon><outerBoundaryIs><LinearRing><coordinates>18.43181140575,-34.2714353993333 18.43181140575,-34.268811889 18.434434916,-34.268811889 18.434434916,-34.2714353993333 18.43181140575,-34.2714353993333</coordinates></LinearRing></outerBoundaryIs></Polygon>
  </Placemark>
  <Placemark>
	<Style><LineStyle><color>ff0000ff</color></LineStyle><PolyStyle><fill>0</fill></PolyStyle></Style>
	<ExtendedData><SchemaData schemaUrl="#jag_id_grid">
		<SimpleData name="env.jag_id">810</SimpleData>
	</SchemaData></ExtendedData>
      <Polygon><outerBoundaryIs><LinearRing><coordinates>18.434434916,-34.2714353993333 18.434434916,-34.268811889 18.43705842625,-34.268811889 18.43705842625,-34.2714353993333 18.434434916,-34.2714353993333</coordinates></LinearRing></outerBoundaryIs></Polygon>
  </Placemark>
  <Placemark>
	<Style><LineStyle><color>ff0000ff</color></LineStyle><PolyStyle><fill>0</fill></PolyStyle></Style>
	<ExtendedData><SchemaData schemaUrl="#jag_id_grid">
		<SimpleData name="env.jag_id">850</SimpleData>
	</SchemaData></ExtendedData>
      <Polygon><outerBoundaryIs><LinearRing><coordinates>18.43705842625,-34.2714353993333 18.43705842625,-34.268811889 18.4396819365,-34.268811889 18.4396819365,-34.2714353993333 18.43705842625,-34.2714353993333</coordinates></LinearRing></outerBoundaryIs></Polygon>
  </Placemark>
  <Placemark>
	<Style><LineStyle><color>ff0000ff</color></LineStyle><PolyStyle><fill>0</fill></PolyStyle></Style>
	<ExtendedData><SchemaData schemaUrl="#jag_id_grid">
		<SimpleData name="env.jag_id">891</SimpleData>
	</SchemaData></ExtendedData>
      <Polygon><outerBoundaryIs><LinearRing><coordinates>18.4396819365,-34.2714353993333 18.4396819365,-34.268811889 18.44230544675,-34.268811889 18.44230544675,-34.2714353993333 18.4396819365,-34.2714353993333</coordinates></LinearRing></outerBoundaryIs></Polygon>
  </Placemark>
  <Placemark>
	<Style><LineStyle><color>ff0000ff</color></LineStyle><PolyStyle><fill>0</fill></PolyStyle></Style>
	<ExtendedData><SchemaData schemaUrl="#jag_id_grid">
		<SimpleData name="env.jag_id">932</SimpleData>
	</SchemaData></ExtendedData>
      <Polygon><outerBoundaryIs><LinearRing><coordinates>18.44230544675,-34.2714353993333 18.44230544675,-34.268811889 18.444928957,-34.268811889 18.444928957,-34.2714353993333 18.44230544675,-34.2714353993333</coordinates></LinearRing></outerBoundaryIs></Polygon>
  </Placemark>
  <Placemark>
	<Style><LineStyle><color>ff0000ff</color></LineStyle><PolyStyle><fill>0</fill></PolyStyle></Style>
	<ExtendedData><SchemaData schemaUrl="#jag_id_grid">
		<SimpleData name="env.jag_id">972</SimpleData>
	</SchemaData></ExtendedData>
      <Polygon><outerBoundaryIs><LinearRing><coordinates>18.444928957,-34.2714353993333 18.444928957,-34.268811889 18.44755246725,-34.268811889 18.44755246725,-34.2714353993333 18.444928957,-34.2714353993333</coordinates></LinearRing></outerBoundaryIs></Polygon>
  </Placemark>
  <Placemark>
	<Style><LineStyle><color>ff0000ff</color></LineStyle><PolyStyle><fill>0</fill></PolyStyle></Style>
	<ExtendedData><SchemaData schemaUrl="#jag_id_grid">
		<SimpleData name="env.jag_id">1017</SimpleData>
	</SchemaData></ExtendedData>
      <Polygon><outerBoundaryIs><LinearRing><coordinates>18.44755246725,-34.2714353993333 18.44755246725,-34.268811889 18.4501759775,-34.268811889 18.4501759775,-34.2714353993333 18.44755246725,-34.2714353993333</coordinates></LinearRing></outerBoundaryIs></Polygon>
  </Placemark>
  <Placemark>
	<Style><LineStyle><color>ff0000ff</color></LineStyle><PolyStyle><fill>0</fill></PolyStyle></Style>
	<ExtendedData><SchemaData schemaUrl="#jag_id_grid">
		<SimpleData name="env.jag_id">1063</SimpleData>
	</SchemaData></ExtendedData>
      <Polygon><outerBoundaryIs><LinearRing><coordinates>18.4501759775,-34.2714353993333 18.4501759775,-34.268811889 18.45279948775,-34.268811889 18.45279948775,-34.2714353993333 18.4501759775,-34.2714353993333</coordinates></LinearRing></outerBoundaryIs></Polygon>
  </Placemark>
  <Placemark>
	<Style><LineStyle><color>ff0000ff</color></LineStyle><PolyStyle><fill>0</fill></PolyStyle></Style>
	<ExtendedData><SchemaData schemaUrl="#jag_id_grid">
		<SimpleData name="env.jag_id">1103</SimpleData>
	</SchemaData></ExtendedData>
      <Polygon><outerBoundaryIs><LinearRing><coordinates>18.45279948775,-34.2714353993333 18.45279948775,-34.268811889 18.455422998,-34.268811889 18.455422998,-34.2714353993333 18.45279948775,-34.2714353993333</coordinates></LinearRing></outerBoundaryIs></Polygon>
  </Placemark>
  <Placemark>
	<Style><LineStyle><color>ff0000ff</color></LineStyle><PolyStyle><fill>0</fill></PolyStyle></Style>
	<ExtendedData><SchemaData schemaUrl="#jag_id_grid">
		<SimpleData name="env.jag_id">1145</SimpleData>
	</SchemaData></ExtendedData>
      <Polygon><outerBoundaryIs><LinearRing><coordinates>18.455422998,-34.2714353993333 18.455422998,-34.268811889 18.45804650825,-34.268811889 18.45804650825,-34.2714353993333 18.455422998,-34.2714353993333</coordinates></LinearRing></outerBoundaryIs></Polygon>
  </Placemark>
  <Placemark>
	<Style><LineStyle><color>ff0000ff</color></LineStyle><PolyStyle><fill>0</fill></PolyStyle></Style>
	<ExtendedData><SchemaData schemaUrl="#jag_id_grid">
		<SimpleData name="env.jag_id">1187</SimpleData>
	</SchemaData></ExtendedData>
      <Polygon><outerBoundaryIs><LinearRing><coordinates>18.45804650825,-34.2714353993333 18.45804650825,-34.268811889 18.4606700185,-34.268811889 18.4606700185,-34.2714353993333 18.45804650825,-34.2714353993333</coordinates></LinearRing></outerBoundaryIs></Polygon>
  </Placemark>
  <Placemark>
	<Style><LineStyle><color>ff0000ff</color></LineStyle><PolyStyle><fill>0</fill></PolyStyle></Style>
	<ExtendedData><SchemaData schemaUrl="#jag_id_grid">
		<SimpleData name="env.jag_id">1225</SimpleData>
	</SchemaData></ExtendedData>
      <Polygon><outerBoundaryIs><LinearRing><coordinates>18.4606700185,-34.2714353993333 18.4606700185,-34.268811889 18.46329352875,-34.268811889 18.46329352875,-34.2714353993333 18.4606700185,-34.2714353993333</coordinates></LinearRing></outerBoundaryIs></Polygon>
  </Placemark>
  <Placemark>
	<Style><LineStyle><color>ff0000ff</color></LineStyle><PolyStyle><fill>0</fill></PolyStyle></Style>
	<ExtendedData><SchemaData schemaUrl="#jag_id_grid">
		<SimpleData name="env.jag_id">1254</SimpleData>
	</SchemaData></ExtendedData>
      <Polygon><outerBoundaryIs><LinearRing><coordinates>18.46329352875,-34.2714353993333 18.46329352875,-34.268811889 18.465917039,-34.268811889 18.465917039,-34.2714353993333 18.46329352875,-34.2714353993333</coordinates></LinearRing></outerBoundaryIs></Polygon>
  </Placemark>
  <Placemark>
	<Style><LineStyle><color>ff0000ff</color></LineStyle><PolyStyle><fill>0</fill></PolyStyle></Style>
	<ExtendedData><SchemaData schemaUrl="#jag_id_grid">
		<SimpleData name="env.jag_id">89</SimpleData>
	</SchemaData></ExtendedData>
      <Polygon><outerBoundaryIs><LinearRing><coordinates>18.38458822125,-34.2740589096667 18.38458822125,-34.2714353993333 18.3872117315,-34.2714353993333 18.3872117315,-34.2740589096667 18.38458822125,-34.2740589096667</coordinates></LinearRing></outerBoundaryIs></Polygon>
  </Placemark>
  <Placemark>
	<Style><LineStyle><color>ff0000ff</color></LineStyle><PolyStyle><fill>0</fill></PolyStyle></Style>
	<ExtendedData><SchemaData schemaUrl="#jag_id_grid">
		<SimpleData name="env.jag_id">118</SimpleData>
	</SchemaData></ExtendedData>
      <Polygon><outerBoundaryIs><LinearRing><coordinates>18.3872117315,-34.2740589096667 18.3872117315,-34.2714353993333 18.38983524175,-34.2714353993333 18.38983524175,-34.2740589096667 18.3872117315,-34.2740589096667</coordinates></LinearRing></outerBoundaryIs></Polygon>
  </Placemark>
  <Placemark>
	<Style><LineStyle><color>ff0000ff</color></LineStyle><PolyStyle><fill>0</fill></PolyStyle></Style>
	<ExtendedData><SchemaData schemaUrl="#jag_id_grid">
		<SimpleData name="env.jag_id">147</SimpleData>
	</SchemaData></ExtendedData>
      <Polygon><outerBoundaryIs><LinearRing><coordinates>18.38983524175,-34.2740589096667 18.38983524175,-34.2714353993333 18.392458752,-34.2714353993333 18.392458752,-34.2740589096667 18.38983524175,-34.2740589096667</coordinates></LinearRing></outerBoundaryIs></Polygon>
  </Placemark>
  <Placemark>
	<Style><LineStyle><color>ff0000ff</color></LineStyle><PolyStyle><fill>0</fill></PolyStyle></Style>
	<ExtendedData><SchemaData schemaUrl="#jag_id_grid">
		<SimpleData name="env.jag_id">177</SimpleData>
	</SchemaData></ExtendedData>
      <Polygon><outerBoundaryIs><LinearRing><coordinates>18.392458752,-34.2740589096667 18.392458752,-34.2714353993333 18.39508226225,-34.2714353993333 18.39508226225,-34.2740589096667 18.392458752,-34.2740589096667</coordinates></LinearRing></outerBoundaryIs></Polygon>
  </Placemark>
  <Placemark>
	<Style><LineStyle><color>ff0000ff</color></LineStyle><PolyStyle><fill>0</fill></PolyStyle></Style>
	<ExtendedData><SchemaData schemaUrl="#jag_id_grid">
		<SimpleData name="env.jag_id">210</SimpleData>
	</SchemaData></ExtendedData>
      <Polygon><outerBoundaryIs><LinearRing><coordinates>18.39508226225,-34.2740589096667 18.39508226225,-34.2714353993333 18.3977057725,-34.2714353993333 18.3977057725,-34.2740589096667 18.39508226225,-34.2740589096667</coordinates></LinearRing></outerBoundaryIs></Polygon>
  </Placemark>
  <Placemark>
	<Style><LineStyle><color>ff0000ff</color></LineStyle><PolyStyle><fill>0</fill></PolyStyle></Style>
	<ExtendedData><SchemaData schemaUrl="#jag_id_grid">
		<SimpleData name="env.jag_id">243</SimpleData>
	</SchemaData></ExtendedData>
      <Polygon><outerBoundaryIs><LinearRing><coordinates>18.3977057725,-34.2740589096667 18.3977057725,-34.2714353993333 18.40032928275,-34.2714353993333 18.40032928275,-34.2740589096667 18.3977057725,-34.2740589096667</coordinates></LinearRing></outerBoundaryIs></Polygon>
  </Placemark>
  <Placemark>
	<Style><LineStyle><color>ff0000ff</color></LineStyle><PolyStyle><fill>0</fill></PolyStyle></Style>
	<ExtendedData><SchemaData schemaUrl="#jag_id_grid">
		<SimpleData name="env.jag_id">276</SimpleData>
	</SchemaData></ExtendedData>
      <Polygon><outerBoundaryIs><LinearRing><coordinates>18.40032928275,-34.2740589096667 18.40032928275,-34.2714353993333 18.402952793,-34.2714353993333 18.402952793,-34.2740589096667 18.40032928275,-34.2740589096667</coordinates></LinearRing></outerBoundaryIs></Polygon>
  </Placemark>
  <Placemark>
	<Style><LineStyle><color>ff0000ff</color></LineStyle><PolyStyle><fill>0</fill></PolyStyle></Style>
	<ExtendedData><SchemaData schemaUrl="#jag_id_grid">
		<SimpleData name="env.jag_id">308</SimpleData>
	</SchemaData></ExtendedData>
      <Polygon><outerBoundaryIs><LinearRing><coordinates>18.402952793,-34.2740589096667 18.402952793,-34.2714353993333 18.40557630325,-34.2714353993333 18.40557630325,-34.2740589096667 18.402952793,-34.2740589096667</coordinates></LinearRing></outerBoundaryIs></Polygon>
  </Placemark>
  <Placemark>
	<Style><LineStyle><color>ff0000ff</color></LineStyle><PolyStyle><fill>0</fill></PolyStyle></Style>
	<ExtendedData><SchemaData schemaUrl="#jag_id_grid">
		<SimpleData name="env.jag_id">343</SimpleData>
	</SchemaData></ExtendedData>
      <Polygon><outerBoundaryIs><LinearRing><coordinates>18.40557630325,-34.2740589096667 18.40557630325,-34.2714353993333 18.4081998135,-34.2714353993333 18.4081998135,-34.2740589096667 18.40557630325,-34.2740589096667</coordinates></LinearRing></outerBoundaryIs></Polygon>
  </Placemark>
  <Placemark>
	<Style><LineStyle><color>ff0000ff</color></LineStyle><PolyStyle><fill>0</fill></PolyStyle></Style>
	<ExtendedData><SchemaData schemaUrl="#jag_id_grid">
		<SimpleData name="env.jag_id">381</SimpleData>
	</SchemaData></ExtendedData>
      <Polygon><outerBoundaryIs><LinearRing><coordinates>18.4081998135,-34.2740589096667 18.4081998135,-34.2714353993333 18.41082332375,-34.2714353993333 18.41082332375,-34.2740589096667 18.4081998135,-34.2740589096667</coordinates></LinearRing></outerBoundaryIs></Polygon>
  </Placemark>
  <Placemark>
	<Style><LineStyle><color>ff0000ff</color></LineStyle><PolyStyle><fill>0</fill></PolyStyle></Style>
	<ExtendedData><SchemaData schemaUrl="#jag_id_grid">
		<SimpleData name="env.jag_id">423</SimpleData>
	</SchemaData></ExtendedData>
      <Polygon><outerBoundaryIs><LinearRing><coordinates>18.41082332375,-34.2740589096667 18.41082332375,-34.2714353993333 18.413446834,-34.2714353993333 18.413446834,-34.2740589096667 18.41082332375,-34.2740589096667</coordinates></LinearRing></outerBoundaryIs></Polygon>
  </Placemark>
  <Placemark>
	<Style><LineStyle><color>ff0000ff</color></LineStyle><PolyStyle><fill>0</fill></PolyStyle></Style>
	<ExtendedData><SchemaData schemaUrl="#jag_id_grid">
		<SimpleData name="env.jag_id">466</SimpleData>
	</SchemaData></ExtendedData>
      <Polygon><outerBoundaryIs><LinearRing><coordinates>18.413446834,-34.2740589096667 18.413446834,-34.2714353993333 18.41607034425,-34.2714353993333 18.41607034425,-34.2740589096667 18.413446834,-34.2740589096667</coordinates></LinearRing></outerBoundaryIs></Polygon>
  </Placemark>
  <Placemark>
	<Style><LineStyle><color>ff0000ff</color></LineStyle><PolyStyle><fill>0</fill></PolyStyle></Style>
	<ExtendedData><SchemaData schemaUrl="#jag_id_grid">
		<SimpleData name="env.jag_id">511</SimpleData>
	</SchemaData></ExtendedData>
      <Polygon><outerBoundaryIs><LinearRing><coordinates>18.41607034425,-34.2740589096667 18.41607034425,-34.2714353993333 18.4186938545,-34.2714353993333 18.4186938545,-34.2740589096667 18.41607034425,-34.2740589096667</coordinates></LinearRing></outerBoundaryIs></Polygon>
  </Placemark>
  <Placemark>
	<Style><LineStyle><color>ff0000ff</color></LineStyle><PolyStyle><fill>0</fill></PolyStyle></Style>
	<ExtendedData><SchemaData schemaUrl="#jag_id_grid">
		<SimpleData name="env.jag_id">556</SimpleData>
	</SchemaData></ExtendedData>
      <Polygon><outerBoundaryIs><LinearRing><coordinates>18.4186938545,-34.2740589096667 18.4186938545,-34.2714353993333 18.42131736475,-34.2714353993333 18.42131736475,-34.2740589096667 18.4186938545,-34.2740589096667</coordinates></LinearRing></outerBoundaryIs></Polygon>
  </Placemark>
  <Placemark>
	<Style><LineStyle><color>ff0000ff</color></LineStyle><PolyStyle><fill>0</fill></PolyStyle></Style>
	<ExtendedData><SchemaData schemaUrl="#jag_id_grid">
		<SimpleData name="env.jag_id">602</SimpleData>
	</SchemaData></ExtendedData>
      <Polygon><outerBoundaryIs><LinearRing><coordinates>18.42131736475,-34.2740589096667 18.42131736475,-34.2714353993333 18.423940875,-34.2714353993333 18.423940875,-34.2740589096667 18.42131736475,-34.2740589096667</coordinates></LinearRing></outerBoundaryIs></Polygon>
  </Placemark>
  <Placemark>
	<Style><LineStyle><color>ff0000ff</color></LineStyle><PolyStyle><fill>0</fill></PolyStyle></Style>
	<ExtendedData><SchemaData schemaUrl="#jag_id_grid">
		<SimpleData name="env.jag_id">648</SimpleData>
	</SchemaData></ExtendedData>
      <Polygon><outerBoundaryIs><LinearRing><coordinates>18.423940875,-34.2740589096667 18.423940875,-34.2714353993333 18.42656438525,-34.2714353993333 18.42656438525,-34.2740589096667 18.423940875,-34.2740589096667</coordinates></LinearRing></outerBoundaryIs></Polygon>
  </Placemark>
  <Placemark>
	<Style><LineStyle><color>ff0000ff</color></LineStyle><PolyStyle><fill>0</fill></PolyStyle></Style>
	<ExtendedData><SchemaData schemaUrl="#jag_id_grid">
		<SimpleData name="env.jag_id">689</SimpleData>
	</SchemaData></ExtendedData>
      <Polygon><outerBoundaryIs><LinearRing><coordinates>18.42656438525,-34.2740589096667 18.42656438525,-34.2714353993333 18.4291878955,-34.2714353993333 18.4291878955,-34.2740589096667 18.42656438525,-34.2740589096667</coordinates></LinearRing></outerBoundaryIs></Polygon>
  </Placemark>
  <Placemark>
	<Style><LineStyle><color>ff0000ff</color></LineStyle><PolyStyle><fill>0</fill></PolyStyle></Style>
	<ExtendedData><SchemaData schemaUrl="#jag_id_grid">
		<SimpleData name="env.jag_id">732</SimpleData>
	</SchemaData></ExtendedData>
      <Polygon><outerBoundaryIs><LinearRing><coordinates>18.4291878955,-34.2740589096667 18.4291878955,-34.2714353993333 18.43181140575,-34.2714353993333 18.43181140575,-34.2740589096667 18.4291878955,-34.2740589096667</coordinates></LinearRing></outerBoundaryIs></Polygon>
  </Placemark>
  <Placemark>
	<Style><LineStyle><color>ff0000ff</color></LineStyle><PolyStyle><fill>0</fill></PolyStyle></Style>
	<ExtendedData><SchemaData schemaUrl="#jag_id_grid">
		<SimpleData name="env.jag_id">771</SimpleData>
	</SchemaData></ExtendedData>
      <Polygon><outerBoundaryIs><LinearRing><coordinates>18.43181140575,-34.2740589096667 18.43181140575,-34.2714353993333 18.434434916,-34.2714353993333 18.434434916,-34.2740589096667 18.43181140575,-34.2740589096667</coordinates></LinearRing></outerBoundaryIs></Polygon>
  </Placemark>
  <Placemark>
	<Style><LineStyle><color>ff0000ff</color></LineStyle><PolyStyle><fill>0</fill></PolyStyle></Style>
	<ExtendedData><SchemaData schemaUrl="#jag_id_grid">
		<SimpleData name="env.jag_id">811</SimpleData>
	</SchemaData></ExtendedData>
      <Polygon><outerBoundaryIs><LinearRing><coordinates>18.434434916,-34.2740589096667 18.434434916,-34.2714353993333 18.43705842625,-34.2714353993333 18.43705842625,-34.2740589096667 18.434434916,-34.2740589096667</coordinates></LinearRing></outerBoundaryIs></Polygon>
  </Placemark>
  <Placemark>
	<Style><LineStyle><color>ff0000ff</color></LineStyle><PolyStyle><fill>0</fill></PolyStyle></Style>
	<ExtendedData><SchemaData schemaUrl="#jag_id_grid">
		<SimpleData name="env.jag_id">851</SimpleData>
	</SchemaData></ExtendedData>
      <Polygon><outerBoundaryIs><LinearRing><coordinates>18.43705842625,-34.2740589096667 18.43705842625,-34.2714353993333 18.4396819365,-34.2714353993333 18.4396819365,-34.2740589096667 18.43705842625,-34.2740589096667</coordinates></LinearRing></outerBoundaryIs></Polygon>
  </Placemark>
  <Placemark>
	<Style><LineStyle><color>ff0000ff</color></LineStyle><PolyStyle><fill>0</fill></PolyStyle></Style>
	<ExtendedData><SchemaData schemaUrl="#jag_id_grid">
		<SimpleData name="env.jag_id">892</SimpleData>
	</SchemaData></ExtendedData>
      <Polygon><outerBoundaryIs><LinearRing><coordinates>18.4396819365,-34.2740589096667 18.4396819365,-34.2714353993333 18.44230544675,-34.2714353993333 18.44230544675,-34.2740589096667 18.4396819365,-34.2740589096667</coordinates></LinearRing></outerBoundaryIs></Polygon>
  </Placemark>
  <Placemark>
	<Style><LineStyle><color>ff0000ff</color></LineStyle><PolyStyle><fill>0</fill></PolyStyle></Style>
	<ExtendedData><SchemaData schemaUrl="#jag_id_grid">
		<SimpleData name="env.jag_id">933</SimpleData>
	</SchemaData></ExtendedData>
      <Polygon><outerBoundaryIs><LinearRing><coordinates>18.44230544675,-34.2740589096667 18.44230544675,-34.2714353993333 18.444928957,-34.2714353993333 18.444928957,-34.2740589096667 18.44230544675,-34.2740589096667</coordinates></LinearRing></outerBoundaryIs></Polygon>
  </Placemark>
  <Placemark>
	<Style><LineStyle><color>ff0000ff</color></LineStyle><PolyStyle><fill>0</fill></PolyStyle></Style>
	<ExtendedData><SchemaData schemaUrl="#jag_id_grid">
		<SimpleData name="env.jag_id">973</SimpleData>
	</SchemaData></ExtendedData>
      <Polygon><outerBoundaryIs><LinearRing><coordinates>18.444928957,-34.2740589096667 18.444928957,-34.2714353993333 18.44755246725,-34.2714353993333 18.44755246725,-34.2740589096667 18.444928957,-34.2740589096667</coordinates></LinearRing></outerBoundaryIs></Polygon>
  </Placemark>
  <Placemark>
	<Style><LineStyle><color>ff0000ff</color></LineStyle><PolyStyle><fill>0</fill></PolyStyle></Style>
	<ExtendedData><SchemaData schemaUrl="#jag_id_grid">
		<SimpleData name="env.jag_id">1018</SimpleData>
	</SchemaData></ExtendedData>
      <Polygon><outerBoundaryIs><LinearRing><coordinates>18.44755246725,-34.2740589096667 18.44755246725,-34.2714353993333 18.4501759775,-34.2714353993333 18.4501759775,-34.2740589096667 18.44755246725,-34.2740589096667</coordinates></LinearRing></outerBoundaryIs></Polygon>
  </Placemark>
  <Placemark>
	<Style><LineStyle><color>ff0000ff</color></LineStyle><PolyStyle><fill>0</fill></PolyStyle></Style>
	<ExtendedData><SchemaData schemaUrl="#jag_id_grid">
		<SimpleData name="env.jag_id">1064</SimpleData>
	</SchemaData></ExtendedData>
      <Polygon><outerBoundaryIs><LinearRing><coordinates>18.4501759775,-34.2740589096667 18.4501759775,-34.2714353993333 18.45279948775,-34.2714353993333 18.45279948775,-34.2740589096667 18.4501759775,-34.2740589096667</coordinates></LinearRing></outerBoundaryIs></Polygon>
  </Placemark>
  <Placemark>
	<Style><LineStyle><color>ff0000ff</color></LineStyle><PolyStyle><fill>0</fill></PolyStyle></Style>
	<ExtendedData><SchemaData schemaUrl="#jag_id_grid">
		<SimpleData name="env.jag_id">1104</SimpleData>
	</SchemaData></ExtendedData>
      <Polygon><outerBoundaryIs><LinearRing><coordinates>18.45279948775,-34.2740589096667 18.45279948775,-34.2714353993333 18.455422998,-34.2714353993333 18.455422998,-34.2740589096667 18.45279948775,-34.2740589096667</coordinates></LinearRing></outerBoundaryIs></Polygon>
  </Placemark>
  <Placemark>
	<Style><LineStyle><color>ff0000ff</color></LineStyle><PolyStyle><fill>0</fill></PolyStyle></Style>
	<ExtendedData><SchemaData schemaUrl="#jag_id_grid">
		<SimpleData name="env.jag_id">1146</SimpleData>
	</SchemaData></ExtendedData>
      <Polygon><outerBoundaryIs><LinearRing><coordinates>18.455422998,-34.2740589096667 18.455422998,-34.2714353993333 18.45804650825,-34.2714353993333 18.45804650825,-34.2740589096667 18.455422998,-34.2740589096667</coordinates></LinearRing></outerBoundaryIs></Polygon>
  </Placemark>
  <Placemark>
	<Style><LineStyle><color>ff0000ff</color></LineStyle><PolyStyle><fill>0</fill></PolyStyle></Style>
	<ExtendedData><SchemaData schemaUrl="#jag_id_grid">
		<SimpleData name="env.jag_id">1188</SimpleData>
	</SchemaData></ExtendedData>
      <Polygon><outerBoundaryIs><LinearRing><coordinates>18.45804650825,-34.2740589096667 18.45804650825,-34.2714353993333 18.4606700185,-34.2714353993333 18.4606700185,-34.2740589096667 18.45804650825,-34.2740589096667</coordinates></LinearRing></outerBoundaryIs></Polygon>
  </Placemark>
  <Placemark>
	<Style><LineStyle><color>ff0000ff</color></LineStyle><PolyStyle><fill>0</fill></PolyStyle></Style>
	<ExtendedData><SchemaData schemaUrl="#jag_id_grid">
		<SimpleData name="env.jag_id">1226</SimpleData>
	</SchemaData></ExtendedData>
      <Polygon><outerBoundaryIs><LinearRing><coordinates>18.4606700185,-34.2740589096667 18.4606700185,-34.2714353993333 18.46329352875,-34.2714353993333 18.46329352875,-34.2740589096667 18.4606700185,-34.2740589096667</coordinates></LinearRing></outerBoundaryIs></Polygon>
  </Placemark>
  <Placemark>
	<Style><LineStyle><color>ff0000ff</color></LineStyle><PolyStyle><fill>0</fill></PolyStyle></Style>
	<ExtendedData><SchemaData schemaUrl="#jag_id_grid">
		<SimpleData name="env.jag_id">1255</SimpleData>
	</SchemaData></ExtendedData>
      <Polygon><outerBoundaryIs><LinearRing><coordinates>18.46329352875,-34.2740589096667 18.46329352875,-34.2714353993333 18.465917039,-34.2714353993333 18.465917039,-34.2740589096667 18.46329352875,-34.2740589096667</coordinates></LinearRing></outerBoundaryIs></Polygon>
  </Placemark>
  <Placemark>
	<Style><LineStyle><color>ff0000ff</color></LineStyle><PolyStyle><fill>0</fill></PolyStyle></Style>
	<ExtendedData><SchemaData schemaUrl="#jag_id_grid">
		<SimpleData name="env.jag_id">148</SimpleData>
	</SchemaData></ExtendedData>
      <Polygon><outerBoundaryIs><LinearRing><coordinates>18.38983524175,-34.27668242 18.38983524175,-34.2740589096667 18.392458752,-34.2740589096667 18.392458752,-34.27668242 18.38983524175,-34.27668242</coordinates></LinearRing></outerBoundaryIs></Polygon>
  </Placemark>
  <Placemark>
	<Style><LineStyle><color>ff0000ff</color></LineStyle><PolyStyle><fill>0</fill></PolyStyle></Style>
	<ExtendedData><SchemaData schemaUrl="#jag_id_grid">
		<SimpleData name="env.jag_id">178</SimpleData>
	</SchemaData></ExtendedData>
      <Polygon><outerBoundaryIs><LinearRing><coordinates>18.392458752,-34.27668242 18.392458752,-34.2740589096667 18.39508226225,-34.2740589096667 18.39508226225,-34.27668242 18.392458752,-34.27668242</coordinates></LinearRing></outerBoundaryIs></Polygon>
  </Placemark>
  <Placemark>
	<Style><LineStyle><color>ff0000ff</color></LineStyle><PolyStyle><fill>0</fill></PolyStyle></Style>
	<ExtendedData><SchemaData schemaUrl="#jag_id_grid">
		<SimpleData name="env.jag_id">211</SimpleData>
	</SchemaData></ExtendedData>
      <Polygon><outerBoundaryIs><LinearRing><coordinates>18.39508226225,-34.27668242 18.39508226225,-34.2740589096667 18.3977057725,-34.2740589096667 18.3977057725,-34.27668242 18.39508226225,-34.27668242</coordinates></LinearRing></outerBoundaryIs></Polygon>
  </Placemark>
  <Placemark>
	<Style><LineStyle><color>ff0000ff</color></LineStyle><PolyStyle><fill>0</fill></PolyStyle></Style>
	<ExtendedData><SchemaData schemaUrl="#jag_id_grid">
		<SimpleData name="env.jag_id">244</SimpleData>
	</SchemaData></ExtendedData>
      <Polygon><outerBoundaryIs><LinearRing><coordinates>18.3977057725,-34.27668242 18.3977057725,-34.2740589096667 18.40032928275,-34.2740589096667 18.40032928275,-34.27668242 18.3977057725,-34.27668242</coordinates></LinearRing></outerBoundaryIs></Polygon>
  </Placemark>
  <Placemark>
	<Style><LineStyle><color>ff0000ff</color></LineStyle><PolyStyle><fill>0</fill></PolyStyle></Style>
	<ExtendedData><SchemaData schemaUrl="#jag_id_grid">
		<SimpleData name="env.jag_id">277</SimpleData>
	</SchemaData></ExtendedData>
      <Polygon><outerBoundaryIs><LinearRing><coordinates>18.40032928275,-34.27668242 18.40032928275,-34.2740589096667 18.402952793,-34.2740589096667 18.402952793,-34.27668242 18.40032928275,-34.27668242</coordinates></LinearRing></outerBoundaryIs></Polygon>
  </Placemark>
  <Placemark>
	<Style><LineStyle><color>ff0000ff</color></LineStyle><PolyStyle><fill>0</fill></PolyStyle></Style>
	<ExtendedData><SchemaData schemaUrl="#jag_id_grid">
		<SimpleData name="env.jag_id">309</SimpleData>
	</SchemaData></ExtendedData>
      <Polygon><outerBoundaryIs><LinearRing><coordinates>18.402952793,-34.27668242 18.402952793,-34.2740589096667 18.40557630325,-34.2740589096667 18.40557630325,-34.27668242 18.402952793,-34.27668242</coordinates></LinearRing></outerBoundaryIs></Polygon>
  </Placemark>
  <Placemark>
	<Style><LineStyle><color>ff0000ff</color></LineStyle><PolyStyle><fill>0</fill></PolyStyle></Style>
	<ExtendedData><SchemaData schemaUrl="#jag_id_grid">
		<SimpleData name="env.jag_id">344</SimpleData>
	</SchemaData></ExtendedData>
      <Polygon><outerBoundaryIs><LinearRing><coordinates>18.40557630325,-34.27668242 18.40557630325,-34.2740589096667 18.4081998135,-34.2740589096667 18.4081998135,-34.27668242 18.40557630325,-34.27668242</coordinates></LinearRing></outerBoundaryIs></Polygon>
  </Placemark>
  <Placemark>
	<Style><LineStyle><color>ff0000ff</color></LineStyle><PolyStyle><fill>0</fill></PolyStyle></Style>
	<ExtendedData><SchemaData schemaUrl="#jag_id_grid">
		<SimpleData name="env.jag_id">382</SimpleData>
	</SchemaData></ExtendedData>
      <Polygon><outerBoundaryIs><LinearRing><coordinates>18.4081998135,-34.27668242 18.4081998135,-34.2740589096667 18.41082332375,-34.2740589096667 18.41082332375,-34.27668242 18.4081998135,-34.27668242</coordinates></LinearRing></outerBoundaryIs></Polygon>
  </Placemark>
  <Placemark>
	<Style><LineStyle><color>ff0000ff</color></LineStyle><PolyStyle><fill>0</fill></PolyStyle></Style>
	<ExtendedData><SchemaData schemaUrl="#jag_id_grid">
		<SimpleData name="env.jag_id">424</SimpleData>
	</SchemaData></ExtendedData>
      <Polygon><outerBoundaryIs><LinearRing><coordinates>18.41082332375,-34.27668242 18.41082332375,-34.2740589096667 18.413446834,-34.2740589096667 18.413446834,-34.27668242 18.41082332375,-34.27668242</coordinates></LinearRing></outerBoundaryIs></Polygon>
  </Placemark>
  <Placemark>
	<Style><LineStyle><color>ff0000ff</color></LineStyle><PolyStyle><fill>0</fill></PolyStyle></Style>
	<ExtendedData><SchemaData schemaUrl="#jag_id_grid">
		<SimpleData name="env.jag_id">467</SimpleData>
	</SchemaData></ExtendedData>
      <Polygon><outerBoundaryIs><LinearRing><coordinates>18.413446834,-34.27668242 18.413446834,-34.2740589096667 18.41607034425,-34.2740589096667 18.41607034425,-34.27668242 18.413446834,-34.27668242</coordinates></LinearRing></outerBoundaryIs></Polygon>
  </Placemark>
  <Placemark>
	<Style><LineStyle><color>ff0000ff</color></LineStyle><PolyStyle><fill>0</fill></PolyStyle></Style>
	<ExtendedData><SchemaData schemaUrl="#jag_id_grid">
		<SimpleData name="env.jag_id">512</SimpleData>
	</SchemaData></ExtendedData>
      <Polygon><outerBoundaryIs><LinearRing><coordinates>18.41607034425,-34.27668242 18.41607034425,-34.2740589096667 18.4186938545,-34.2740589096667 18.4186938545,-34.27668242 18.41607034425,-34.27668242</coordinates></LinearRing></outerBoundaryIs></Polygon>
  </Placemark>
  <Placemark>
	<Style><LineStyle><color>ff0000ff</color></LineStyle><PolyStyle><fill>0</fill></PolyStyle></Style>
	<ExtendedData><SchemaData schemaUrl="#jag_id_grid">
		<SimpleData name="env.jag_id">557</SimpleData>
	</SchemaData></ExtendedData>
      <Polygon><outerBoundaryIs><LinearRing><coordinates>18.4186938545,-34.27668242 18.4186938545,-34.2740589096667 18.42131736475,-34.2740589096667 18.42131736475,-34.27668242 18.4186938545,-34.27668242</coordinates></LinearRing></outerBoundaryIs></Polygon>
  </Placemark>
  <Placemark>
	<Style><LineStyle><color>ff0000ff</color></LineStyle><PolyStyle><fill>0</fill></PolyStyle></Style>
	<ExtendedData><SchemaData schemaUrl="#jag_id_grid">
		<SimpleData name="env.jag_id">603</SimpleData>
	</SchemaData></ExtendedData>
      <Polygon><outerBoundaryIs><LinearRing><coordinates>18.42131736475,-34.27668242 18.42131736475,-34.2740589096667 18.423940875,-34.2740589096667 18.423940875,-34.27668242 18.42131736475,-34.27668242</coordinates></LinearRing></outerBoundaryIs></Polygon>
  </Placemark>
  <Placemark>
	<Style><LineStyle><color>ff0000ff</color></LineStyle><PolyStyle><fill>0</fill></PolyStyle></Style>
	<ExtendedData><SchemaData schemaUrl="#jag_id_grid">
		<SimpleData name="env.jag_id">649</SimpleData>
	</SchemaData></ExtendedData>
      <Polygon><outerBoundaryIs><LinearRing><coordinates>18.423940875,-34.27668242 18.423940875,-34.2740589096667 18.42656438525,-34.2740589096667 18.42656438525,-34.27668242 18.423940875,-34.27668242</coordinates></LinearRing></outerBoundaryIs></Polygon>
  </Placemark>
  <Placemark>
	<Style><LineStyle><color>ff0000ff</color></LineStyle><PolyStyle><fill>0</fill></PolyStyle></Style>
	<ExtendedData><SchemaData schemaUrl="#jag_id_grid">
		<SimpleData name="env.jag_id">690</SimpleData>
	</SchemaData></ExtendedData>
      <Polygon><outerBoundaryIs><LinearRing><coordinates>18.42656438525,-34.27668242 18.42656438525,-34.2740589096667 18.4291878955,-34.2740589096667 18.4291878955,-34.27668242 18.42656438525,-34.27668242</coordinates></LinearRing></outerBoundaryIs></Polygon>
  </Placemark>
  <Placemark>
	<Style><LineStyle><color>ff0000ff</color></LineStyle><PolyStyle><fill>0</fill></PolyStyle></Style>
	<ExtendedData><SchemaData schemaUrl="#jag_id_grid">
		<SimpleData name="env.jag_id">733</SimpleData>
	</SchemaData></ExtendedData>
      <Polygon><outerBoundaryIs><LinearRing><coordinates>18.4291878955,-34.27668242 18.4291878955,-34.2740589096667 18.43181140575,-34.2740589096667 18.43181140575,-34.27668242 18.4291878955,-34.27668242</coordinates></LinearRing></outerBoundaryIs></Polygon>
  </Placemark>
  <Placemark>
	<Style><LineStyle><color>ff0000ff</color></LineStyle><PolyStyle><fill>0</fill></PolyStyle></Style>
	<ExtendedData><SchemaData schemaUrl="#jag_id_grid">
		<SimpleData name="env.jag_id">772</SimpleData>
	</SchemaData></ExtendedData>
      <Polygon><outerBoundaryIs><LinearRing><coordinates>18.43181140575,-34.27668242 18.43181140575,-34.2740589096667 18.434434916,-34.2740589096667 18.434434916,-34.27668242 18.43181140575,-34.27668242</coordinates></LinearRing></outerBoundaryIs></Polygon>
  </Placemark>
  <Placemark>
	<Style><LineStyle><color>ff0000ff</color></LineStyle><PolyStyle><fill>0</fill></PolyStyle></Style>
	<ExtendedData><SchemaData schemaUrl="#jag_id_grid">
		<SimpleData name="env.jag_id">812</SimpleData>
	</SchemaData></ExtendedData>
      <Polygon><outerBoundaryIs><LinearRing><coordinates>18.434434916,-34.27668242 18.434434916,-34.2740589096667 18.43705842625,-34.2740589096667 18.43705842625,-34.27668242 18.434434916,-34.27668242</coordinates></LinearRing></outerBoundaryIs></Polygon>
  </Placemark>
  <Placemark>
	<Style><LineStyle><color>ff0000ff</color></LineStyle><PolyStyle><fill>0</fill></PolyStyle></Style>
	<ExtendedData><SchemaData schemaUrl="#jag_id_grid">
		<SimpleData name="env.jag_id">852</SimpleData>
	</SchemaData></ExtendedData>
      <Polygon><outerBoundaryIs><LinearRing><coordinates>18.43705842625,-34.27668242 18.43705842625,-34.2740589096667 18.4396819365,-34.2740589096667 18.4396819365,-34.27668242 18.43705842625,-34.27668242</coordinates></LinearRing></outerBoundaryIs></Polygon>
  </Placemark>
  <Placemark>
	<Style><LineStyle><color>ff0000ff</color></LineStyle><PolyStyle><fill>0</fill></PolyStyle></Style>
	<ExtendedData><SchemaData schemaUrl="#jag_id_grid">
		<SimpleData name="env.jag_id">893</SimpleData>
	</SchemaData></ExtendedData>
      <Polygon><outerBoundaryIs><LinearRing><coordinates>18.4396819365,-34.27668242 18.4396819365,-34.2740589096667 18.44230544675,-34.2740589096667 18.44230544675,-34.27668242 18.4396819365,-34.27668242</coordinates></LinearRing></outerBoundaryIs></Polygon>
  </Placemark>
  <Placemark>
	<Style><LineStyle><color>ff0000ff</color></LineStyle><PolyStyle><fill>0</fill></PolyStyle></Style>
	<ExtendedData><SchemaData schemaUrl="#jag_id_grid">
		<SimpleData name="env.jag_id">934</SimpleData>
	</SchemaData></ExtendedData>
      <Polygon><outerBoundaryIs><LinearRing><coordinates>18.44230544675,-34.27668242 18.44230544675,-34.2740589096667 18.444928957,-34.2740589096667 18.444928957,-34.27668242 18.44230544675,-34.27668242</coordinates></LinearRing></outerBoundaryIs></Polygon>
  </Placemark>
  <Placemark>
	<Style><LineStyle><color>ff0000ff</color></LineStyle><PolyStyle><fill>0</fill></PolyStyle></Style>
	<ExtendedData><SchemaData schemaUrl="#jag_id_grid">
		<SimpleData name="env.jag_id">974</SimpleData>
	</SchemaData></ExtendedData>
      <Polygon><outerBoundaryIs><LinearRing><coordinates>18.444928957,-34.27668242 18.444928957,-34.2740589096667 18.44755246725,-34.2740589096667 18.44755246725,-34.27668242 18.444928957,-34.27668242</coordinates></LinearRing></outerBoundaryIs></Polygon>
  </Placemark>
  <Placemark>
	<Style><LineStyle><color>ff0000ff</color></LineStyle><PolyStyle><fill>0</fill></PolyStyle></Style>
	<ExtendedData><SchemaData schemaUrl="#jag_id_grid">
		<SimpleData name="env.jag_id">1019</SimpleData>
	</SchemaData></ExtendedData>
      <Polygon><outerBoundaryIs><LinearRing><coordinates>18.44755246725,-34.27668242 18.44755246725,-34.2740589096667 18.4501759775,-34.2740589096667 18.4501759775,-34.27668242 18.44755246725,-34.27668242</coordinates></LinearRing></outerBoundaryIs></Polygon>
  </Placemark>
  <Placemark>
	<Style><LineStyle><color>ff0000ff</color></LineStyle><PolyStyle><fill>0</fill></PolyStyle></Style>
	<ExtendedData><SchemaData schemaUrl="#jag_id_grid">
		<SimpleData name="env.jag_id">1065</SimpleData>
	</SchemaData></ExtendedData>
      <Polygon><outerBoundaryIs><LinearRing><coordinates>18.4501759775,-34.27668242 18.4501759775,-34.2740589096667 18.45279948775,-34.2740589096667 18.45279948775,-34.27668242 18.4501759775,-34.27668242</coordinates></LinearRing></outerBoundaryIs></Polygon>
  </Placemark>
  <Placemark>
	<Style><LineStyle><color>ff0000ff</color></LineStyle><PolyStyle><fill>0</fill></PolyStyle></Style>
	<ExtendedData><SchemaData schemaUrl="#jag_id_grid">
		<SimpleData name="env.jag_id">1105</SimpleData>
	</SchemaData></ExtendedData>
      <Polygon><outerBoundaryIs><LinearRing><coordinates>18.45279948775,-34.27668242 18.45279948775,-34.2740589096667 18.455422998,-34.2740589096667 18.455422998,-34.27668242 18.45279948775,-34.27668242</coordinates></LinearRing></outerBoundaryIs></Polygon>
  </Placemark>
  <Placemark>
	<Style><LineStyle><color>ff0000ff</color></LineStyle><PolyStyle><fill>0</fill></PolyStyle></Style>
	<ExtendedData><SchemaData schemaUrl="#jag_id_grid">
		<SimpleData name="env.jag_id">1147</SimpleData>
	</SchemaData></ExtendedData>
      <Polygon><outerBoundaryIs><LinearRing><coordinates>18.455422998,-34.27668242 18.455422998,-34.2740589096667 18.45804650825,-34.2740589096667 18.45804650825,-34.27668242 18.455422998,-34.27668242</coordinates></LinearRing></outerBoundaryIs></Polygon>
  </Placemark>
  <Placemark>
	<Style><LineStyle><color>ff0000ff</color></LineStyle><PolyStyle><fill>0</fill></PolyStyle></Style>
	<ExtendedData><SchemaData schemaUrl="#jag_id_grid">
		<SimpleData name="env.jag_id">1189</SimpleData>
	</SchemaData></ExtendedData>
      <Polygon><outerBoundaryIs><LinearRing><coordinates>18.45804650825,-34.27668242 18.45804650825,-34.2740589096667 18.4606700185,-34.2740589096667 18.4606700185,-34.27668242 18.45804650825,-34.27668242</coordinates></LinearRing></outerBoundaryIs></Polygon>
  </Placemark>
  <Placemark>
	<Style><LineStyle><color>ff0000ff</color></LineStyle><PolyStyle><fill>0</fill></PolyStyle></Style>
	<ExtendedData><SchemaData schemaUrl="#jag_id_grid">
		<SimpleData name="env.jag_id">1227</SimpleData>
	</SchemaData></ExtendedData>
      <Polygon><outerBoundaryIs><LinearRing><coordinates>18.4606700185,-34.27668242 18.4606700185,-34.2740589096667 18.46329352875,-34.2740589096667 18.46329352875,-34.27668242 18.4606700185,-34.27668242</coordinates></LinearRing></outerBoundaryIs></Polygon>
  </Placemark>
  <Placemark>
	<Style><LineStyle><color>ff0000ff</color></LineStyle><PolyStyle><fill>0</fill></PolyStyle></Style>
	<ExtendedData><SchemaData schemaUrl="#jag_id_grid">
		<SimpleData name="env.jag_id">1256</SimpleData>
	</SchemaData></ExtendedData>
      <Polygon><outerBoundaryIs><LinearRing><coordinates>18.46329352875,-34.27668242 18.46329352875,-34.2740589096667 18.465917039,-34.2740589096667 18.465917039,-34.27668242 18.46329352875,-34.27668242</coordinates></LinearRing></outerBoundaryIs></Polygon>
  </Placemark>
  <Placemark>
	<Style><LineStyle><color>ff0000ff</color></LineStyle><PolyStyle><fill>0</fill></PolyStyle></Style>
	<ExtendedData><SchemaData schemaUrl="#jag_id_grid">
		<SimpleData name="env.jag_id">1283</SimpleData>
	</SchemaData></ExtendedData>
      <Polygon><outerBoundaryIs><LinearRing><coordinates>18.465917039,-34.27668242 18.465917039,-34.2740589096667 18.46854054925,-34.2740589096667 18.46854054925,-34.27668242 18.465917039,-34.27668242</coordinates></LinearRing></outerBoundaryIs></Polygon>
  </Placemark>
  <Placemark>
	<Style><LineStyle><color>ff0000ff</color></LineStyle><PolyStyle><fill>0</fill></PolyStyle></Style>
	<ExtendedData><SchemaData schemaUrl="#jag_id_grid">
		<SimpleData name="env.jag_id">179</SimpleData>
	</SchemaData></ExtendedData>
      <Polygon><outerBoundaryIs><LinearRing><coordinates>18.392458752,-34.2793059303333 18.392458752,-34.27668242 18.39508226225,-34.27668242 18.39508226225,-34.2793059303333 18.392458752,-34.2793059303333</coordinates></LinearRing></outerBoundaryIs></Polygon>
  </Placemark>
  <Placemark>
	<Style><LineStyle><color>ff0000ff</color></LineStyle><PolyStyle><fill>0</fill></PolyStyle></Style>
	<ExtendedData><SchemaData schemaUrl="#jag_id_grid">
		<SimpleData name="env.jag_id">212</SimpleData>
	</SchemaData></ExtendedData>
      <Polygon><outerBoundaryIs><LinearRing><coordinates>18.39508226225,-34.2793059303333 18.39508226225,-34.27668242 18.3977057725,-34.27668242 18.3977057725,-34.2793059303333 18.39508226225,-34.2793059303333</coordinates></LinearRing></outerBoundaryIs></Polygon>
  </Placemark>
  <Placemark>
	<Style><LineStyle><color>ff0000ff</color></LineStyle><PolyStyle><fill>0</fill></PolyStyle></Style>
	<ExtendedData><SchemaData schemaUrl="#jag_id_grid">
		<SimpleData name="env.jag_id">245</SimpleData>
	</SchemaData></ExtendedData>
      <Polygon><outerBoundaryIs><LinearRing><coordinates>18.3977057725,-34.2793059303333 18.3977057725,-34.27668242 18.40032928275,-34.27668242 18.40032928275,-34.2793059303333 18.3977057725,-34.2793059303333</coordinates></LinearRing></outerBoundaryIs></Polygon>
  </Placemark>
  <Placemark>
	<Style><LineStyle><color>ff0000ff</color></LineStyle><PolyStyle><fill>0</fill></PolyStyle></Style>
	<ExtendedData><SchemaData schemaUrl="#jag_id_grid">
		<SimpleData name="env.jag_id">278</SimpleData>
	</SchemaData></ExtendedData>
      <Polygon><outerBoundaryIs><LinearRing><coordinates>18.40032928275,-34.2793059303333 18.40032928275,-34.27668242 18.402952793,-34.27668242 18.402952793,-34.2793059303333 18.40032928275,-34.2793059303333</coordinates></LinearRing></outerBoundaryIs></Polygon>
  </Placemark>
  <Placemark>
	<Style><LineStyle><color>ff0000ff</color></LineStyle><PolyStyle><fill>0</fill></PolyStyle></Style>
	<ExtendedData><SchemaData schemaUrl="#jag_id_grid">
		<SimpleData name="env.jag_id">310</SimpleData>
	</SchemaData></ExtendedData>
      <Polygon><outerBoundaryIs><LinearRing><coordinates>18.402952793,-34.2793059303333 18.402952793,-34.27668242 18.40557630325,-34.27668242 18.40557630325,-34.2793059303333 18.402952793,-34.2793059303333</coordinates></LinearRing></outerBoundaryIs></Polygon>
  </Placemark>
  <Placemark>
	<Style><LineStyle><color>ff0000ff</color></LineStyle><PolyStyle><fill>0</fill></PolyStyle></Style>
	<ExtendedData><SchemaData schemaUrl="#jag_id_grid">
		<SimpleData name="env.jag_id">345</SimpleData>
	</SchemaData></ExtendedData>
      <Polygon><outerBoundaryIs><LinearRing><coordinates>18.40557630325,-34.2793059303333 18.40557630325,-34.27668242 18.4081998135,-34.27668242 18.4081998135,-34.2793059303333 18.40557630325,-34.2793059303333</coordinates></LinearRing></outerBoundaryIs></Polygon>
  </Placemark>
  <Placemark>
	<Style><LineStyle><color>ff0000ff</color></LineStyle><PolyStyle><fill>0</fill></PolyStyle></Style>
	<ExtendedData><SchemaData schemaUrl="#jag_id_grid">
		<SimpleData name="env.jag_id">383</SimpleData>
	</SchemaData></ExtendedData>
      <Polygon><outerBoundaryIs><LinearRing><coordinates>18.4081998135,-34.2793059303333 18.4081998135,-34.27668242 18.41082332375,-34.27668242 18.41082332375,-34.2793059303333 18.4081998135,-34.2793059303333</coordinates></LinearRing></outerBoundaryIs></Polygon>
  </Placemark>
  <Placemark>
	<Style><LineStyle><color>ff0000ff</color></LineStyle><PolyStyle><fill>0</fill></PolyStyle></Style>
	<ExtendedData><SchemaData schemaUrl="#jag_id_grid">
		<SimpleData name="env.jag_id">425</SimpleData>
	</SchemaData></ExtendedData>
      <Polygon><outerBoundaryIs><LinearRing><coordinates>18.41082332375,-34.2793059303333 18.41082332375,-34.27668242 18.413446834,-34.27668242 18.413446834,-34.2793059303333 18.41082332375,-34.2793059303333</coordinates></LinearRing></outerBoundaryIs></Polygon>
  </Placemark>
  <Placemark>
	<Style><LineStyle><color>ff0000ff</color></LineStyle><PolyStyle><fill>0</fill></PolyStyle></Style>
	<ExtendedData><SchemaData schemaUrl="#jag_id_grid">
		<SimpleData name="env.jag_id">468</SimpleData>
	</SchemaData></ExtendedData>
      <Polygon><outerBoundaryIs><LinearRing><coordinates>18.413446834,-34.2793059303333 18.413446834,-34.27668242 18.41607034425,-34.27668242 18.41607034425,-34.2793059303333 18.413446834,-34.2793059303333</coordinates></LinearRing></outerBoundaryIs></Polygon>
  </Placemark>
  <Placemark>
	<Style><LineStyle><color>ff0000ff</color></LineStyle><PolyStyle><fill>0</fill></PolyStyle></Style>
	<ExtendedData><SchemaData schemaUrl="#jag_id_grid">
		<SimpleData name="env.jag_id">513</SimpleData>
	</SchemaData></ExtendedData>
      <Polygon><outerBoundaryIs><LinearRing><coordinates>18.41607034425,-34.2793059303333 18.41607034425,-34.27668242 18.4186938545,-34.27668242 18.4186938545,-34.2793059303333 18.41607034425,-34.2793059303333</coordinates></LinearRing></outerBoundaryIs></Polygon>
  </Placemark>
  <Placemark>
	<Style><LineStyle><color>ff0000ff</color></LineStyle><PolyStyle><fill>0</fill></PolyStyle></Style>
	<ExtendedData><SchemaData schemaUrl="#jag_id_grid">
		<SimpleData name="env.jag_id">558</SimpleData>
	</SchemaData></ExtendedData>
      <Polygon><outerBoundaryIs><LinearRing><coordinates>18.4186938545,-34.2793059303333 18.4186938545,-34.27668242 18.42131736475,-34.27668242 18.42131736475,-34.2793059303333 18.4186938545,-34.2793059303333</coordinates></LinearRing></outerBoundaryIs></Polygon>
  </Placemark>
  <Placemark>
	<Style><LineStyle><color>ff0000ff</color></LineStyle><PolyStyle><fill>0</fill></PolyStyle></Style>
	<ExtendedData><SchemaData schemaUrl="#jag_id_grid">
		<SimpleData name="env.jag_id">604</SimpleData>
	</SchemaData></ExtendedData>
      <Polygon><outerBoundaryIs><LinearRing><coordinates>18.42131736475,-34.2793059303333 18.42131736475,-34.27668242 18.423940875,-34.27668242 18.423940875,-34.2793059303333 18.42131736475,-34.2793059303333</coordinates></LinearRing></outerBoundaryIs></Polygon>
  </Placemark>
  <Placemark>
	<Style><LineStyle><color>ff0000ff</color></LineStyle><PolyStyle><fill>0</fill></PolyStyle></Style>
	<ExtendedData><SchemaData schemaUrl="#jag_id_grid">
		<SimpleData name="env.jag_id">650</SimpleData>
	</SchemaData></ExtendedData>
      <Polygon><outerBoundaryIs><LinearRing><coordinates>18.423940875,-34.2793059303333 18.423940875,-34.27668242 18.42656438525,-34.27668242 18.42656438525,-34.2793059303333 18.423940875,-34.2793059303333</coordinates></LinearRing></outerBoundaryIs></Polygon>
  </Placemark>
  <Placemark>
	<Style><LineStyle><color>ff0000ff</color></LineStyle><PolyStyle><fill>0</fill></PolyStyle></Style>
	<ExtendedData><SchemaData schemaUrl="#jag_id_grid">
		<SimpleData name="env.jag_id">691</SimpleData>
	</SchemaData></ExtendedData>
      <Polygon><outerBoundaryIs><LinearRing><coordinates>18.42656438525,-34.2793059303333 18.42656438525,-34.27668242 18.4291878955,-34.27668242 18.4291878955,-34.2793059303333 18.42656438525,-34.2793059303333</coordinates></LinearRing></outerBoundaryIs></Polygon>
  </Placemark>
  <Placemark>
	<Style><LineStyle><color>ff0000ff</color></LineStyle><PolyStyle><fill>0</fill></PolyStyle></Style>
	<ExtendedData><SchemaData schemaUrl="#jag_id_grid">
		<SimpleData name="env.jag_id">734</SimpleData>
	</SchemaData></ExtendedData>
      <Polygon><outerBoundaryIs><LinearRing><coordinates>18.4291878955,-34.2793059303333 18.4291878955,-34.27668242 18.43181140575,-34.27668242 18.43181140575,-34.2793059303333 18.4291878955,-34.2793059303333</coordinates></LinearRing></outerBoundaryIs></Polygon>
  </Placemark>
  <Placemark>
	<Style><LineStyle><color>ff0000ff</color></LineStyle><PolyStyle><fill>0</fill></PolyStyle></Style>
	<ExtendedData><SchemaData schemaUrl="#jag_id_grid">
		<SimpleData name="env.jag_id">773</SimpleData>
	</SchemaData></ExtendedData>
      <Polygon><outerBoundaryIs><LinearRing><coordinates>18.43181140575,-34.2793059303333 18.43181140575,-34.27668242 18.434434916,-34.27668242 18.434434916,-34.2793059303333 18.43181140575,-34.2793059303333</coordinates></LinearRing></outerBoundaryIs></Polygon>
  </Placemark>
  <Placemark>
	<Style><LineStyle><color>ff0000ff</color></LineStyle><PolyStyle><fill>0</fill></PolyStyle></Style>
	<ExtendedData><SchemaData schemaUrl="#jag_id_grid">
		<SimpleData name="env.jag_id">813</SimpleData>
	</SchemaData></ExtendedData>
      <Polygon><outerBoundaryIs><LinearRing><coordinates>18.434434916,-34.2793059303333 18.434434916,-34.27668242 18.43705842625,-34.27668242 18.43705842625,-34.2793059303333 18.434434916,-34.2793059303333</coordinates></LinearRing></outerBoundaryIs></Polygon>
  </Placemark>
  <Placemark>
	<Style><LineStyle><color>ff0000ff</color></LineStyle><PolyStyle><fill>0</fill></PolyStyle></Style>
	<ExtendedData><SchemaData schemaUrl="#jag_id_grid">
		<SimpleData name="env.jag_id">853</SimpleData>
	</SchemaData></ExtendedData>
      <Polygon><outerBoundaryIs><LinearRing><coordinates>18.43705842625,-34.2793059303333 18.43705842625,-34.27668242 18.4396819365,-34.27668242 18.4396819365,-34.2793059303333 18.43705842625,-34.2793059303333</coordinates></LinearRing></outerBoundaryIs></Polygon>
  </Placemark>
  <Placemark>
	<Style><LineStyle><color>ff0000ff</color></LineStyle><PolyStyle><fill>0</fill></PolyStyle></Style>
	<ExtendedData><SchemaData schemaUrl="#jag_id_grid">
		<SimpleData name="env.jag_id">894</SimpleData>
	</SchemaData></ExtendedData>
      <Polygon><outerBoundaryIs><LinearRing><coordinates>18.4396819365,-34.2793059303333 18.4396819365,-34.27668242 18.44230544675,-34.27668242 18.44230544675,-34.2793059303333 18.4396819365,-34.2793059303333</coordinates></LinearRing></outerBoundaryIs></Polygon>
  </Placemark>
  <Placemark>
	<Style><LineStyle><color>ff0000ff</color></LineStyle><PolyStyle><fill>0</fill></PolyStyle></Style>
	<ExtendedData><SchemaData schemaUrl="#jag_id_grid">
		<SimpleData name="env.jag_id">935</SimpleData>
	</SchemaData></ExtendedData>
      <Polygon><outerBoundaryIs><LinearRing><coordinates>18.44230544675,-34.2793059303333 18.44230544675,-34.27668242 18.444928957,-34.27668242 18.444928957,-34.2793059303333 18.44230544675,-34.2793059303333</coordinates></LinearRing></outerBoundaryIs></Polygon>
  </Placemark>
  <Placemark>
	<Style><LineStyle><color>ff0000ff</color></LineStyle><PolyStyle><fill>0</fill></PolyStyle></Style>
	<ExtendedData><SchemaData schemaUrl="#jag_id_grid">
		<SimpleData name="env.jag_id">975</SimpleData>
	</SchemaData></ExtendedData>
      <Polygon><outerBoundaryIs><LinearRing><coordinates>18.444928957,-34.2793059303333 18.444928957,-34.27668242 18.44755246725,-34.27668242 18.44755246725,-34.2793059303333 18.444928957,-34.2793059303333</coordinates></LinearRing></outerBoundaryIs></Polygon>
  </Placemark>
  <Placemark>
	<Style><LineStyle><color>ff0000ff</color></LineStyle><PolyStyle><fill>0</fill></PolyStyle></Style>
	<ExtendedData><SchemaData schemaUrl="#jag_id_grid">
		<SimpleData name="env.jag_id">1020</SimpleData>
	</SchemaData></ExtendedData>
      <Polygon><outerBoundaryIs><LinearRing><coordinates>18.44755246725,-34.2793059303333 18.44755246725,-34.27668242 18.4501759775,-34.27668242 18.4501759775,-34.2793059303333 18.44755246725,-34.2793059303333</coordinates></LinearRing></outerBoundaryIs></Polygon>
  </Placemark>
  <Placemark>
	<Style><LineStyle><color>ff0000ff</color></LineStyle><PolyStyle><fill>0</fill></PolyStyle></Style>
	<ExtendedData><SchemaData schemaUrl="#jag_id_grid">
		<SimpleData name="env.jag_id">1066</SimpleData>
	</SchemaData></ExtendedData>
      <Polygon><outerBoundaryIs><LinearRing><coordinates>18.4501759775,-34.2793059303333 18.4501759775,-34.27668242 18.45279948775,-34.27668242 18.45279948775,-34.2793059303333 18.4501759775,-34.2793059303333</coordinates></LinearRing></outerBoundaryIs></Polygon>
  </Placemark>
  <Placemark>
	<Style><LineStyle><color>ff0000ff</color></LineStyle><PolyStyle><fill>0</fill></PolyStyle></Style>
	<ExtendedData><SchemaData schemaUrl="#jag_id_grid">
		<SimpleData name="env.jag_id">1106</SimpleData>
	</SchemaData></ExtendedData>
      <Polygon><outerBoundaryIs><LinearRing><coordinates>18.45279948775,-34.2793059303333 18.45279948775,-34.27668242 18.455422998,-34.27668242 18.455422998,-34.2793059303333 18.45279948775,-34.2793059303333</coordinates></LinearRing></outerBoundaryIs></Polygon>
  </Placemark>
  <Placemark>
	<Style><LineStyle><color>ff0000ff</color></LineStyle><PolyStyle><fill>0</fill></PolyStyle></Style>
	<ExtendedData><SchemaData schemaUrl="#jag_id_grid">
		<SimpleData name="env.jag_id">1148</SimpleData>
	</SchemaData></ExtendedData>
      <Polygon><outerBoundaryIs><LinearRing><coordinates>18.455422998,-34.2793059303333 18.455422998,-34.27668242 18.45804650825,-34.27668242 18.45804650825,-34.2793059303333 18.455422998,-34.2793059303333</coordinates></LinearRing></outerBoundaryIs></Polygon>
  </Placemark>
  <Placemark>
	<Style><LineStyle><color>ff0000ff</color></LineStyle><PolyStyle><fill>0</fill></PolyStyle></Style>
	<ExtendedData><SchemaData schemaUrl="#jag_id_grid">
		<SimpleData name="env.jag_id">1190</SimpleData>
	</SchemaData></ExtendedData>
      <Polygon><outerBoundaryIs><LinearRing><coordinates>18.45804650825,-34.2793059303333 18.45804650825,-34.27668242 18.4606700185,-34.27668242 18.4606700185,-34.2793059303333 18.45804650825,-34.2793059303333</coordinates></LinearRing></outerBoundaryIs></Polygon>
  </Placemark>
  <Placemark>
	<Style><LineStyle><color>ff0000ff</color></LineStyle><PolyStyle><fill>0</fill></PolyStyle></Style>
	<ExtendedData><SchemaData schemaUrl="#jag_id_grid">
		<SimpleData name="env.jag_id">1228</SimpleData>
	</SchemaData></ExtendedData>
      <Polygon><outerBoundaryIs><LinearRing><coordinates>18.4606700185,-34.2793059303333 18.4606700185,-34.27668242 18.46329352875,-34.27668242 18.46329352875,-34.2793059303333 18.4606700185,-34.2793059303333</coordinates></LinearRing></outerBoundaryIs></Polygon>
  </Placemark>
  <Placemark>
	<Style><LineStyle><color>ff0000ff</color></LineStyle><PolyStyle><fill>0</fill></PolyStyle></Style>
	<ExtendedData><SchemaData schemaUrl="#jag_id_grid">
		<SimpleData name="env.jag_id">1257</SimpleData>
	</SchemaData></ExtendedData>
      <Polygon><outerBoundaryIs><LinearRing><coordinates>18.46329352875,-34.2793059303333 18.46329352875,-34.27668242 18.465917039,-34.27668242 18.465917039,-34.2793059303333 18.46329352875,-34.2793059303333</coordinates></LinearRing></outerBoundaryIs></Polygon>
  </Placemark>
  <Placemark>
	<Style><LineStyle><color>ff0000ff</color></LineStyle><PolyStyle><fill>0</fill></PolyStyle></Style>
	<ExtendedData><SchemaData schemaUrl="#jag_id_grid">
		<SimpleData name="env.jag_id">1284</SimpleData>
	</SchemaData></ExtendedData>
      <Polygon><outerBoundaryIs><LinearRing><coordinates>18.465917039,-34.2793059303333 18.465917039,-34.27668242 18.46854054925,-34.27668242 18.46854054925,-34.2793059303333 18.465917039,-34.2793059303333</coordinates></LinearRing></outerBoundaryIs></Polygon>
  </Placemark>
  <Placemark>
	<Style><LineStyle><color>ff0000ff</color></LineStyle><PolyStyle><fill>0</fill></PolyStyle></Style>
	<ExtendedData><SchemaData schemaUrl="#jag_id_grid">
		<SimpleData name="env.jag_id">1302</SimpleData>
	</SchemaData></ExtendedData>
      <Polygon><outerBoundaryIs><LinearRing><coordinates>18.46854054925,-34.2793059303333 18.46854054925,-34.27668242 18.4711640595,-34.27668242 18.4711640595,-34.2793059303333 18.46854054925,-34.2793059303333</coordinates></LinearRing></outerBoundaryIs></Polygon>
  </Placemark>
  <Placemark>
	<Style><LineStyle><color>ff0000ff</color></LineStyle><PolyStyle><fill>0</fill></PolyStyle></Style>
	<ExtendedData><SchemaData schemaUrl="#jag_id_grid">
		<SimpleData name="env.jag_id">180</SimpleData>
	</SchemaData></ExtendedData>
      <Polygon><outerBoundaryIs><LinearRing><coordinates>18.392458752,-34.2819294406667 18.392458752,-34.2793059303333 18.39508226225,-34.2793059303333 18.39508226225,-34.2819294406667 18.392458752,-34.2819294406667</coordinates></LinearRing></outerBoundaryIs></Polygon>
  </Placemark>
  <Placemark>
	<Style><LineStyle><color>ff0000ff</color></LineStyle><PolyStyle><fill>0</fill></PolyStyle></Style>
	<ExtendedData><SchemaData schemaUrl="#jag_id_grid">
		<SimpleData name="env.jag_id">213</SimpleData>
	</SchemaData></ExtendedData>
      <Polygon><outerBoundaryIs><LinearRing><coordinates>18.39508226225,-34.2819294406667 18.39508226225,-34.2793059303333 18.3977057725,-34.2793059303333 18.3977057725,-34.2819294406667 18.39508226225,-34.2819294406667</coordinates></LinearRing></outerBoundaryIs></Polygon>
  </Placemark>
  <Placemark>
	<Style><LineStyle><color>ff0000ff</color></LineStyle><PolyStyle><fill>0</fill></PolyStyle></Style>
	<ExtendedData><SchemaData schemaUrl="#jag_id_grid">
		<SimpleData name="env.jag_id">246</SimpleData>
	</SchemaData></ExtendedData>
      <Polygon><outerBoundaryIs><LinearRing><coordinates>18.3977057725,-34.2819294406667 18.3977057725,-34.2793059303333 18.40032928275,-34.2793059303333 18.40032928275,-34.2819294406667 18.3977057725,-34.2819294406667</coordinates></LinearRing></outerBoundaryIs></Polygon>
  </Placemark>
  <Placemark>
	<Style><LineStyle><color>ff0000ff</color></LineStyle><PolyStyle><fill>0</fill></PolyStyle></Style>
	<ExtendedData><SchemaData schemaUrl="#jag_id_grid">
		<SimpleData name="env.jag_id">279</SimpleData>
	</SchemaData></ExtendedData>
      <Polygon><outerBoundaryIs><LinearRing><coordinates>18.40032928275,-34.2819294406667 18.40032928275,-34.2793059303333 18.402952793,-34.2793059303333 18.402952793,-34.2819294406667 18.40032928275,-34.2819294406667</coordinates></LinearRing></outerBoundaryIs></Polygon>
  </Placemark>
  <Placemark>
	<Style><LineStyle><color>ff0000ff</color></LineStyle><PolyStyle><fill>0</fill></PolyStyle></Style>
	<ExtendedData><SchemaData schemaUrl="#jag_id_grid">
		<SimpleData name="env.jag_id">311</SimpleData>
	</SchemaData></ExtendedData>
      <Polygon><outerBoundaryIs><LinearRing><coordinates>18.402952793,-34.2819294406667 18.402952793,-34.2793059303333 18.40557630325,-34.2793059303333 18.40557630325,-34.2819294406667 18.402952793,-34.2819294406667</coordinates></LinearRing></outerBoundaryIs></Polygon>
  </Placemark>
  <Placemark>
	<Style><LineStyle><color>ff0000ff</color></LineStyle><PolyStyle><fill>0</fill></PolyStyle></Style>
	<ExtendedData><SchemaData schemaUrl="#jag_id_grid">
		<SimpleData name="env.jag_id">346</SimpleData>
	</SchemaData></ExtendedData>
      <Polygon><outerBoundaryIs><LinearRing><coordinates>18.40557630325,-34.2819294406667 18.40557630325,-34.2793059303333 18.4081998135,-34.2793059303333 18.4081998135,-34.2819294406667 18.40557630325,-34.2819294406667</coordinates></LinearRing></outerBoundaryIs></Polygon>
  </Placemark>
  <Placemark>
	<Style><LineStyle><color>ff0000ff</color></LineStyle><PolyStyle><fill>0</fill></PolyStyle></Style>
	<ExtendedData><SchemaData schemaUrl="#jag_id_grid">
		<SimpleData name="env.jag_id">384</SimpleData>
	</SchemaData></ExtendedData>
      <Polygon><outerBoundaryIs><LinearRing><coordinates>18.4081998135,-34.2819294406667 18.4081998135,-34.2793059303333 18.41082332375,-34.2793059303333 18.41082332375,-34.2819294406667 18.4081998135,-34.2819294406667</coordinates></LinearRing></outerBoundaryIs></Polygon>
  </Placemark>
  <Placemark>
	<Style><LineStyle><color>ff0000ff</color></LineStyle><PolyStyle><fill>0</fill></PolyStyle></Style>
	<ExtendedData><SchemaData schemaUrl="#jag_id_grid">
		<SimpleData name="env.jag_id">426</SimpleData>
	</SchemaData></ExtendedData>
      <Polygon><outerBoundaryIs><LinearRing><coordinates>18.41082332375,-34.2819294406667 18.41082332375,-34.2793059303333 18.413446834,-34.2793059303333 18.413446834,-34.2819294406667 18.41082332375,-34.2819294406667</coordinates></LinearRing></outerBoundaryIs></Polygon>
  </Placemark>
  <Placemark>
	<Style><LineStyle><color>ff0000ff</color></LineStyle><PolyStyle><fill>0</fill></PolyStyle></Style>
	<ExtendedData><SchemaData schemaUrl="#jag_id_grid">
		<SimpleData name="env.jag_id">469</SimpleData>
	</SchemaData></ExtendedData>
      <Polygon><outerBoundaryIs><LinearRing><coordinates>18.413446834,-34.2819294406667 18.413446834,-34.2793059303333 18.41607034425,-34.2793059303333 18.41607034425,-34.2819294406667 18.413446834,-34.2819294406667</coordinates></LinearRing></outerBoundaryIs></Polygon>
  </Placemark>
  <Placemark>
	<Style><LineStyle><color>ff0000ff</color></LineStyle><PolyStyle><fill>0</fill></PolyStyle></Style>
	<ExtendedData><SchemaData schemaUrl="#jag_id_grid">
		<SimpleData name="env.jag_id">514</SimpleData>
	</SchemaData></ExtendedData>
      <Polygon><outerBoundaryIs><LinearRing><coordinates>18.41607034425,-34.2819294406667 18.41607034425,-34.2793059303333 18.4186938545,-34.2793059303333 18.4186938545,-34.2819294406667 18.41607034425,-34.2819294406667</coordinates></LinearRing></outerBoundaryIs></Polygon>
  </Placemark>
  <Placemark>
	<Style><LineStyle><color>ff0000ff</color></LineStyle><PolyStyle><fill>0</fill></PolyStyle></Style>
	<ExtendedData><SchemaData schemaUrl="#jag_id_grid">
		<SimpleData name="env.jag_id">559</SimpleData>
	</SchemaData></ExtendedData>
      <Polygon><outerBoundaryIs><LinearRing><coordinates>18.4186938545,-34.2819294406667 18.4186938545,-34.2793059303333 18.42131736475,-34.2793059303333 18.42131736475,-34.2819294406667 18.4186938545,-34.2819294406667</coordinates></LinearRing></outerBoundaryIs></Polygon>
  </Placemark>
  <Placemark>
	<Style><LineStyle><color>ff0000ff</color></LineStyle><PolyStyle><fill>0</fill></PolyStyle></Style>
	<ExtendedData><SchemaData schemaUrl="#jag_id_grid">
		<SimpleData name="env.jag_id">605</SimpleData>
	</SchemaData></ExtendedData>
      <Polygon><outerBoundaryIs><LinearRing><coordinates>18.42131736475,-34.2819294406667 18.42131736475,-34.2793059303333 18.423940875,-34.2793059303333 18.423940875,-34.2819294406667 18.42131736475,-34.2819294406667</coordinates></LinearRing></outerBoundaryIs></Polygon>
  </Placemark>
  <Placemark>
	<Style><LineStyle><color>ff0000ff</color></LineStyle><PolyStyle><fill>0</fill></PolyStyle></Style>
	<ExtendedData><SchemaData schemaUrl="#jag_id_grid">
		<SimpleData name="env.jag_id">651</SimpleData>
	</SchemaData></ExtendedData>
      <Polygon><outerBoundaryIs><LinearRing><coordinates>18.423940875,-34.2819294406667 18.423940875,-34.2793059303333 18.42656438525,-34.2793059303333 18.42656438525,-34.2819294406667 18.423940875,-34.2819294406667</coordinates></LinearRing></outerBoundaryIs></Polygon>
  </Placemark>
  <Placemark>
	<Style><LineStyle><color>ff0000ff</color></LineStyle><PolyStyle><fill>0</fill></PolyStyle></Style>
	<ExtendedData><SchemaData schemaUrl="#jag_id_grid">
		<SimpleData name="env.jag_id">692</SimpleData>
	</SchemaData></ExtendedData>
      <Polygon><outerBoundaryIs><LinearRing><coordinates>18.42656438525,-34.2819294406667 18.42656438525,-34.2793059303333 18.4291878955,-34.2793059303333 18.4291878955,-34.2819294406667 18.42656438525,-34.2819294406667</coordinates></LinearRing></outerBoundaryIs></Polygon>
  </Placemark>
  <Placemark>
	<Style><LineStyle><color>ff0000ff</color></LineStyle><PolyStyle><fill>0</fill></PolyStyle></Style>
	<ExtendedData><SchemaData schemaUrl="#jag_id_grid">
		<SimpleData name="env.jag_id">735</SimpleData>
	</SchemaData></ExtendedData>
      <Polygon><outerBoundaryIs><LinearRing><coordinates>18.4291878955,-34.2819294406667 18.4291878955,-34.2793059303333 18.43181140575,-34.2793059303333 18.43181140575,-34.2819294406667 18.4291878955,-34.2819294406667</coordinates></LinearRing></outerBoundaryIs></Polygon>
  </Placemark>
  <Placemark>
	<Style><LineStyle><color>ff0000ff</color></LineStyle><PolyStyle><fill>0</fill></PolyStyle></Style>
	<ExtendedData><SchemaData schemaUrl="#jag_id_grid">
		<SimpleData name="env.jag_id">774</SimpleData>
	</SchemaData></ExtendedData>
      <Polygon><outerBoundaryIs><LinearRing><coordinates>18.43181140575,-34.2819294406667 18.43181140575,-34.2793059303333 18.434434916,-34.2793059303333 18.434434916,-34.2819294406667 18.43181140575,-34.2819294406667</coordinates></LinearRing></outerBoundaryIs></Polygon>
  </Placemark>
  <Placemark>
	<Style><LineStyle><color>ff0000ff</color></LineStyle><PolyStyle><fill>0</fill></PolyStyle></Style>
	<ExtendedData><SchemaData schemaUrl="#jag_id_grid">
		<SimpleData name="env.jag_id">814</SimpleData>
	</SchemaData></ExtendedData>
      <Polygon><outerBoundaryIs><LinearRing><coordinates>18.434434916,-34.2819294406667 18.434434916,-34.2793059303333 18.43705842625,-34.2793059303333 18.43705842625,-34.2819294406667 18.434434916,-34.2819294406667</coordinates></LinearRing></outerBoundaryIs></Polygon>
  </Placemark>
  <Placemark>
	<Style><LineStyle><color>ff0000ff</color></LineStyle><PolyStyle><fill>0</fill></PolyStyle></Style>
	<ExtendedData><SchemaData schemaUrl="#jag_id_grid">
		<SimpleData name="env.jag_id">854</SimpleData>
	</SchemaData></ExtendedData>
      <Polygon><outerBoundaryIs><LinearRing><coordinates>18.43705842625,-34.2819294406667 18.43705842625,-34.2793059303333 18.4396819365,-34.2793059303333 18.4396819365,-34.2819294406667 18.43705842625,-34.2819294406667</coordinates></LinearRing></outerBoundaryIs></Polygon>
  </Placemark>
  <Placemark>
	<Style><LineStyle><color>ff0000ff</color></LineStyle><PolyStyle><fill>0</fill></PolyStyle></Style>
	<ExtendedData><SchemaData schemaUrl="#jag_id_grid">
		<SimpleData name="env.jag_id">895</SimpleData>
	</SchemaData></ExtendedData>
      <Polygon><outerBoundaryIs><LinearRing><coordinates>18.4396819365,-34.2819294406667 18.4396819365,-34.2793059303333 18.44230544675,-34.2793059303333 18.44230544675,-34.2819294406667 18.4396819365,-34.2819294406667</coordinates></LinearRing></outerBoundaryIs></Polygon>
  </Placemark>
  <Placemark>
	<Style><LineStyle><color>ff0000ff</color></LineStyle><PolyStyle><fill>0</fill></PolyStyle></Style>
	<ExtendedData><SchemaData schemaUrl="#jag_id_grid">
		<SimpleData name="env.jag_id">936</SimpleData>
	</SchemaData></ExtendedData>
      <Polygon><outerBoundaryIs><LinearRing><coordinates>18.44230544675,-34.2819294406667 18.44230544675,-34.2793059303333 18.444928957,-34.2793059303333 18.444928957,-34.2819294406667 18.44230544675,-34.2819294406667</coordinates></LinearRing></outerBoundaryIs></Polygon>
  </Placemark>
  <Placemark>
	<Style><LineStyle><color>ff0000ff</color></LineStyle><PolyStyle><fill>0</fill></PolyStyle></Style>
	<ExtendedData><SchemaData schemaUrl="#jag_id_grid">
		<SimpleData name="env.jag_id">976</SimpleData>
	</SchemaData></ExtendedData>
      <Polygon><outerBoundaryIs><LinearRing><coordinates>18.444928957,-34.2819294406667 18.444928957,-34.2793059303333 18.44755246725,-34.2793059303333 18.44755246725,-34.2819294406667 18.444928957,-34.2819294406667</coordinates></LinearRing></outerBoundaryIs></Polygon>
  </Placemark>
  <Placemark>
	<Style><LineStyle><color>ff0000ff</color></LineStyle><PolyStyle><fill>0</fill></PolyStyle></Style>
	<ExtendedData><SchemaData schemaUrl="#jag_id_grid">
		<SimpleData name="env.jag_id">1021</SimpleData>
	</SchemaData></ExtendedData>
      <Polygon><outerBoundaryIs><LinearRing><coordinates>18.44755246725,-34.2819294406667 18.44755246725,-34.2793059303333 18.4501759775,-34.2793059303333 18.4501759775,-34.2819294406667 18.44755246725,-34.2819294406667</coordinates></LinearRing></outerBoundaryIs></Polygon>
  </Placemark>
  <Placemark>
	<Style><LineStyle><color>ff0000ff</color></LineStyle><PolyStyle><fill>0</fill></PolyStyle></Style>
	<ExtendedData><SchemaData schemaUrl="#jag_id_grid">
		<SimpleData name="env.jag_id">1067</SimpleData>
	</SchemaData></ExtendedData>
      <Polygon><outerBoundaryIs><LinearRing><coordinates>18.4501759775,-34.2819294406667 18.4501759775,-34.2793059303333 18.45279948775,-34.2793059303333 18.45279948775,-34.2819294406667 18.4501759775,-34.2819294406667</coordinates></LinearRing></outerBoundaryIs></Polygon>
  </Placemark>
  <Placemark>
	<Style><LineStyle><color>ff0000ff</color></LineStyle><PolyStyle><fill>0</fill></PolyStyle></Style>
	<ExtendedData><SchemaData schemaUrl="#jag_id_grid">
		<SimpleData name="env.jag_id">1107</SimpleData>
	</SchemaData></ExtendedData>
      <Polygon><outerBoundaryIs><LinearRing><coordinates>18.45279948775,-34.2819294406667 18.45279948775,-34.2793059303333 18.455422998,-34.2793059303333 18.455422998,-34.2819294406667 18.45279948775,-34.2819294406667</coordinates></LinearRing></outerBoundaryIs></Polygon>
  </Placemark>
  <Placemark>
	<Style><LineStyle><color>ff0000ff</color></LineStyle><PolyStyle><fill>0</fill></PolyStyle></Style>
	<ExtendedData><SchemaData schemaUrl="#jag_id_grid">
		<SimpleData name="env.jag_id">1149</SimpleData>
	</SchemaData></ExtendedData>
      <Polygon><outerBoundaryIs><LinearRing><coordinates>18.455422998,-34.2819294406667 18.455422998,-34.2793059303333 18.45804650825,-34.2793059303333 18.45804650825,-34.2819294406667 18.455422998,-34.2819294406667</coordinates></LinearRing></outerBoundaryIs></Polygon>
  </Placemark>
  <Placemark>
	<Style><LineStyle><color>ff0000ff</color></LineStyle><PolyStyle><fill>0</fill></PolyStyle></Style>
	<ExtendedData><SchemaData schemaUrl="#jag_id_grid">
		<SimpleData name="env.jag_id">1191</SimpleData>
	</SchemaData></ExtendedData>
      <Polygon><outerBoundaryIs><LinearRing><coordinates>18.45804650825,-34.2819294406667 18.45804650825,-34.2793059303333 18.4606700185,-34.2793059303333 18.4606700185,-34.2819294406667 18.45804650825,-34.2819294406667</coordinates></LinearRing></outerBoundaryIs></Polygon>
  </Placemark>
  <Placemark>
	<Style><LineStyle><color>ff0000ff</color></LineStyle><PolyStyle><fill>0</fill></PolyStyle></Style>
	<ExtendedData><SchemaData schemaUrl="#jag_id_grid">
		<SimpleData name="env.jag_id">1229</SimpleData>
	</SchemaData></ExtendedData>
      <Polygon><outerBoundaryIs><LinearRing><coordinates>18.4606700185,-34.2819294406667 18.4606700185,-34.2793059303333 18.46329352875,-34.2793059303333 18.46329352875,-34.2819294406667 18.4606700185,-34.2819294406667</coordinates></LinearRing></outerBoundaryIs></Polygon>
  </Placemark>
  <Placemark>
	<Style><LineStyle><color>ff0000ff</color></LineStyle><PolyStyle><fill>0</fill></PolyStyle></Style>
	<ExtendedData><SchemaData schemaUrl="#jag_id_grid">
		<SimpleData name="env.jag_id">1258</SimpleData>
	</SchemaData></ExtendedData>
      <Polygon><outerBoundaryIs><LinearRing><coordinates>18.46329352875,-34.2819294406667 18.46329352875,-34.2793059303333 18.465917039,-34.2793059303333 18.465917039,-34.2819294406667 18.46329352875,-34.2819294406667</coordinates></LinearRing></outerBoundaryIs></Polygon>
  </Placemark>
  <Placemark>
	<Style><LineStyle><color>ff0000ff</color></LineStyle><PolyStyle><fill>0</fill></PolyStyle></Style>
	<ExtendedData><SchemaData schemaUrl="#jag_id_grid">
		<SimpleData name="env.jag_id">1285</SimpleData>
	</SchemaData></ExtendedData>
      <Polygon><outerBoundaryIs><LinearRing><coordinates>18.465917039,-34.2819294406667 18.465917039,-34.2793059303333 18.46854054925,-34.2793059303333 18.46854054925,-34.2819294406667 18.465917039,-34.2819294406667</coordinates></LinearRing></outerBoundaryIs></Polygon>
  </Placemark>
  <Placemark>
	<Style><LineStyle><color>ff0000ff</color></LineStyle><PolyStyle><fill>0</fill></PolyStyle></Style>
	<ExtendedData><SchemaData schemaUrl="#jag_id_grid">
		<SimpleData name="env.jag_id">1303</SimpleData>
	</SchemaData></ExtendedData>
      <Polygon><outerBoundaryIs><LinearRing><coordinates>18.46854054925,-34.2819294406667 18.46854054925,-34.2793059303333 18.4711640595,-34.2793059303333 18.4711640595,-34.2819294406667 18.46854054925,-34.2819294406667</coordinates></LinearRing></outerBoundaryIs></Polygon>
  </Placemark>
  <Placemark>
	<Style><LineStyle><color>ff0000ff</color></LineStyle><PolyStyle><fill>0</fill></PolyStyle></Style>
	<ExtendedData><SchemaData schemaUrl="#jag_id_grid">
		<SimpleData name="env.jag_id">181</SimpleData>
	</SchemaData></ExtendedData>
      <Polygon><outerBoundaryIs><LinearRing><coordinates>18.392458752,-34.284552951 18.392458752,-34.2819294406667 18.39508226225,-34.2819294406667 18.39508226225,-34.284552951 18.392458752,-34.284552951</coordinates></LinearRing></outerBoundaryIs></Polygon>
  </Placemark>
  <Placemark>
	<Style><LineStyle><color>ff0000ff</color></LineStyle><PolyStyle><fill>0</fill></PolyStyle></Style>
	<ExtendedData><SchemaData schemaUrl="#jag_id_grid">
		<SimpleData name="env.jag_id">214</SimpleData>
	</SchemaData></ExtendedData>
      <Polygon><outerBoundaryIs><LinearRing><coordinates>18.39508226225,-34.284552951 18.39508226225,-34.2819294406667 18.3977057725,-34.2819294406667 18.3977057725,-34.284552951 18.39508226225,-34.284552951</coordinates></LinearRing></outerBoundaryIs></Polygon>
  </Placemark>
  <Placemark>
	<Style><LineStyle><color>ff0000ff</color></LineStyle><PolyStyle><fill>0</fill></PolyStyle></Style>
	<ExtendedData><SchemaData schemaUrl="#jag_id_grid">
		<SimpleData name="env.jag_id">247</SimpleData>
	</SchemaData></ExtendedData>
      <Polygon><outerBoundaryIs><LinearRing><coordinates>18.3977057725,-34.284552951 18.3977057725,-34.2819294406667 18.40032928275,-34.2819294406667 18.40032928275,-34.284552951 18.3977057725,-34.284552951</coordinates></LinearRing></outerBoundaryIs></Polygon>
  </Placemark>
  <Placemark>
	<Style><LineStyle><color>ff0000ff</color></LineStyle><PolyStyle><fill>0</fill></PolyStyle></Style>
	<ExtendedData><SchemaData schemaUrl="#jag_id_grid">
		<SimpleData name="env.jag_id">280</SimpleData>
	</SchemaData></ExtendedData>
      <Polygon><outerBoundaryIs><LinearRing><coordinates>18.40032928275,-34.284552951 18.40032928275,-34.2819294406667 18.402952793,-34.2819294406667 18.402952793,-34.284552951 18.40032928275,-34.284552951</coordinates></LinearRing></outerBoundaryIs></Polygon>
  </Placemark>
  <Placemark>
	<Style><LineStyle><color>ff0000ff</color></LineStyle><PolyStyle><fill>0</fill></PolyStyle></Style>
	<ExtendedData><SchemaData schemaUrl="#jag_id_grid">
		<SimpleData name="env.jag_id">312</SimpleData>
	</SchemaData></ExtendedData>
      <Polygon><outerBoundaryIs><LinearRing><coordinates>18.402952793,-34.284552951 18.402952793,-34.2819294406667 18.40557630325,-34.2819294406667 18.40557630325,-34.284552951 18.402952793,-34.284552951</coordinates></LinearRing></outerBoundaryIs></Polygon>
  </Placemark>
  <Placemark>
	<Style><LineStyle><color>ff0000ff</color></LineStyle><PolyStyle><fill>0</fill></PolyStyle></Style>
	<ExtendedData><SchemaData schemaUrl="#jag_id_grid">
		<SimpleData name="env.jag_id">347</SimpleData>
	</SchemaData></ExtendedData>
      <Polygon><outerBoundaryIs><LinearRing><coordinates>18.40557630325,-34.284552951 18.40557630325,-34.2819294406667 18.4081998135,-34.2819294406667 18.4081998135,-34.284552951 18.40557630325,-34.284552951</coordinates></LinearRing></outerBoundaryIs></Polygon>
  </Placemark>
  <Placemark>
	<Style><LineStyle><color>ff0000ff</color></LineStyle><PolyStyle><fill>0</fill></PolyStyle></Style>
	<ExtendedData><SchemaData schemaUrl="#jag_id_grid">
		<SimpleData name="env.jag_id">385</SimpleData>
	</SchemaData></ExtendedData>
      <Polygon><outerBoundaryIs><LinearRing><coordinates>18.4081998135,-34.284552951 18.4081998135,-34.2819294406667 18.41082332375,-34.2819294406667 18.41082332375,-34.284552951 18.4081998135,-34.284552951</coordinates></LinearRing></outerBoundaryIs></Polygon>
  </Placemark>
  <Placemark>
	<Style><LineStyle><color>ff0000ff</color></LineStyle><PolyStyle><fill>0</fill></PolyStyle></Style>
	<ExtendedData><SchemaData schemaUrl="#jag_id_grid">
		<SimpleData name="env.jag_id">427</SimpleData>
	</SchemaData></ExtendedData>
      <Polygon><outerBoundaryIs><LinearRing><coordinates>18.41082332375,-34.284552951 18.41082332375,-34.2819294406667 18.413446834,-34.2819294406667 18.413446834,-34.284552951 18.41082332375,-34.284552951</coordinates></LinearRing></outerBoundaryIs></Polygon>
  </Placemark>
  <Placemark>
	<Style><LineStyle><color>ff0000ff</color></LineStyle><PolyStyle><fill>0</fill></PolyStyle></Style>
	<ExtendedData><SchemaData schemaUrl="#jag_id_grid">
		<SimpleData name="env.jag_id">470</SimpleData>
	</SchemaData></ExtendedData>
      <Polygon><outerBoundaryIs><LinearRing><coordinates>18.413446834,-34.284552951 18.413446834,-34.2819294406667 18.41607034425,-34.2819294406667 18.41607034425,-34.284552951 18.413446834,-34.284552951</coordinates></LinearRing></outerBoundaryIs></Polygon>
  </Placemark>
  <Placemark>
	<Style><LineStyle><color>ff0000ff</color></LineStyle><PolyStyle><fill>0</fill></PolyStyle></Style>
	<ExtendedData><SchemaData schemaUrl="#jag_id_grid">
		<SimpleData name="env.jag_id">515</SimpleData>
	</SchemaData></ExtendedData>
      <Polygon><outerBoundaryIs><LinearRing><coordinates>18.41607034425,-34.284552951 18.41607034425,-34.2819294406667 18.4186938545,-34.2819294406667 18.4186938545,-34.284552951 18.41607034425,-34.284552951</coordinates></LinearRing></outerBoundaryIs></Polygon>
  </Placemark>
  <Placemark>
	<Style><LineStyle><color>ff0000ff</color></LineStyle><PolyStyle><fill>0</fill></PolyStyle></Style>
	<ExtendedData><SchemaData schemaUrl="#jag_id_grid">
		<SimpleData name="env.jag_id">560</SimpleData>
	</SchemaData></ExtendedData>
      <Polygon><outerBoundaryIs><LinearRing><coordinates>18.4186938545,-34.284552951 18.4186938545,-34.2819294406667 18.42131736475,-34.2819294406667 18.42131736475,-34.284552951 18.4186938545,-34.284552951</coordinates></LinearRing></outerBoundaryIs></Polygon>
  </Placemark>
  <Placemark>
	<Style><LineStyle><color>ff0000ff</color></LineStyle><PolyStyle><fill>0</fill></PolyStyle></Style>
	<ExtendedData><SchemaData schemaUrl="#jag_id_grid">
		<SimpleData name="env.jag_id">606</SimpleData>
	</SchemaData></ExtendedData>
      <Polygon><outerBoundaryIs><LinearRing><coordinates>18.42131736475,-34.284552951 18.42131736475,-34.2819294406667 18.423940875,-34.2819294406667 18.423940875,-34.284552951 18.42131736475,-34.284552951</coordinates></LinearRing></outerBoundaryIs></Polygon>
  </Placemark>
  <Placemark>
	<Style><LineStyle><color>ff0000ff</color></LineStyle><PolyStyle><fill>0</fill></PolyStyle></Style>
	<ExtendedData><SchemaData schemaUrl="#jag_id_grid">
		<SimpleData name="env.jag_id">652</SimpleData>
	</SchemaData></ExtendedData>
      <Polygon><outerBoundaryIs><LinearRing><coordinates>18.423940875,-34.284552951 18.423940875,-34.2819294406667 18.42656438525,-34.2819294406667 18.42656438525,-34.284552951 18.423940875,-34.284552951</coordinates></LinearRing></outerBoundaryIs></Polygon>
  </Placemark>
  <Placemark>
	<Style><LineStyle><color>ff0000ff</color></LineStyle><PolyStyle><fill>0</fill></PolyStyle></Style>
	<ExtendedData><SchemaData schemaUrl="#jag_id_grid">
		<SimpleData name="env.jag_id">693</SimpleData>
	</SchemaData></ExtendedData>
      <Polygon><outerBoundaryIs><LinearRing><coordinates>18.42656438525,-34.284552951 18.42656438525,-34.2819294406667 18.4291878955,-34.2819294406667 18.4291878955,-34.284552951 18.42656438525,-34.284552951</coordinates></LinearRing></outerBoundaryIs></Polygon>
  </Placemark>
  <Placemark>
	<Style><LineStyle><color>ff0000ff</color></LineStyle><PolyStyle><fill>0</fill></PolyStyle></Style>
	<ExtendedData><SchemaData schemaUrl="#jag_id_grid">
		<SimpleData name="env.jag_id">736</SimpleData>
	</SchemaData></ExtendedData>
      <Polygon><outerBoundaryIs><LinearRing><coordinates>18.4291878955,-34.284552951 18.4291878955,-34.2819294406667 18.43181140575,-34.2819294406667 18.43181140575,-34.284552951 18.4291878955,-34.284552951</coordinates></LinearRing></outerBoundaryIs></Polygon>
  </Placemark>
  <Placemark>
	<Style><LineStyle><color>ff0000ff</color></LineStyle><PolyStyle><fill>0</fill></PolyStyle></Style>
	<ExtendedData><SchemaData schemaUrl="#jag_id_grid">
		<SimpleData name="env.jag_id">775</SimpleData>
	</SchemaData></ExtendedData>
      <Polygon><outerBoundaryIs><LinearRing><coordinates>18.43181140575,-34.284552951 18.43181140575,-34.2819294406667 18.434434916,-34.2819294406667 18.434434916,-34.284552951 18.43181140575,-34.284552951</coordinates></LinearRing></outerBoundaryIs></Polygon>
  </Placemark>
  <Placemark>
	<Style><LineStyle><color>ff0000ff</color></LineStyle><PolyStyle><fill>0</fill></PolyStyle></Style>
	<ExtendedData><SchemaData schemaUrl="#jag_id_grid">
		<SimpleData name="env.jag_id">815</SimpleData>
	</SchemaData></ExtendedData>
      <Polygon><outerBoundaryIs><LinearRing><coordinates>18.434434916,-34.284552951 18.434434916,-34.2819294406667 18.43705842625,-34.2819294406667 18.43705842625,-34.284552951 18.434434916,-34.284552951</coordinates></LinearRing></outerBoundaryIs></Polygon>
  </Placemark>
  <Placemark>
	<Style><LineStyle><color>ff0000ff</color></LineStyle><PolyStyle><fill>0</fill></PolyStyle></Style>
	<ExtendedData><SchemaData schemaUrl="#jag_id_grid">
		<SimpleData name="env.jag_id">855</SimpleData>
	</SchemaData></ExtendedData>
      <Polygon><outerBoundaryIs><LinearRing><coordinates>18.43705842625,-34.284552951 18.43705842625,-34.2819294406667 18.4396819365,-34.2819294406667 18.4396819365,-34.284552951 18.43705842625,-34.284552951</coordinates></LinearRing></outerBoundaryIs></Polygon>
  </Placemark>
  <Placemark>
	<Style><LineStyle><color>ff0000ff</color></LineStyle><PolyStyle><fill>0</fill></PolyStyle></Style>
	<ExtendedData><SchemaData schemaUrl="#jag_id_grid">
		<SimpleData name="env.jag_id">896</SimpleData>
	</SchemaData></ExtendedData>
      <Polygon><outerBoundaryIs><LinearRing><coordinates>18.4396819365,-34.284552951 18.4396819365,-34.2819294406667 18.44230544675,-34.2819294406667 18.44230544675,-34.284552951 18.4396819365,-34.284552951</coordinates></LinearRing></outerBoundaryIs></Polygon>
  </Placemark>
  <Placemark>
	<Style><LineStyle><color>ff0000ff</color></LineStyle><PolyStyle><fill>0</fill></PolyStyle></Style>
	<ExtendedData><SchemaData schemaUrl="#jag_id_grid">
		<SimpleData name="env.jag_id">937</SimpleData>
	</SchemaData></ExtendedData>
      <Polygon><outerBoundaryIs><LinearRing><coordinates>18.44230544675,-34.284552951 18.44230544675,-34.2819294406667 18.444928957,-34.2819294406667 18.444928957,-34.284552951 18.44230544675,-34.284552951</coordinates></LinearRing></outerBoundaryIs></Polygon>
  </Placemark>
  <Placemark>
	<Style><LineStyle><color>ff0000ff</color></LineStyle><PolyStyle><fill>0</fill></PolyStyle></Style>
	<ExtendedData><SchemaData schemaUrl="#jag_id_grid">
		<SimpleData name="env.jag_id">977</SimpleData>
	</SchemaData></ExtendedData>
      <Polygon><outerBoundaryIs><LinearRing><coordinates>18.444928957,-34.284552951 18.444928957,-34.2819294406667 18.44755246725,-34.2819294406667 18.44755246725,-34.284552951 18.444928957,-34.284552951</coordinates></LinearRing></outerBoundaryIs></Polygon>
  </Placemark>
  <Placemark>
	<Style><LineStyle><color>ff0000ff</color></LineStyle><PolyStyle><fill>0</fill></PolyStyle></Style>
	<ExtendedData><SchemaData schemaUrl="#jag_id_grid">
		<SimpleData name="env.jag_id">1022</SimpleData>
	</SchemaData></ExtendedData>
      <Polygon><outerBoundaryIs><LinearRing><coordinates>18.44755246725,-34.284552951 18.44755246725,-34.2819294406667 18.4501759775,-34.2819294406667 18.4501759775,-34.284552951 18.44755246725,-34.284552951</coordinates></LinearRing></outerBoundaryIs></Polygon>
  </Placemark>
  <Placemark>
	<Style><LineStyle><color>ff0000ff</color></LineStyle><PolyStyle><fill>0</fill></PolyStyle></Style>
	<ExtendedData><SchemaData schemaUrl="#jag_id_grid">
		<SimpleData name="env.jag_id">1068</SimpleData>
	</SchemaData></ExtendedData>
      <Polygon><outerBoundaryIs><LinearRing><coordinates>18.4501759775,-34.284552951 18.4501759775,-34.2819294406667 18.45279948775,-34.2819294406667 18.45279948775,-34.284552951 18.4501759775,-34.284552951</coordinates></LinearRing></outerBoundaryIs></Polygon>
  </Placemark>
  <Placemark>
	<Style><LineStyle><color>ff0000ff</color></LineStyle><PolyStyle><fill>0</fill></PolyStyle></Style>
	<ExtendedData><SchemaData schemaUrl="#jag_id_grid">
		<SimpleData name="env.jag_id">1108</SimpleData>
	</SchemaData></ExtendedData>
      <Polygon><outerBoundaryIs><LinearRing><coordinates>18.45279948775,-34.284552951 18.45279948775,-34.2819294406667 18.455422998,-34.2819294406667 18.455422998,-34.284552951 18.45279948775,-34.284552951</coordinates></LinearRing></outerBoundaryIs></Polygon>
  </Placemark>
  <Placemark>
	<Style><LineStyle><color>ff0000ff</color></LineStyle><PolyStyle><fill>0</fill></PolyStyle></Style>
	<ExtendedData><SchemaData schemaUrl="#jag_id_grid">
		<SimpleData name="env.jag_id">1150</SimpleData>
	</SchemaData></ExtendedData>
      <Polygon><outerBoundaryIs><LinearRing><coordinates>18.455422998,-34.284552951 18.455422998,-34.2819294406667 18.45804650825,-34.2819294406667 18.45804650825,-34.284552951 18.455422998,-34.284552951</coordinates></LinearRing></outerBoundaryIs></Polygon>
  </Placemark>
  <Placemark>
	<Style><LineStyle><color>ff0000ff</color></LineStyle><PolyStyle><fill>0</fill></PolyStyle></Style>
	<ExtendedData><SchemaData schemaUrl="#jag_id_grid">
		<SimpleData name="env.jag_id">1192</SimpleData>
	</SchemaData></ExtendedData>
      <Polygon><outerBoundaryIs><LinearRing><coordinates>18.45804650825,-34.284552951 18.45804650825,-34.2819294406667 18.4606700185,-34.2819294406667 18.4606700185,-34.284552951 18.45804650825,-34.284552951</coordinates></LinearRing></outerBoundaryIs></Polygon>
  </Placemark>
  <Placemark>
	<Style><LineStyle><color>ff0000ff</color></LineStyle><PolyStyle><fill>0</fill></PolyStyle></Style>
	<ExtendedData><SchemaData schemaUrl="#jag_id_grid">
		<SimpleData name="env.jag_id">1230</SimpleData>
	</SchemaData></ExtendedData>
      <Polygon><outerBoundaryIs><LinearRing><coordinates>18.4606700185,-34.284552951 18.4606700185,-34.2819294406667 18.46329352875,-34.2819294406667 18.46329352875,-34.284552951 18.4606700185,-34.284552951</coordinates></LinearRing></outerBoundaryIs></Polygon>
  </Placemark>
  <Placemark>
	<Style><LineStyle><color>ff0000ff</color></LineStyle><PolyStyle><fill>0</fill></PolyStyle></Style>
	<ExtendedData><SchemaData schemaUrl="#jag_id_grid">
		<SimpleData name="env.jag_id">1259</SimpleData>
	</SchemaData></ExtendedData>
      <Polygon><outerBoundaryIs><LinearRing><coordinates>18.46329352875,-34.284552951 18.46329352875,-34.2819294406667 18.465917039,-34.2819294406667 18.465917039,-34.284552951 18.46329352875,-34.284552951</coordinates></LinearRing></outerBoundaryIs></Polygon>
  </Placemark>
  <Placemark>
	<Style><LineStyle><color>ff0000ff</color></LineStyle><PolyStyle><fill>0</fill></PolyStyle></Style>
	<ExtendedData><SchemaData schemaUrl="#jag_id_grid">
		<SimpleData name="env.jag_id">1286</SimpleData>
	</SchemaData></ExtendedData>
      <Polygon><outerBoundaryIs><LinearRing><coordinates>18.465917039,-34.284552951 18.465917039,-34.2819294406667 18.46854054925,-34.2819294406667 18.46854054925,-34.284552951 18.465917039,-34.284552951</coordinates></LinearRing></outerBoundaryIs></Polygon>
  </Placemark>
  <Placemark>
	<Style><LineStyle><color>ff0000ff</color></LineStyle><PolyStyle><fill>0</fill></PolyStyle></Style>
	<ExtendedData><SchemaData schemaUrl="#jag_id_grid">
		<SimpleData name="env.jag_id">215</SimpleData>
	</SchemaData></ExtendedData>
      <Polygon><outerBoundaryIs><LinearRing><coordinates>18.39508226225,-34.2871764613333 18.39508226225,-34.284552951 18.3977057725,-34.284552951 18.3977057725,-34.2871764613333 18.39508226225,-34.2871764613333</coordinates></LinearRing></outerBoundaryIs></Polygon>
  </Placemark>
  <Placemark>
	<Style><LineStyle><color>ff0000ff</color></LineStyle><PolyStyle><fill>0</fill></PolyStyle></Style>
	<ExtendedData><SchemaData schemaUrl="#jag_id_grid">
		<SimpleData name="env.jag_id">248</SimpleData>
	</SchemaData></ExtendedData>
      <Polygon><outerBoundaryIs><LinearRing><coordinates>18.3977057725,-34.2871764613333 18.3977057725,-34.284552951 18.40032928275,-34.284552951 18.40032928275,-34.2871764613333 18.3977057725,-34.2871764613333</coordinates></LinearRing></outerBoundaryIs></Polygon>
  </Placemark>
  <Placemark>
	<Style><LineStyle><color>ff0000ff</color></LineStyle><PolyStyle><fill>0</fill></PolyStyle></Style>
	<ExtendedData><SchemaData schemaUrl="#jag_id_grid">
		<SimpleData name="env.jag_id">281</SimpleData>
	</SchemaData></ExtendedData>
      <Polygon><outerBoundaryIs><LinearRing><coordinates>18.40032928275,-34.2871764613333 18.40032928275,-34.284552951 18.402952793,-34.284552951 18.402952793,-34.2871764613333 18.40032928275,-34.2871764613333</coordinates></LinearRing></outerBoundaryIs></Polygon>
  </Placemark>
  <Placemark>
	<Style><LineStyle><color>ff0000ff</color></LineStyle><PolyStyle><fill>0</fill></PolyStyle></Style>
	<ExtendedData><SchemaData schemaUrl="#jag_id_grid">
		<SimpleData name="env.jag_id">313</SimpleData>
	</SchemaData></ExtendedData>
      <Polygon><outerBoundaryIs><LinearRing><coordinates>18.402952793,-34.2871764613333 18.402952793,-34.284552951 18.40557630325,-34.284552951 18.40557630325,-34.2871764613333 18.402952793,-34.2871764613333</coordinates></LinearRing></outerBoundaryIs></Polygon>
  </Placemark>
  <Placemark>
	<Style><LineStyle><color>ff0000ff</color></LineStyle><PolyStyle><fill>0</fill></PolyStyle></Style>
	<ExtendedData><SchemaData schemaUrl="#jag_id_grid">
		<SimpleData name="env.jag_id">348</SimpleData>
	</SchemaData></ExtendedData>
      <Polygon><outerBoundaryIs><LinearRing><coordinates>18.40557630325,-34.2871764613333 18.40557630325,-34.284552951 18.4081998135,-34.284552951 18.4081998135,-34.2871764613333 18.40557630325,-34.2871764613333</coordinates></LinearRing></outerBoundaryIs></Polygon>
  </Placemark>
  <Placemark>
	<Style><LineStyle><color>ff0000ff</color></LineStyle><PolyStyle><fill>0</fill></PolyStyle></Style>
	<ExtendedData><SchemaData schemaUrl="#jag_id_grid">
		<SimpleData name="env.jag_id">386</SimpleData>
	</SchemaData></ExtendedData>
      <Polygon><outerBoundaryIs><LinearRing><coordinates>18.4081998135,-34.2871764613333 18.4081998135,-34.284552951 18.41082332375,-34.284552951 18.41082332375,-34.2871764613333 18.4081998135,-34.2871764613333</coordinates></LinearRing></outerBoundaryIs></Polygon>
  </Placemark>
  <Placemark>
	<Style><LineStyle><color>ff0000ff</color></LineStyle><PolyStyle><fill>0</fill></PolyStyle></Style>
	<ExtendedData><SchemaData schemaUrl="#jag_id_grid">
		<SimpleData name="env.jag_id">428</SimpleData>
	</SchemaData></ExtendedData>
      <Polygon><outerBoundaryIs><LinearRing><coordinates>18.41082332375,-34.2871764613333 18.41082332375,-34.284552951 18.413446834,-34.284552951 18.413446834,-34.2871764613333 18.41082332375,-34.2871764613333</coordinates></LinearRing></outerBoundaryIs></Polygon>
  </Placemark>
  <Placemark>
	<Style><LineStyle><color>ff0000ff</color></LineStyle><PolyStyle><fill>0</fill></PolyStyle></Style>
	<ExtendedData><SchemaData schemaUrl="#jag_id_grid">
		<SimpleData name="env.jag_id">471</SimpleData>
	</SchemaData></ExtendedData>
      <Polygon><outerBoundaryIs><LinearRing><coordinates>18.413446834,-34.2871764613333 18.413446834,-34.284552951 18.41607034425,-34.284552951 18.41607034425,-34.2871764613333 18.413446834,-34.2871764613333</coordinates></LinearRing></outerBoundaryIs></Polygon>
  </Placemark>
  <Placemark>
	<Style><LineStyle><color>ff0000ff</color></LineStyle><PolyStyle><fill>0</fill></PolyStyle></Style>
	<ExtendedData><SchemaData schemaUrl="#jag_id_grid">
		<SimpleData name="env.jag_id">516</SimpleData>
	</SchemaData></ExtendedData>
      <Polygon><outerBoundaryIs><LinearRing><coordinates>18.41607034425,-34.2871764613333 18.41607034425,-34.284552951 18.4186938545,-34.284552951 18.4186938545,-34.2871764613333 18.41607034425,-34.2871764613333</coordinates></LinearRing></outerBoundaryIs></Polygon>
  </Placemark>
  <Placemark>
	<Style><LineStyle><color>ff0000ff</color></LineStyle><PolyStyle><fill>0</fill></PolyStyle></Style>
	<ExtendedData><SchemaData schemaUrl="#jag_id_grid">
		<SimpleData name="env.jag_id">561</SimpleData>
	</SchemaData></ExtendedData>
      <Polygon><outerBoundaryIs><LinearRing><coordinates>18.4186938545,-34.2871764613333 18.4186938545,-34.284552951 18.42131736475,-34.284552951 18.42131736475,-34.2871764613333 18.4186938545,-34.2871764613333</coordinates></LinearRing></outerBoundaryIs></Polygon>
  </Placemark>
  <Placemark>
	<Style><LineStyle><color>ff0000ff</color></LineStyle><PolyStyle><fill>0</fill></PolyStyle></Style>
	<ExtendedData><SchemaData schemaUrl="#jag_id_grid">
		<SimpleData name="env.jag_id">607</SimpleData>
	</SchemaData></ExtendedData>
      <Polygon><outerBoundaryIs><LinearRing><coordinates>18.42131736475,-34.2871764613333 18.42131736475,-34.284552951 18.423940875,-34.284552951 18.423940875,-34.2871764613333 18.42131736475,-34.2871764613333</coordinates></LinearRing></outerBoundaryIs></Polygon>
  </Placemark>
  <Placemark>
	<Style><LineStyle><color>ff0000ff</color></LineStyle><PolyStyle><fill>0</fill></PolyStyle></Style>
	<ExtendedData><SchemaData schemaUrl="#jag_id_grid">
		<SimpleData name="env.jag_id">653</SimpleData>
	</SchemaData></ExtendedData>
      <Polygon><outerBoundaryIs><LinearRing><coordinates>18.423940875,-34.2871764613333 18.423940875,-34.284552951 18.42656438525,-34.284552951 18.42656438525,-34.2871764613333 18.423940875,-34.2871764613333</coordinates></LinearRing></outerBoundaryIs></Polygon>
  </Placemark>
  <Placemark>
	<Style><LineStyle><color>ff0000ff</color></LineStyle><PolyStyle><fill>0</fill></PolyStyle></Style>
	<ExtendedData><SchemaData schemaUrl="#jag_id_grid">
		<SimpleData name="env.jag_id">694</SimpleData>
	</SchemaData></ExtendedData>
      <Polygon><outerBoundaryIs><LinearRing><coordinates>18.42656438525,-34.2871764613333 18.42656438525,-34.284552951 18.4291878955,-34.284552951 18.4291878955,-34.2871764613333 18.42656438525,-34.2871764613333</coordinates></LinearRing></outerBoundaryIs></Polygon>
  </Placemark>
  <Placemark>
	<Style><LineStyle><color>ff0000ff</color></LineStyle><PolyStyle><fill>0</fill></PolyStyle></Style>
	<ExtendedData><SchemaData schemaUrl="#jag_id_grid">
		<SimpleData name="env.jag_id">737</SimpleData>
	</SchemaData></ExtendedData>
      <Polygon><outerBoundaryIs><LinearRing><coordinates>18.4291878955,-34.2871764613333 18.4291878955,-34.284552951 18.43181140575,-34.284552951 18.43181140575,-34.2871764613333 18.4291878955,-34.2871764613333</coordinates></LinearRing></outerBoundaryIs></Polygon>
  </Placemark>
  <Placemark>
	<Style><LineStyle><color>ff0000ff</color></LineStyle><PolyStyle><fill>0</fill></PolyStyle></Style>
	<ExtendedData><SchemaData schemaUrl="#jag_id_grid">
		<SimpleData name="env.jag_id">776</SimpleData>
	</SchemaData></ExtendedData>
      <Polygon><outerBoundaryIs><LinearRing><coordinates>18.43181140575,-34.2871764613333 18.43181140575,-34.284552951 18.434434916,-34.284552951 18.434434916,-34.2871764613333 18.43181140575,-34.2871764613333</coordinates></LinearRing></outerBoundaryIs></Polygon>
  </Placemark>
  <Placemark>
	<Style><LineStyle><color>ff0000ff</color></LineStyle><PolyStyle><fill>0</fill></PolyStyle></Style>
	<ExtendedData><SchemaData schemaUrl="#jag_id_grid">
		<SimpleData name="env.jag_id">816</SimpleData>
	</SchemaData></ExtendedData>
      <Polygon><outerBoundaryIs><LinearRing><coordinates>18.434434916,-34.2871764613333 18.434434916,-34.284552951 18.43705842625,-34.284552951 18.43705842625,-34.2871764613333 18.434434916,-34.2871764613333</coordinates></LinearRing></outerBoundaryIs></Polygon>
  </Placemark>
  <Placemark>
	<Style><LineStyle><color>ff0000ff</color></LineStyle><PolyStyle><fill>0</fill></PolyStyle></Style>
	<ExtendedData><SchemaData schemaUrl="#jag_id_grid">
		<SimpleData name="env.jag_id">856</SimpleData>
	</SchemaData></ExtendedData>
      <Polygon><outerBoundaryIs><LinearRing><coordinates>18.43705842625,-34.2871764613333 18.43705842625,-34.284552951 18.4396819365,-34.284552951 18.4396819365,-34.2871764613333 18.43705842625,-34.2871764613333</coordinates></LinearRing></outerBoundaryIs></Polygon>
  </Placemark>
  <Placemark>
	<Style><LineStyle><color>ff0000ff</color></LineStyle><PolyStyle><fill>0</fill></PolyStyle></Style>
	<ExtendedData><SchemaData schemaUrl="#jag_id_grid">
		<SimpleData name="env.jag_id">897</SimpleData>
	</SchemaData></ExtendedData>
      <Polygon><outerBoundaryIs><LinearRing><coordinates>18.4396819365,-34.2871764613333 18.4396819365,-34.284552951 18.44230544675,-34.284552951 18.44230544675,-34.2871764613333 18.4396819365,-34.2871764613333</coordinates></LinearRing></outerBoundaryIs></Polygon>
  </Placemark>
  <Placemark>
	<Style><LineStyle><color>ff0000ff</color></LineStyle><PolyStyle><fill>0</fill></PolyStyle></Style>
	<ExtendedData><SchemaData schemaUrl="#jag_id_grid">
		<SimpleData name="env.jag_id">938</SimpleData>
	</SchemaData></ExtendedData>
      <Polygon><outerBoundaryIs><LinearRing><coordinates>18.44230544675,-34.2871764613333 18.44230544675,-34.284552951 18.444928957,-34.284552951 18.444928957,-34.2871764613333 18.44230544675,-34.2871764613333</coordinates></LinearRing></outerBoundaryIs></Polygon>
  </Placemark>
  <Placemark>
	<Style><LineStyle><color>ff0000ff</color></LineStyle><PolyStyle><fill>0</fill></PolyStyle></Style>
	<ExtendedData><SchemaData schemaUrl="#jag_id_grid">
		<SimpleData name="env.jag_id">978</SimpleData>
	</SchemaData></ExtendedData>
      <Polygon><outerBoundaryIs><LinearRing><coordinates>18.444928957,-34.2871764613333 18.444928957,-34.284552951 18.44755246725,-34.284552951 18.44755246725,-34.2871764613333 18.444928957,-34.2871764613333</coordinates></LinearRing></outerBoundaryIs></Polygon>
  </Placemark>
  <Placemark>
	<Style><LineStyle><color>ff0000ff</color></LineStyle><PolyStyle><fill>0</fill></PolyStyle></Style>
	<ExtendedData><SchemaData schemaUrl="#jag_id_grid">
		<SimpleData name="env.jag_id">1023</SimpleData>
	</SchemaData></ExtendedData>
      <Polygon><outerBoundaryIs><LinearRing><coordinates>18.44755246725,-34.2871764613333 18.44755246725,-34.284552951 18.4501759775,-34.284552951 18.4501759775,-34.2871764613333 18.44755246725,-34.2871764613333</coordinates></LinearRing></outerBoundaryIs></Polygon>
  </Placemark>
  <Placemark>
	<Style><LineStyle><color>ff0000ff</color></LineStyle><PolyStyle><fill>0</fill></PolyStyle></Style>
	<ExtendedData><SchemaData schemaUrl="#jag_id_grid">
		<SimpleData name="env.jag_id">1069</SimpleData>
	</SchemaData></ExtendedData>
      <Polygon><outerBoundaryIs><LinearRing><coordinates>18.4501759775,-34.2871764613333 18.4501759775,-34.284552951 18.45279948775,-34.284552951 18.45279948775,-34.2871764613333 18.4501759775,-34.2871764613333</coordinates></LinearRing></outerBoundaryIs></Polygon>
  </Placemark>
  <Placemark>
	<Style><LineStyle><color>ff0000ff</color></LineStyle><PolyStyle><fill>0</fill></PolyStyle></Style>
	<ExtendedData><SchemaData schemaUrl="#jag_id_grid">
		<SimpleData name="env.jag_id">1109</SimpleData>
	</SchemaData></ExtendedData>
      <Polygon><outerBoundaryIs><LinearRing><coordinates>18.45279948775,-34.2871764613333 18.45279948775,-34.284552951 18.455422998,-34.284552951 18.455422998,-34.2871764613333 18.45279948775,-34.2871764613333</coordinates></LinearRing></outerBoundaryIs></Polygon>
  </Placemark>
  <Placemark>
	<Style><LineStyle><color>ff0000ff</color></LineStyle><PolyStyle><fill>0</fill></PolyStyle></Style>
	<ExtendedData><SchemaData schemaUrl="#jag_id_grid">
		<SimpleData name="env.jag_id">1151</SimpleData>
	</SchemaData></ExtendedData>
      <Polygon><outerBoundaryIs><LinearRing><coordinates>18.455422998,-34.2871764613333 18.455422998,-34.284552951 18.45804650825,-34.284552951 18.45804650825,-34.2871764613333 18.455422998,-34.2871764613333</coordinates></LinearRing></outerBoundaryIs></Polygon>
  </Placemark>
  <Placemark>
	<Style><LineStyle><color>ff0000ff</color></LineStyle><PolyStyle><fill>0</fill></PolyStyle></Style>
	<ExtendedData><SchemaData schemaUrl="#jag_id_grid">
		<SimpleData name="env.jag_id">1193</SimpleData>
	</SchemaData></ExtendedData>
      <Polygon><outerBoundaryIs><LinearRing><coordinates>18.45804650825,-34.2871764613333 18.45804650825,-34.284552951 18.4606700185,-34.284552951 18.4606700185,-34.2871764613333 18.45804650825,-34.2871764613333</coordinates></LinearRing></outerBoundaryIs></Polygon>
  </Placemark>
  <Placemark>
	<Style><LineStyle><color>ff0000ff</color></LineStyle><PolyStyle><fill>0</fill></PolyStyle></Style>
	<ExtendedData><SchemaData schemaUrl="#jag_id_grid">
		<SimpleData name="env.jag_id">1231</SimpleData>
	</SchemaData></ExtendedData>
      <Polygon><outerBoundaryIs><LinearRing><coordinates>18.4606700185,-34.2871764613333 18.4606700185,-34.284552951 18.46329352875,-34.284552951 18.46329352875,-34.2871764613333 18.4606700185,-34.2871764613333</coordinates></LinearRing></outerBoundaryIs></Polygon>
  </Placemark>
  <Placemark>
	<Style><LineStyle><color>ff0000ff</color></LineStyle><PolyStyle><fill>0</fill></PolyStyle></Style>
	<ExtendedData><SchemaData schemaUrl="#jag_id_grid">
		<SimpleData name="env.jag_id">1260</SimpleData>
	</SchemaData></ExtendedData>
      <Polygon><outerBoundaryIs><LinearRing><coordinates>18.46329352875,-34.2871764613333 18.46329352875,-34.284552951 18.465917039,-34.284552951 18.465917039,-34.2871764613333 18.46329352875,-34.2871764613333</coordinates></LinearRing></outerBoundaryIs></Polygon>
  </Placemark>
  <Placemark>
	<Style><LineStyle><color>ff0000ff</color></LineStyle><PolyStyle><fill>0</fill></PolyStyle></Style>
	<ExtendedData><SchemaData schemaUrl="#jag_id_grid">
		<SimpleData name="env.jag_id">1287</SimpleData>
	</SchemaData></ExtendedData>
      <Polygon><outerBoundaryIs><LinearRing><coordinates>18.465917039,-34.2871764613333 18.465917039,-34.284552951 18.46854054925,-34.284552951 18.46854054925,-34.2871764613333 18.465917039,-34.2871764613333</coordinates></LinearRing></outerBoundaryIs></Polygon>
  </Placemark>
  <Placemark>
	<Style><LineStyle><color>ff0000ff</color></LineStyle><PolyStyle><fill>0</fill></PolyStyle></Style>
	<ExtendedData><SchemaData schemaUrl="#jag_id_grid">
		<SimpleData name="env.jag_id">249</SimpleData>
	</SchemaData></ExtendedData>
      <Polygon><outerBoundaryIs><LinearRing><coordinates>18.3977057725,-34.2897999716667 18.3977057725,-34.2871764613333 18.40032928275,-34.2871764613333 18.40032928275,-34.2897999716667 18.3977057725,-34.2897999716667</coordinates></LinearRing></outerBoundaryIs></Polygon>
  </Placemark>
  <Placemark>
	<Style><LineStyle><color>ff0000ff</color></LineStyle><PolyStyle><fill>0</fill></PolyStyle></Style>
	<ExtendedData><SchemaData schemaUrl="#jag_id_grid">
		<SimpleData name="env.jag_id">282</SimpleData>
	</SchemaData></ExtendedData>
      <Polygon><outerBoundaryIs><LinearRing><coordinates>18.40032928275,-34.2897999716667 18.40032928275,-34.2871764613333 18.402952793,-34.2871764613333 18.402952793,-34.2897999716667 18.40032928275,-34.2897999716667</coordinates></LinearRing></outerBoundaryIs></Polygon>
  </Placemark>
  <Placemark>
	<Style><LineStyle><color>ff0000ff</color></LineStyle><PolyStyle><fill>0</fill></PolyStyle></Style>
	<ExtendedData><SchemaData schemaUrl="#jag_id_grid">
		<SimpleData name="env.jag_id">314</SimpleData>
	</SchemaData></ExtendedData>
      <Polygon><outerBoundaryIs><LinearRing><coordinates>18.402952793,-34.2897999716667 18.402952793,-34.2871764613333 18.40557630325,-34.2871764613333 18.40557630325,-34.2897999716667 18.402952793,-34.2897999716667</coordinates></LinearRing></outerBoundaryIs></Polygon>
  </Placemark>
  <Placemark>
	<Style><LineStyle><color>ff0000ff</color></LineStyle><PolyStyle><fill>0</fill></PolyStyle></Style>
	<ExtendedData><SchemaData schemaUrl="#jag_id_grid">
		<SimpleData name="env.jag_id">349</SimpleData>
	</SchemaData></ExtendedData>
      <Polygon><outerBoundaryIs><LinearRing><coordinates>18.40557630325,-34.2897999716667 18.40557630325,-34.2871764613333 18.4081998135,-34.2871764613333 18.4081998135,-34.2897999716667 18.40557630325,-34.2897999716667</coordinates></LinearRing></outerBoundaryIs></Polygon>
  </Placemark>
  <Placemark>
	<Style><LineStyle><color>ff0000ff</color></LineStyle><PolyStyle><fill>0</fill></PolyStyle></Style>
	<ExtendedData><SchemaData schemaUrl="#jag_id_grid">
		<SimpleData name="env.jag_id">387</SimpleData>
	</SchemaData></ExtendedData>
      <Polygon><outerBoundaryIs><LinearRing><coordinates>18.4081998135,-34.2897999716667 18.4081998135,-34.2871764613333 18.41082332375,-34.2871764613333 18.41082332375,-34.2897999716667 18.4081998135,-34.2897999716667</coordinates></LinearRing></outerBoundaryIs></Polygon>
  </Placemark>
  <Placemark>
	<Style><LineStyle><color>ff0000ff</color></LineStyle><PolyStyle><fill>0</fill></PolyStyle></Style>
	<ExtendedData><SchemaData schemaUrl="#jag_id_grid">
		<SimpleData name="env.jag_id">429</SimpleData>
	</SchemaData></ExtendedData>
      <Polygon><outerBoundaryIs><LinearRing><coordinates>18.41082332375,-34.2897999716667 18.41082332375,-34.2871764613333 18.413446834,-34.2871764613333 18.413446834,-34.2897999716667 18.41082332375,-34.2897999716667</coordinates></LinearRing></outerBoundaryIs></Polygon>
  </Placemark>
  <Placemark>
	<Style><LineStyle><color>ff0000ff</color></LineStyle><PolyStyle><fill>0</fill></PolyStyle></Style>
	<ExtendedData><SchemaData schemaUrl="#jag_id_grid">
		<SimpleData name="env.jag_id">472</SimpleData>
	</SchemaData></ExtendedData>
      <Polygon><outerBoundaryIs><LinearRing><coordinates>18.413446834,-34.2897999716667 18.413446834,-34.2871764613333 18.41607034425,-34.2871764613333 18.41607034425,-34.2897999716667 18.413446834,-34.2897999716667</coordinates></LinearRing></outerBoundaryIs></Polygon>
  </Placemark>
  <Placemark>
	<Style><LineStyle><color>ff0000ff</color></LineStyle><PolyStyle><fill>0</fill></PolyStyle></Style>
	<ExtendedData><SchemaData schemaUrl="#jag_id_grid">
		<SimpleData name="env.jag_id">517</SimpleData>
	</SchemaData></ExtendedData>
      <Polygon><outerBoundaryIs><LinearRing><coordinates>18.41607034425,-34.2897999716667 18.41607034425,-34.2871764613333 18.4186938545,-34.2871764613333 18.4186938545,-34.2897999716667 18.41607034425,-34.2897999716667</coordinates></LinearRing></outerBoundaryIs></Polygon>
  </Placemark>
  <Placemark>
	<Style><LineStyle><color>ff0000ff</color></LineStyle><PolyStyle><fill>0</fill></PolyStyle></Style>
	<ExtendedData><SchemaData schemaUrl="#jag_id_grid">
		<SimpleData name="env.jag_id">562</SimpleData>
	</SchemaData></ExtendedData>
      <Polygon><outerBoundaryIs><LinearRing><coordinates>18.4186938545,-34.2897999716667 18.4186938545,-34.2871764613333 18.42131736475,-34.2871764613333 18.42131736475,-34.2897999716667 18.4186938545,-34.2897999716667</coordinates></LinearRing></outerBoundaryIs></Polygon>
  </Placemark>
  <Placemark>
	<Style><LineStyle><color>ff0000ff</color></LineStyle><PolyStyle><fill>0</fill></PolyStyle></Style>
	<ExtendedData><SchemaData schemaUrl="#jag_id_grid">
		<SimpleData name="env.jag_id">608</SimpleData>
	</SchemaData></ExtendedData>
      <Polygon><outerBoundaryIs><LinearRing><coordinates>18.42131736475,-34.2897999716667 18.42131736475,-34.2871764613333 18.423940875,-34.2871764613333 18.423940875,-34.2897999716667 18.42131736475,-34.2897999716667</coordinates></LinearRing></outerBoundaryIs></Polygon>
  </Placemark>
  <Placemark>
	<Style><LineStyle><color>ff0000ff</color></LineStyle><PolyStyle><fill>0</fill></PolyStyle></Style>
	<ExtendedData><SchemaData schemaUrl="#jag_id_grid">
		<SimpleData name="env.jag_id">654</SimpleData>
	</SchemaData></ExtendedData>
      <Polygon><outerBoundaryIs><LinearRing><coordinates>18.423940875,-34.2897999716667 18.423940875,-34.2871764613333 18.42656438525,-34.2871764613333 18.42656438525,-34.2897999716667 18.423940875,-34.2897999716667</coordinates></LinearRing></outerBoundaryIs></Polygon>
  </Placemark>
  <Placemark>
	<Style><LineStyle><color>ff0000ff</color></LineStyle><PolyStyle><fill>0</fill></PolyStyle></Style>
	<ExtendedData><SchemaData schemaUrl="#jag_id_grid">
		<SimpleData name="env.jag_id">695</SimpleData>
	</SchemaData></ExtendedData>
      <Polygon><outerBoundaryIs><LinearRing><coordinates>18.42656438525,-34.2897999716667 18.42656438525,-34.2871764613333 18.4291878955,-34.2871764613333 18.4291878955,-34.2897999716667 18.42656438525,-34.2897999716667</coordinates></LinearRing></outerBoundaryIs></Polygon>
  </Placemark>
  <Placemark>
	<Style><LineStyle><color>ff0000ff</color></LineStyle><PolyStyle><fill>0</fill></PolyStyle></Style>
	<ExtendedData><SchemaData schemaUrl="#jag_id_grid">
		<SimpleData name="env.jag_id">738</SimpleData>
	</SchemaData></ExtendedData>
      <Polygon><outerBoundaryIs><LinearRing><coordinates>18.4291878955,-34.2897999716667 18.4291878955,-34.2871764613333 18.43181140575,-34.2871764613333 18.43181140575,-34.2897999716667 18.4291878955,-34.2897999716667</coordinates></LinearRing></outerBoundaryIs></Polygon>
  </Placemark>
  <Placemark>
	<Style><LineStyle><color>ff0000ff</color></LineStyle><PolyStyle><fill>0</fill></PolyStyle></Style>
	<ExtendedData><SchemaData schemaUrl="#jag_id_grid">
		<SimpleData name="env.jag_id">777</SimpleData>
	</SchemaData></ExtendedData>
      <Polygon><outerBoundaryIs><LinearRing><coordinates>18.43181140575,-34.2897999716667 18.43181140575,-34.2871764613333 18.434434916,-34.2871764613333 18.434434916,-34.2897999716667 18.43181140575,-34.2897999716667</coordinates></LinearRing></outerBoundaryIs></Polygon>
  </Placemark>
  <Placemark>
	<Style><LineStyle><color>ff0000ff</color></LineStyle><PolyStyle><fill>0</fill></PolyStyle></Style>
	<ExtendedData><SchemaData schemaUrl="#jag_id_grid">
		<SimpleData name="env.jag_id">817</SimpleData>
	</SchemaData></ExtendedData>
      <Polygon><outerBoundaryIs><LinearRing><coordinates>18.434434916,-34.2897999716667 18.434434916,-34.2871764613333 18.43705842625,-34.2871764613333 18.43705842625,-34.2897999716667 18.434434916,-34.2897999716667</coordinates></LinearRing></outerBoundaryIs></Polygon>
  </Placemark>
  <Placemark>
	<Style><LineStyle><color>ff0000ff</color></LineStyle><PolyStyle><fill>0</fill></PolyStyle></Style>
	<ExtendedData><SchemaData schemaUrl="#jag_id_grid">
		<SimpleData name="env.jag_id">857</SimpleData>
	</SchemaData></ExtendedData>
      <Polygon><outerBoundaryIs><LinearRing><coordinates>18.43705842625,-34.2897999716667 18.43705842625,-34.2871764613333 18.4396819365,-34.2871764613333 18.4396819365,-34.2897999716667 18.43705842625,-34.2897999716667</coordinates></LinearRing></outerBoundaryIs></Polygon>
  </Placemark>
  <Placemark>
	<Style><LineStyle><color>ff0000ff</color></LineStyle><PolyStyle><fill>0</fill></PolyStyle></Style>
	<ExtendedData><SchemaData schemaUrl="#jag_id_grid">
		<SimpleData name="env.jag_id">898</SimpleData>
	</SchemaData></ExtendedData>
      <Polygon><outerBoundaryIs><LinearRing><coordinates>18.4396819365,-34.2897999716667 18.4396819365,-34.2871764613333 18.44230544675,-34.2871764613333 18.44230544675,-34.2897999716667 18.4396819365,-34.2897999716667</coordinates></LinearRing></outerBoundaryIs></Polygon>
  </Placemark>
  <Placemark>
	<Style><LineStyle><color>ff0000ff</color></LineStyle><PolyStyle><fill>0</fill></PolyStyle></Style>
	<ExtendedData><SchemaData schemaUrl="#jag_id_grid">
		<SimpleData name="env.jag_id">939</SimpleData>
	</SchemaData></ExtendedData>
      <Polygon><outerBoundaryIs><LinearRing><coordinates>18.44230544675,-34.2897999716667 18.44230544675,-34.2871764613333 18.444928957,-34.2871764613333 18.444928957,-34.2897999716667 18.44230544675,-34.2897999716667</coordinates></LinearRing></outerBoundaryIs></Polygon>
  </Placemark>
  <Placemark>
	<Style><LineStyle><color>ff0000ff</color></LineStyle><PolyStyle><fill>0</fill></PolyStyle></Style>
	<ExtendedData><SchemaData schemaUrl="#jag_id_grid">
		<SimpleData name="env.jag_id">979</SimpleData>
	</SchemaData></ExtendedData>
      <Polygon><outerBoundaryIs><LinearRing><coordinates>18.444928957,-34.2897999716667 18.444928957,-34.2871764613333 18.44755246725,-34.2871764613333 18.44755246725,-34.2897999716667 18.444928957,-34.2897999716667</coordinates></LinearRing></outerBoundaryIs></Polygon>
  </Placemark>
  <Placemark>
	<Style><LineStyle><color>ff0000ff</color></LineStyle><PolyStyle><fill>0</fill></PolyStyle></Style>
	<ExtendedData><SchemaData schemaUrl="#jag_id_grid">
		<SimpleData name="env.jag_id">1024</SimpleData>
	</SchemaData></ExtendedData>
      <Polygon><outerBoundaryIs><LinearRing><coordinates>18.44755246725,-34.2897999716667 18.44755246725,-34.2871764613333 18.4501759775,-34.2871764613333 18.4501759775,-34.2897999716667 18.44755246725,-34.2897999716667</coordinates></LinearRing></outerBoundaryIs></Polygon>
  </Placemark>
  <Placemark>
	<Style><LineStyle><color>ff0000ff</color></LineStyle><PolyStyle><fill>0</fill></PolyStyle></Style>
	<ExtendedData><SchemaData schemaUrl="#jag_id_grid">
		<SimpleData name="env.jag_id">1070</SimpleData>
	</SchemaData></ExtendedData>
      <Polygon><outerBoundaryIs><LinearRing><coordinates>18.4501759775,-34.2897999716667 18.4501759775,-34.2871764613333 18.45279948775,-34.2871764613333 18.45279948775,-34.2897999716667 18.4501759775,-34.2897999716667</coordinates></LinearRing></outerBoundaryIs></Polygon>
  </Placemark>
  <Placemark>
	<Style><LineStyle><color>ff0000ff</color></LineStyle><PolyStyle><fill>0</fill></PolyStyle></Style>
	<ExtendedData><SchemaData schemaUrl="#jag_id_grid">
		<SimpleData name="env.jag_id">1110</SimpleData>
	</SchemaData></ExtendedData>
      <Polygon><outerBoundaryIs><LinearRing><coordinates>18.45279948775,-34.2897999716667 18.45279948775,-34.2871764613333 18.455422998,-34.2871764613333 18.455422998,-34.2897999716667 18.45279948775,-34.2897999716667</coordinates></LinearRing></outerBoundaryIs></Polygon>
  </Placemark>
  <Placemark>
	<Style><LineStyle><color>ff0000ff</color></LineStyle><PolyStyle><fill>0</fill></PolyStyle></Style>
	<ExtendedData><SchemaData schemaUrl="#jag_id_grid">
		<SimpleData name="env.jag_id">1152</SimpleData>
	</SchemaData></ExtendedData>
      <Polygon><outerBoundaryIs><LinearRing><coordinates>18.455422998,-34.2897999716667 18.455422998,-34.2871764613333 18.45804650825,-34.2871764613333 18.45804650825,-34.2897999716667 18.455422998,-34.2897999716667</coordinates></LinearRing></outerBoundaryIs></Polygon>
  </Placemark>
  <Placemark>
	<Style><LineStyle><color>ff0000ff</color></LineStyle><PolyStyle><fill>0</fill></PolyStyle></Style>
	<ExtendedData><SchemaData schemaUrl="#jag_id_grid">
		<SimpleData name="env.jag_id">1194</SimpleData>
	</SchemaData></ExtendedData>
      <Polygon><outerBoundaryIs><LinearRing><coordinates>18.45804650825,-34.2897999716667 18.45804650825,-34.2871764613333 18.4606700185,-34.2871764613333 18.4606700185,-34.2897999716667 18.45804650825,-34.2897999716667</coordinates></LinearRing></outerBoundaryIs></Polygon>
  </Placemark>
  <Placemark>
	<Style><LineStyle><color>ff0000ff</color></LineStyle><PolyStyle><fill>0</fill></PolyStyle></Style>
	<ExtendedData><SchemaData schemaUrl="#jag_id_grid">
		<SimpleData name="env.jag_id">1232</SimpleData>
	</SchemaData></ExtendedData>
      <Polygon><outerBoundaryIs><LinearRing><coordinates>18.4606700185,-34.2897999716667 18.4606700185,-34.2871764613333 18.46329352875,-34.2871764613333 18.46329352875,-34.2897999716667 18.4606700185,-34.2897999716667</coordinates></LinearRing></outerBoundaryIs></Polygon>
  </Placemark>
  <Placemark>
	<Style><LineStyle><color>ff0000ff</color></LineStyle><PolyStyle><fill>0</fill></PolyStyle></Style>
	<ExtendedData><SchemaData schemaUrl="#jag_id_grid">
		<SimpleData name="env.jag_id">1261</SimpleData>
	</SchemaData></ExtendedData>
      <Polygon><outerBoundaryIs><LinearRing><coordinates>18.46329352875,-34.2897999716667 18.46329352875,-34.2871764613333 18.465917039,-34.2871764613333 18.465917039,-34.2897999716667 18.46329352875,-34.2897999716667</coordinates></LinearRing></outerBoundaryIs></Polygon>
  </Placemark>
  <Placemark>
	<Style><LineStyle><color>ff0000ff</color></LineStyle><PolyStyle><fill>0</fill></PolyStyle></Style>
	<ExtendedData><SchemaData schemaUrl="#jag_id_grid">
		<SimpleData name="env.jag_id">315</SimpleData>
	</SchemaData></ExtendedData>
      <Polygon><outerBoundaryIs><LinearRing><coordinates>18.402952793,-34.292423482 18.402952793,-34.2897999716667 18.40557630325,-34.2897999716667 18.40557630325,-34.292423482 18.402952793,-34.292423482</coordinates></LinearRing></outerBoundaryIs></Polygon>
  </Placemark>
  <Placemark>
	<Style><LineStyle><color>ff0000ff</color></LineStyle><PolyStyle><fill>0</fill></PolyStyle></Style>
	<ExtendedData><SchemaData schemaUrl="#jag_id_grid">
		<SimpleData name="env.jag_id">350</SimpleData>
	</SchemaData></ExtendedData>
      <Polygon><outerBoundaryIs><LinearRing><coordinates>18.40557630325,-34.292423482 18.40557630325,-34.2897999716667 18.4081998135,-34.2897999716667 18.4081998135,-34.292423482 18.40557630325,-34.292423482</coordinates></LinearRing></outerBoundaryIs></Polygon>
  </Placemark>
  <Placemark>
	<Style><LineStyle><color>ff0000ff</color></LineStyle><PolyStyle><fill>0</fill></PolyStyle></Style>
	<ExtendedData><SchemaData schemaUrl="#jag_id_grid">
		<SimpleData name="env.jag_id">388</SimpleData>
	</SchemaData></ExtendedData>
      <Polygon><outerBoundaryIs><LinearRing><coordinates>18.4081998135,-34.292423482 18.4081998135,-34.2897999716667 18.41082332375,-34.2897999716667 18.41082332375,-34.292423482 18.4081998135,-34.292423482</coordinates></LinearRing></outerBoundaryIs></Polygon>
  </Placemark>
  <Placemark>
	<Style><LineStyle><color>ff0000ff</color></LineStyle><PolyStyle><fill>0</fill></PolyStyle></Style>
	<ExtendedData><SchemaData schemaUrl="#jag_id_grid">
		<SimpleData name="env.jag_id">430</SimpleData>
	</SchemaData></ExtendedData>
      <Polygon><outerBoundaryIs><LinearRing><coordinates>18.41082332375,-34.292423482 18.41082332375,-34.2897999716667 18.413446834,-34.2897999716667 18.413446834,-34.292423482 18.41082332375,-34.292423482</coordinates></LinearRing></outerBoundaryIs></Polygon>
  </Placemark>
  <Placemark>
	<Style><LineStyle><color>ff0000ff</color></LineStyle><PolyStyle><fill>0</fill></PolyStyle></Style>
	<ExtendedData><SchemaData schemaUrl="#jag_id_grid">
		<SimpleData name="env.jag_id">473</SimpleData>
	</SchemaData></ExtendedData>
      <Polygon><outerBoundaryIs><LinearRing><coordinates>18.413446834,-34.292423482 18.413446834,-34.2897999716667 18.41607034425,-34.2897999716667 18.41607034425,-34.292423482 18.413446834,-34.292423482</coordinates></LinearRing></outerBoundaryIs></Polygon>
  </Placemark>
  <Placemark>
	<Style><LineStyle><color>ff0000ff</color></LineStyle><PolyStyle><fill>0</fill></PolyStyle></Style>
	<ExtendedData><SchemaData schemaUrl="#jag_id_grid">
		<SimpleData name="env.jag_id">518</SimpleData>
	</SchemaData></ExtendedData>
      <Polygon><outerBoundaryIs><LinearRing><coordinates>18.41607034425,-34.292423482 18.41607034425,-34.2897999716667 18.4186938545,-34.2897999716667 18.4186938545,-34.292423482 18.41607034425,-34.292423482</coordinates></LinearRing></outerBoundaryIs></Polygon>
  </Placemark>
  <Placemark>
	<Style><LineStyle><color>ff0000ff</color></LineStyle><PolyStyle><fill>0</fill></PolyStyle></Style>
	<ExtendedData><SchemaData schemaUrl="#jag_id_grid">
		<SimpleData name="env.jag_id">563</SimpleData>
	</SchemaData></ExtendedData>
      <Polygon><outerBoundaryIs><LinearRing><coordinates>18.4186938545,-34.292423482 18.4186938545,-34.2897999716667 18.42131736475,-34.2897999716667 18.42131736475,-34.292423482 18.4186938545,-34.292423482</coordinates></LinearRing></outerBoundaryIs></Polygon>
  </Placemark>
  <Placemark>
	<Style><LineStyle><color>ff0000ff</color></LineStyle><PolyStyle><fill>0</fill></PolyStyle></Style>
	<ExtendedData><SchemaData schemaUrl="#jag_id_grid">
		<SimpleData name="env.jag_id">609</SimpleData>
	</SchemaData></ExtendedData>
      <Polygon><outerBoundaryIs><LinearRing><coordinates>18.42131736475,-34.292423482 18.42131736475,-34.2897999716667 18.423940875,-34.2897999716667 18.423940875,-34.292423482 18.42131736475,-34.292423482</coordinates></LinearRing></outerBoundaryIs></Polygon>
  </Placemark>
  <Placemark>
	<Style><LineStyle><color>ff0000ff</color></LineStyle><PolyStyle><fill>0</fill></PolyStyle></Style>
	<ExtendedData><SchemaData schemaUrl="#jag_id_grid">
		<SimpleData name="env.jag_id">655</SimpleData>
	</SchemaData></ExtendedData>
      <Polygon><outerBoundaryIs><LinearRing><coordinates>18.423940875,-34.292423482 18.423940875,-34.2897999716667 18.42656438525,-34.2897999716667 18.42656438525,-34.292423482 18.423940875,-34.292423482</coordinates></LinearRing></outerBoundaryIs></Polygon>
  </Placemark>
  <Placemark>
	<Style><LineStyle><color>ff0000ff</color></LineStyle><PolyStyle><fill>0</fill></PolyStyle></Style>
	<ExtendedData><SchemaData schemaUrl="#jag_id_grid">
		<SimpleData name="env.jag_id">696</SimpleData>
	</SchemaData></ExtendedData>
      <Polygon><outerBoundaryIs><LinearRing><coordinates>18.42656438525,-34.292423482 18.42656438525,-34.2897999716667 18.4291878955,-34.2897999716667 18.4291878955,-34.292423482 18.42656438525,-34.292423482</coordinates></LinearRing></outerBoundaryIs></Polygon>
  </Placemark>
  <Placemark>
	<Style><LineStyle><color>ff0000ff</color></LineStyle><PolyStyle><fill>0</fill></PolyStyle></Style>
	<ExtendedData><SchemaData schemaUrl="#jag_id_grid">
		<SimpleData name="env.jag_id">739</SimpleData>
	</SchemaData></ExtendedData>
      <Polygon><outerBoundaryIs><LinearRing><coordinates>18.4291878955,-34.292423482 18.4291878955,-34.2897999716667 18.43181140575,-34.2897999716667 18.43181140575,-34.292423482 18.4291878955,-34.292423482</coordinates></LinearRing></outerBoundaryIs></Polygon>
  </Placemark>
  <Placemark>
	<Style><LineStyle><color>ff0000ff</color></LineStyle><PolyStyle><fill>0</fill></PolyStyle></Style>
	<ExtendedData><SchemaData schemaUrl="#jag_id_grid">
		<SimpleData name="env.jag_id">778</SimpleData>
	</SchemaData></ExtendedData>
      <Polygon><outerBoundaryIs><LinearRing><coordinates>18.43181140575,-34.292423482 18.43181140575,-34.2897999716667 18.434434916,-34.2897999716667 18.434434916,-34.292423482 18.43181140575,-34.292423482</coordinates></LinearRing></outerBoundaryIs></Polygon>
  </Placemark>
  <Placemark>
	<Style><LineStyle><color>ff0000ff</color></LineStyle><PolyStyle><fill>0</fill></PolyStyle></Style>
	<ExtendedData><SchemaData schemaUrl="#jag_id_grid">
		<SimpleData name="env.jag_id">818</SimpleData>
	</SchemaData></ExtendedData>
      <Polygon><outerBoundaryIs><LinearRing><coordinates>18.434434916,-34.292423482 18.434434916,-34.2897999716667 18.43705842625,-34.2897999716667 18.43705842625,-34.292423482 18.434434916,-34.292423482</coordinates></LinearRing></outerBoundaryIs></Polygon>
  </Placemark>
  <Placemark>
	<Style><LineStyle><color>ff0000ff</color></LineStyle><PolyStyle><fill>0</fill></PolyStyle></Style>
	<ExtendedData><SchemaData schemaUrl="#jag_id_grid">
		<SimpleData name="env.jag_id">858</SimpleData>
	</SchemaData></ExtendedData>
      <Polygon><outerBoundaryIs><LinearRing><coordinates>18.43705842625,-34.292423482 18.43705842625,-34.2897999716667 18.4396819365,-34.2897999716667 18.4396819365,-34.292423482 18.43705842625,-34.292423482</coordinates></LinearRing></outerBoundaryIs></Polygon>
  </Placemark>
  <Placemark>
	<Style><LineStyle><color>ff0000ff</color></LineStyle><PolyStyle><fill>0</fill></PolyStyle></Style>
	<ExtendedData><SchemaData schemaUrl="#jag_id_grid">
		<SimpleData name="env.jag_id">899</SimpleData>
	</SchemaData></ExtendedData>
      <Polygon><outerBoundaryIs><LinearRing><coordinates>18.4396819365,-34.292423482 18.4396819365,-34.2897999716667 18.44230544675,-34.2897999716667 18.44230544675,-34.292423482 18.4396819365,-34.292423482</coordinates></LinearRing></outerBoundaryIs></Polygon>
  </Placemark>
  <Placemark>
	<Style><LineStyle><color>ff0000ff</color></LineStyle><PolyStyle><fill>0</fill></PolyStyle></Style>
	<ExtendedData><SchemaData schemaUrl="#jag_id_grid">
		<SimpleData name="env.jag_id">940</SimpleData>
	</SchemaData></ExtendedData>
      <Polygon><outerBoundaryIs><LinearRing><coordinates>18.44230544675,-34.292423482 18.44230544675,-34.2897999716667 18.444928957,-34.2897999716667 18.444928957,-34.292423482 18.44230544675,-34.292423482</coordinates></LinearRing></outerBoundaryIs></Polygon>
  </Placemark>
  <Placemark>
	<Style><LineStyle><color>ff0000ff</color></LineStyle><PolyStyle><fill>0</fill></PolyStyle></Style>
	<ExtendedData><SchemaData schemaUrl="#jag_id_grid">
		<SimpleData name="env.jag_id">980</SimpleData>
	</SchemaData></ExtendedData>
      <Polygon><outerBoundaryIs><LinearRing><coordinates>18.444928957,-34.292423482 18.444928957,-34.2897999716667 18.44755246725,-34.2897999716667 18.44755246725,-34.292423482 18.444928957,-34.292423482</coordinates></LinearRing></outerBoundaryIs></Polygon>
  </Placemark>
  <Placemark>
	<Style><LineStyle><color>ff0000ff</color></LineStyle><PolyStyle><fill>0</fill></PolyStyle></Style>
	<ExtendedData><SchemaData schemaUrl="#jag_id_grid">
		<SimpleData name="env.jag_id">1025</SimpleData>
	</SchemaData></ExtendedData>
      <Polygon><outerBoundaryIs><LinearRing><coordinates>18.44755246725,-34.292423482 18.44755246725,-34.2897999716667 18.4501759775,-34.2897999716667 18.4501759775,-34.292423482 18.44755246725,-34.292423482</coordinates></LinearRing></outerBoundaryIs></Polygon>
  </Placemark>
  <Placemark>
	<Style><LineStyle><color>ff0000ff</color></LineStyle><PolyStyle><fill>0</fill></PolyStyle></Style>
	<ExtendedData><SchemaData schemaUrl="#jag_id_grid">
		<SimpleData name="env.jag_id">1071</SimpleData>
	</SchemaData></ExtendedData>
      <Polygon><outerBoundaryIs><LinearRing><coordinates>18.4501759775,-34.292423482 18.4501759775,-34.2897999716667 18.45279948775,-34.2897999716667 18.45279948775,-34.292423482 18.4501759775,-34.292423482</coordinates></LinearRing></outerBoundaryIs></Polygon>
  </Placemark>
  <Placemark>
	<Style><LineStyle><color>ff0000ff</color></LineStyle><PolyStyle><fill>0</fill></PolyStyle></Style>
	<ExtendedData><SchemaData schemaUrl="#jag_id_grid">
		<SimpleData name="env.jag_id">1111</SimpleData>
	</SchemaData></ExtendedData>
      <Polygon><outerBoundaryIs><LinearRing><coordinates>18.45279948775,-34.292423482 18.45279948775,-34.2897999716667 18.455422998,-34.2897999716667 18.455422998,-34.292423482 18.45279948775,-34.292423482</coordinates></LinearRing></outerBoundaryIs></Polygon>
  </Placemark>
  <Placemark>
	<Style><LineStyle><color>ff0000ff</color></LineStyle><PolyStyle><fill>0</fill></PolyStyle></Style>
	<ExtendedData><SchemaData schemaUrl="#jag_id_grid">
		<SimpleData name="env.jag_id">1153</SimpleData>
	</SchemaData></ExtendedData>
      <Polygon><outerBoundaryIs><LinearRing><coordinates>18.455422998,-34.292423482 18.455422998,-34.2897999716667 18.45804650825,-34.2897999716667 18.45804650825,-34.292423482 18.455422998,-34.292423482</coordinates></LinearRing></outerBoundaryIs></Polygon>
  </Placemark>
  <Placemark>
	<Style><LineStyle><color>ff0000ff</color></LineStyle><PolyStyle><fill>0</fill></PolyStyle></Style>
	<ExtendedData><SchemaData schemaUrl="#jag_id_grid">
		<SimpleData name="env.jag_id">1195</SimpleData>
	</SchemaData></ExtendedData>
      <Polygon><outerBoundaryIs><LinearRing><coordinates>18.45804650825,-34.292423482 18.45804650825,-34.2897999716667 18.4606700185,-34.2897999716667 18.4606700185,-34.292423482 18.45804650825,-34.292423482</coordinates></LinearRing></outerBoundaryIs></Polygon>
  </Placemark>
  <Placemark>
	<Style><LineStyle><color>ff0000ff</color></LineStyle><PolyStyle><fill>0</fill></PolyStyle></Style>
	<ExtendedData><SchemaData schemaUrl="#jag_id_grid">
		<SimpleData name="env.jag_id">1233</SimpleData>
	</SchemaData></ExtendedData>
      <Polygon><outerBoundaryIs><LinearRing><coordinates>18.4606700185,-34.292423482 18.4606700185,-34.2897999716667 18.46329352875,-34.2897999716667 18.46329352875,-34.292423482 18.4606700185,-34.292423482</coordinates></LinearRing></outerBoundaryIs></Polygon>
  </Placemark>
  <Placemark>
	<Style><LineStyle><color>ff0000ff</color></LineStyle><PolyStyle><fill>0</fill></PolyStyle></Style>
	<ExtendedData><SchemaData schemaUrl="#jag_id_grid">
		<SimpleData name="env.jag_id">1262</SimpleData>
	</SchemaData></ExtendedData>
      <Polygon><outerBoundaryIs><LinearRing><coordinates>18.46329352875,-34.292423482 18.46329352875,-34.2897999716667 18.465917039,-34.2897999716667 18.465917039,-34.292423482 18.46329352875,-34.292423482</coordinates></LinearRing></outerBoundaryIs></Polygon>
  </Placemark>
  <Placemark>
	<Style><LineStyle><color>ff0000ff</color></LineStyle><PolyStyle><fill>0</fill></PolyStyle></Style>
	<ExtendedData><SchemaData schemaUrl="#jag_id_grid">
		<SimpleData name="env.jag_id">283</SimpleData>
	</SchemaData></ExtendedData>
      <Polygon><outerBoundaryIs><LinearRing><coordinates>18.40032928275,-34.2950469923333 18.40032928275,-34.292423482 18.402952793,-34.292423482 18.402952793,-34.2950469923333 18.40032928275,-34.2950469923333</coordinates></LinearRing></outerBoundaryIs></Polygon>
  </Placemark>
  <Placemark>
	<Style><LineStyle><color>ff0000ff</color></LineStyle><PolyStyle><fill>0</fill></PolyStyle></Style>
	<ExtendedData><SchemaData schemaUrl="#jag_id_grid">
		<SimpleData name="env.jag_id">316</SimpleData>
	</SchemaData></ExtendedData>
      <Polygon><outerBoundaryIs><LinearRing><coordinates>18.402952793,-34.2950469923333 18.402952793,-34.292423482 18.40557630325,-34.292423482 18.40557630325,-34.2950469923333 18.402952793,-34.2950469923333</coordinates></LinearRing></outerBoundaryIs></Polygon>
  </Placemark>
  <Placemark>
	<Style><LineStyle><color>ff0000ff</color></LineStyle><PolyStyle><fill>0</fill></PolyStyle></Style>
	<ExtendedData><SchemaData schemaUrl="#jag_id_grid">
		<SimpleData name="env.jag_id">351</SimpleData>
	</SchemaData></ExtendedData>
      <Polygon><outerBoundaryIs><LinearRing><coordinates>18.40557630325,-34.2950469923333 18.40557630325,-34.292423482 18.4081998135,-34.292423482 18.4081998135,-34.2950469923333 18.40557630325,-34.2950469923333</coordinates></LinearRing></outerBoundaryIs></Polygon>
  </Placemark>
  <Placemark>
	<Style><LineStyle><color>ff0000ff</color></LineStyle><PolyStyle><fill>0</fill></PolyStyle></Style>
	<ExtendedData><SchemaData schemaUrl="#jag_id_grid">
		<SimpleData name="env.jag_id">389</SimpleData>
	</SchemaData></ExtendedData>
      <Polygon><outerBoundaryIs><LinearRing><coordinates>18.4081998135,-34.2950469923333 18.4081998135,-34.292423482 18.41082332375,-34.292423482 18.41082332375,-34.2950469923333 18.4081998135,-34.2950469923333</coordinates></LinearRing></outerBoundaryIs></Polygon>
  </Placemark>
  <Placemark>
	<Style><LineStyle><color>ff0000ff</color></LineStyle><PolyStyle><fill>0</fill></PolyStyle></Style>
	<ExtendedData><SchemaData schemaUrl="#jag_id_grid">
		<SimpleData name="env.jag_id">431</SimpleData>
	</SchemaData></ExtendedData>
      <Polygon><outerBoundaryIs><LinearRing><coordinates>18.41082332375,-34.2950469923333 18.41082332375,-34.292423482 18.413446834,-34.292423482 18.413446834,-34.2950469923333 18.41082332375,-34.2950469923333</coordinates></LinearRing></outerBoundaryIs></Polygon>
  </Placemark>
  <Placemark>
	<Style><LineStyle><color>ff0000ff</color></LineStyle><PolyStyle><fill>0</fill></PolyStyle></Style>
	<ExtendedData><SchemaData schemaUrl="#jag_id_grid">
		<SimpleData name="env.jag_id">474</SimpleData>
	</SchemaData></ExtendedData>
      <Polygon><outerBoundaryIs><LinearRing><coordinates>18.413446834,-34.2950469923333 18.413446834,-34.292423482 18.41607034425,-34.292423482 18.41607034425,-34.2950469923333 18.413446834,-34.2950469923333</coordinates></LinearRing></outerBoundaryIs></Polygon>
  </Placemark>
  <Placemark>
	<Style><LineStyle><color>ff0000ff</color></LineStyle><PolyStyle><fill>0</fill></PolyStyle></Style>
	<ExtendedData><SchemaData schemaUrl="#jag_id_grid">
		<SimpleData name="env.jag_id">519</SimpleData>
	</SchemaData></ExtendedData>
      <Polygon><outerBoundaryIs><LinearRing><coordinates>18.41607034425,-34.2950469923333 18.41607034425,-34.292423482 18.4186938545,-34.292423482 18.4186938545,-34.2950469923333 18.41607034425,-34.2950469923333</coordinates></LinearRing></outerBoundaryIs></Polygon>
  </Placemark>
  <Placemark>
	<Style><LineStyle><color>ff0000ff</color></LineStyle><PolyStyle><fill>0</fill></PolyStyle></Style>
	<ExtendedData><SchemaData schemaUrl="#jag_id_grid">
		<SimpleData name="env.jag_id">564</SimpleData>
	</SchemaData></ExtendedData>
      <Polygon><outerBoundaryIs><LinearRing><coordinates>18.4186938545,-34.2950469923333 18.4186938545,-34.292423482 18.42131736475,-34.292423482 18.42131736475,-34.2950469923333 18.4186938545,-34.2950469923333</coordinates></LinearRing></outerBoundaryIs></Polygon>
  </Placemark>
  <Placemark>
	<Style><LineStyle><color>ff0000ff</color></LineStyle><PolyStyle><fill>0</fill></PolyStyle></Style>
	<ExtendedData><SchemaData schemaUrl="#jag_id_grid">
		<SimpleData name="env.jag_id">610</SimpleData>
	</SchemaData></ExtendedData>
      <Polygon><outerBoundaryIs><LinearRing><coordinates>18.42131736475,-34.2950469923333 18.42131736475,-34.292423482 18.423940875,-34.292423482 18.423940875,-34.2950469923333 18.42131736475,-34.2950469923333</coordinates></LinearRing></outerBoundaryIs></Polygon>
  </Placemark>
  <Placemark>
	<Style><LineStyle><color>ff0000ff</color></LineStyle><PolyStyle><fill>0</fill></PolyStyle></Style>
	<ExtendedData><SchemaData schemaUrl="#jag_id_grid">
		<SimpleData name="env.jag_id">656</SimpleData>
	</SchemaData></ExtendedData>
      <Polygon><outerBoundaryIs><LinearRing><coordinates>18.423940875,-34.2950469923333 18.423940875,-34.292423482 18.42656438525,-34.292423482 18.42656438525,-34.2950469923333 18.423940875,-34.2950469923333</coordinates></LinearRing></outerBoundaryIs></Polygon>
  </Placemark>
  <Placemark>
	<Style><LineStyle><color>ff0000ff</color></LineStyle><PolyStyle><fill>0</fill></PolyStyle></Style>
	<ExtendedData><SchemaData schemaUrl="#jag_id_grid">
		<SimpleData name="env.jag_id">697</SimpleData>
	</SchemaData></ExtendedData>
      <Polygon><outerBoundaryIs><LinearRing><coordinates>18.42656438525,-34.2950469923333 18.42656438525,-34.292423482 18.4291878955,-34.292423482 18.4291878955,-34.2950469923333 18.42656438525,-34.2950469923333</coordinates></LinearRing></outerBoundaryIs></Polygon>
  </Placemark>
  <Placemark>
	<Style><LineStyle><color>ff0000ff</color></LineStyle><PolyStyle><fill>0</fill></PolyStyle></Style>
	<ExtendedData><SchemaData schemaUrl="#jag_id_grid">
		<SimpleData name="env.jag_id">740</SimpleData>
	</SchemaData></ExtendedData>
      <Polygon><outerBoundaryIs><LinearRing><coordinates>18.4291878955,-34.2950469923333 18.4291878955,-34.292423482 18.43181140575,-34.292423482 18.43181140575,-34.2950469923333 18.4291878955,-34.2950469923333</coordinates></LinearRing></outerBoundaryIs></Polygon>
  </Placemark>
  <Placemark>
	<Style><LineStyle><color>ff0000ff</color></LineStyle><PolyStyle><fill>0</fill></PolyStyle></Style>
	<ExtendedData><SchemaData schemaUrl="#jag_id_grid">
		<SimpleData name="env.jag_id">779</SimpleData>
	</SchemaData></ExtendedData>
      <Polygon><outerBoundaryIs><LinearRing><coordinates>18.43181140575,-34.2950469923333 18.43181140575,-34.292423482 18.434434916,-34.292423482 18.434434916,-34.2950469923333 18.43181140575,-34.2950469923333</coordinates></LinearRing></outerBoundaryIs></Polygon>
  </Placemark>
  <Placemark>
	<Style><LineStyle><color>ff0000ff</color></LineStyle><PolyStyle><fill>0</fill></PolyStyle></Style>
	<ExtendedData><SchemaData schemaUrl="#jag_id_grid">
		<SimpleData name="env.jag_id">819</SimpleData>
	</SchemaData></ExtendedData>
      <Polygon><outerBoundaryIs><LinearRing><coordinates>18.434434916,-34.2950469923333 18.434434916,-34.292423482 18.43705842625,-34.292423482 18.43705842625,-34.2950469923333 18.434434916,-34.2950469923333</coordinates></LinearRing></outerBoundaryIs></Polygon>
  </Placemark>
  <Placemark>
	<Style><LineStyle><color>ff0000ff</color></LineStyle><PolyStyle><fill>0</fill></PolyStyle></Style>
	<ExtendedData><SchemaData schemaUrl="#jag_id_grid">
		<SimpleData name="env.jag_id">859</SimpleData>
	</SchemaData></ExtendedData>
      <Polygon><outerBoundaryIs><LinearRing><coordinates>18.43705842625,-34.2950469923333 18.43705842625,-34.292423482 18.4396819365,-34.292423482 18.4396819365,-34.2950469923333 18.43705842625,-34.2950469923333</coordinates></LinearRing></outerBoundaryIs></Polygon>
  </Placemark>
  <Placemark>
	<Style><LineStyle><color>ff0000ff</color></LineStyle><PolyStyle><fill>0</fill></PolyStyle></Style>
	<ExtendedData><SchemaData schemaUrl="#jag_id_grid">
		<SimpleData name="env.jag_id">900</SimpleData>
	</SchemaData></ExtendedData>
      <Polygon><outerBoundaryIs><LinearRing><coordinates>18.4396819365,-34.2950469923333 18.4396819365,-34.292423482 18.44230544675,-34.292423482 18.44230544675,-34.2950469923333 18.4396819365,-34.2950469923333</coordinates></LinearRing></outerBoundaryIs></Polygon>
  </Placemark>
  <Placemark>
	<Style><LineStyle><color>ff0000ff</color></LineStyle><PolyStyle><fill>0</fill></PolyStyle></Style>
	<ExtendedData><SchemaData schemaUrl="#jag_id_grid">
		<SimpleData name="env.jag_id">941</SimpleData>
	</SchemaData></ExtendedData>
      <Polygon><outerBoundaryIs><LinearRing><coordinates>18.44230544675,-34.2950469923333 18.44230544675,-34.292423482 18.444928957,-34.292423482 18.444928957,-34.2950469923333 18.44230544675,-34.2950469923333</coordinates></LinearRing></outerBoundaryIs></Polygon>
  </Placemark>
  <Placemark>
	<Style><LineStyle><color>ff0000ff</color></LineStyle><PolyStyle><fill>0</fill></PolyStyle></Style>
	<ExtendedData><SchemaData schemaUrl="#jag_id_grid">
		<SimpleData name="env.jag_id">981</SimpleData>
	</SchemaData></ExtendedData>
      <Polygon><outerBoundaryIs><LinearRing><coordinates>18.444928957,-34.2950469923333 18.444928957,-34.292423482 18.44755246725,-34.292423482 18.44755246725,-34.2950469923333 18.444928957,-34.2950469923333</coordinates></LinearRing></outerBoundaryIs></Polygon>
  </Placemark>
  <Placemark>
	<Style><LineStyle><color>ff0000ff</color></LineStyle><PolyStyle><fill>0</fill></PolyStyle></Style>
	<ExtendedData><SchemaData schemaUrl="#jag_id_grid">
		<SimpleData name="env.jag_id">1026</SimpleData>
	</SchemaData></ExtendedData>
      <Polygon><outerBoundaryIs><LinearRing><coordinates>18.44755246725,-34.2950469923333 18.44755246725,-34.292423482 18.4501759775,-34.292423482 18.4501759775,-34.2950469923333 18.44755246725,-34.2950469923333</coordinates></LinearRing></outerBoundaryIs></Polygon>
  </Placemark>
  <Placemark>
	<Style><LineStyle><color>ff0000ff</color></LineStyle><PolyStyle><fill>0</fill></PolyStyle></Style>
	<ExtendedData><SchemaData schemaUrl="#jag_id_grid">
		<SimpleData name="env.jag_id">1072</SimpleData>
	</SchemaData></ExtendedData>
      <Polygon><outerBoundaryIs><LinearRing><coordinates>18.4501759775,-34.2950469923333 18.4501759775,-34.292423482 18.45279948775,-34.292423482 18.45279948775,-34.2950469923333 18.4501759775,-34.2950469923333</coordinates></LinearRing></outerBoundaryIs></Polygon>
  </Placemark>
  <Placemark>
	<Style><LineStyle><color>ff0000ff</color></LineStyle><PolyStyle><fill>0</fill></PolyStyle></Style>
	<ExtendedData><SchemaData schemaUrl="#jag_id_grid">
		<SimpleData name="env.jag_id">1112</SimpleData>
	</SchemaData></ExtendedData>
      <Polygon><outerBoundaryIs><LinearRing><coordinates>18.45279948775,-34.2950469923333 18.45279948775,-34.292423482 18.455422998,-34.292423482 18.455422998,-34.2950469923333 18.45279948775,-34.2950469923333</coordinates></LinearRing></outerBoundaryIs></Polygon>
  </Placemark>
  <Placemark>
	<Style><LineStyle><color>ff0000ff</color></LineStyle><PolyStyle><fill>0</fill></PolyStyle></Style>
	<ExtendedData><SchemaData schemaUrl="#jag_id_grid">
		<SimpleData name="env.jag_id">1154</SimpleData>
	</SchemaData></ExtendedData>
      <Polygon><outerBoundaryIs><LinearRing><coordinates>18.455422998,-34.2950469923333 18.455422998,-34.292423482 18.45804650825,-34.292423482 18.45804650825,-34.2950469923333 18.455422998,-34.2950469923333</coordinates></LinearRing></outerBoundaryIs></Polygon>
  </Placemark>
  <Placemark>
	<Style><LineStyle><color>ff0000ff</color></LineStyle><PolyStyle><fill>0</fill></PolyStyle></Style>
	<ExtendedData><SchemaData schemaUrl="#jag_id_grid">
		<SimpleData name="env.jag_id">1196</SimpleData>
	</SchemaData></ExtendedData>
      <Polygon><outerBoundaryIs><LinearRing><coordinates>18.45804650825,-34.2950469923333 18.45804650825,-34.292423482 18.4606700185,-34.292423482 18.4606700185,-34.2950469923333 18.45804650825,-34.2950469923333</coordinates></LinearRing></outerBoundaryIs></Polygon>
  </Placemark>
  <Placemark>
	<Style><LineStyle><color>ff0000ff</color></LineStyle><PolyStyle><fill>0</fill></PolyStyle></Style>
	<ExtendedData><SchemaData schemaUrl="#jag_id_grid">
		<SimpleData name="env.jag_id">1234</SimpleData>
	</SchemaData></ExtendedData>
      <Polygon><outerBoundaryIs><LinearRing><coordinates>18.4606700185,-34.2950469923333 18.4606700185,-34.292423482 18.46329352875,-34.292423482 18.46329352875,-34.2950469923333 18.4606700185,-34.2950469923333</coordinates></LinearRing></outerBoundaryIs></Polygon>
  </Placemark>
  <Placemark>
	<Style><LineStyle><color>ff0000ff</color></LineStyle><PolyStyle><fill>0</fill></PolyStyle></Style>
	<ExtendedData><SchemaData schemaUrl="#jag_id_grid">
		<SimpleData name="env.jag_id">1263</SimpleData>
	</SchemaData></ExtendedData>
      <Polygon><outerBoundaryIs><LinearRing><coordinates>18.46329352875,-34.2950469923333 18.46329352875,-34.292423482 18.465917039,-34.292423482 18.465917039,-34.2950469923333 18.46329352875,-34.2950469923333</coordinates></LinearRing></outerBoundaryIs></Polygon>
  </Placemark>
  <Placemark>
	<Style><LineStyle><color>ff0000ff</color></LineStyle><PolyStyle><fill>0</fill></PolyStyle></Style>
	<ExtendedData><SchemaData schemaUrl="#jag_id_grid">
		<SimpleData name="env.jag_id">317</SimpleData>
	</SchemaData></ExtendedData>
      <Polygon><outerBoundaryIs><LinearRing><coordinates>18.402952793,-34.2976705026667 18.402952793,-34.2950469923333 18.40557630325,-34.2950469923333 18.40557630325,-34.2976705026667 18.402952793,-34.2976705026667</coordinates></LinearRing></outerBoundaryIs></Polygon>
  </Placemark>
  <Placemark>
	<Style><LineStyle><color>ff0000ff</color></LineStyle><PolyStyle><fill>0</fill></PolyStyle></Style>
	<ExtendedData><SchemaData schemaUrl="#jag_id_grid">
		<SimpleData name="env.jag_id">352</SimpleData>
	</SchemaData></ExtendedData>
      <Polygon><outerBoundaryIs><LinearRing><coordinates>18.40557630325,-34.2976705026667 18.40557630325,-34.2950469923333 18.4081998135,-34.2950469923333 18.4081998135,-34.2976705026667 18.40557630325,-34.2976705026667</coordinates></LinearRing></outerBoundaryIs></Polygon>
  </Placemark>
  <Placemark>
	<Style><LineStyle><color>ff0000ff</color></LineStyle><PolyStyle><fill>0</fill></PolyStyle></Style>
	<ExtendedData><SchemaData schemaUrl="#jag_id_grid">
		<SimpleData name="env.jag_id">390</SimpleData>
	</SchemaData></ExtendedData>
      <Polygon><outerBoundaryIs><LinearRing><coordinates>18.4081998135,-34.2976705026667 18.4081998135,-34.2950469923333 18.41082332375,-34.2950469923333 18.41082332375,-34.2976705026667 18.4081998135,-34.2976705026667</coordinates></LinearRing></outerBoundaryIs></Polygon>
  </Placemark>
  <Placemark>
	<Style><LineStyle><color>ff0000ff</color></LineStyle><PolyStyle><fill>0</fill></PolyStyle></Style>
	<ExtendedData><SchemaData schemaUrl="#jag_id_grid">
		<SimpleData name="env.jag_id">432</SimpleData>
	</SchemaData></ExtendedData>
      <Polygon><outerBoundaryIs><LinearRing><coordinates>18.41082332375,-34.2976705026667 18.41082332375,-34.2950469923333 18.413446834,-34.2950469923333 18.413446834,-34.2976705026667 18.41082332375,-34.2976705026667</coordinates></LinearRing></outerBoundaryIs></Polygon>
  </Placemark>
  <Placemark>
	<Style><LineStyle><color>ff0000ff</color></LineStyle><PolyStyle><fill>0</fill></PolyStyle></Style>
	<ExtendedData><SchemaData schemaUrl="#jag_id_grid">
		<SimpleData name="env.jag_id">475</SimpleData>
	</SchemaData></ExtendedData>
      <Polygon><outerBoundaryIs><LinearRing><coordinates>18.413446834,-34.2976705026667 18.413446834,-34.2950469923333 18.41607034425,-34.2950469923333 18.41607034425,-34.2976705026667 18.413446834,-34.2976705026667</coordinates></LinearRing></outerBoundaryIs></Polygon>
  </Placemark>
  <Placemark>
	<Style><LineStyle><color>ff0000ff</color></LineStyle><PolyStyle><fill>0</fill></PolyStyle></Style>
	<ExtendedData><SchemaData schemaUrl="#jag_id_grid">
		<SimpleData name="env.jag_id">520</SimpleData>
	</SchemaData></ExtendedData>
      <Polygon><outerBoundaryIs><LinearRing><coordinates>18.41607034425,-34.2976705026667 18.41607034425,-34.2950469923333 18.4186938545,-34.2950469923333 18.4186938545,-34.2976705026667 18.41607034425,-34.2976705026667</coordinates></LinearRing></outerBoundaryIs></Polygon>
  </Placemark>
  <Placemark>
	<Style><LineStyle><color>ff0000ff</color></LineStyle><PolyStyle><fill>0</fill></PolyStyle></Style>
	<ExtendedData><SchemaData schemaUrl="#jag_id_grid">
		<SimpleData name="env.jag_id">565</SimpleData>
	</SchemaData></ExtendedData>
      <Polygon><outerBoundaryIs><LinearRing><coordinates>18.4186938545,-34.2976705026667 18.4186938545,-34.2950469923333 18.42131736475,-34.2950469923333 18.42131736475,-34.2976705026667 18.4186938545,-34.2976705026667</coordinates></LinearRing></outerBoundaryIs></Polygon>
  </Placemark>
  <Placemark>
	<Style><LineStyle><color>ff0000ff</color></LineStyle><PolyStyle><fill>0</fill></PolyStyle></Style>
	<ExtendedData><SchemaData schemaUrl="#jag_id_grid">
		<SimpleData name="env.jag_id">611</SimpleData>
	</SchemaData></ExtendedData>
      <Polygon><outerBoundaryIs><LinearRing><coordinates>18.42131736475,-34.2976705026667 18.42131736475,-34.2950469923333 18.423940875,-34.2950469923333 18.423940875,-34.2976705026667 18.42131736475,-34.2976705026667</coordinates></LinearRing></outerBoundaryIs></Polygon>
  </Placemark>
  <Placemark>
	<Style><LineStyle><color>ff0000ff</color></LineStyle><PolyStyle><fill>0</fill></PolyStyle></Style>
	<ExtendedData><SchemaData schemaUrl="#jag_id_grid">
		<SimpleData name="env.jag_id">657</SimpleData>
	</SchemaData></ExtendedData>
      <Polygon><outerBoundaryIs><LinearRing><coordinates>18.423940875,-34.2976705026667 18.423940875,-34.2950469923333 18.42656438525,-34.2950469923333 18.42656438525,-34.2976705026667 18.423940875,-34.2976705026667</coordinates></LinearRing></outerBoundaryIs></Polygon>
  </Placemark>
  <Placemark>
	<Style><LineStyle><color>ff0000ff</color></LineStyle><PolyStyle><fill>0</fill></PolyStyle></Style>
	<ExtendedData><SchemaData schemaUrl="#jag_id_grid">
		<SimpleData name="env.jag_id">698</SimpleData>
	</SchemaData></ExtendedData>
      <Polygon><outerBoundaryIs><LinearRing><coordinates>18.42656438525,-34.2976705026667 18.42656438525,-34.2950469923333 18.4291878955,-34.2950469923333 18.4291878955,-34.2976705026667 18.42656438525,-34.2976705026667</coordinates></LinearRing></outerBoundaryIs></Polygon>
  </Placemark>
  <Placemark>
	<Style><LineStyle><color>ff0000ff</color></LineStyle><PolyStyle><fill>0</fill></PolyStyle></Style>
	<ExtendedData><SchemaData schemaUrl="#jag_id_grid">
		<SimpleData name="env.jag_id">741</SimpleData>
	</SchemaData></ExtendedData>
      <Polygon><outerBoundaryIs><LinearRing><coordinates>18.4291878955,-34.2976705026667 18.4291878955,-34.2950469923333 18.43181140575,-34.2950469923333 18.43181140575,-34.2976705026667 18.4291878955,-34.2976705026667</coordinates></LinearRing></outerBoundaryIs></Polygon>
  </Placemark>
  <Placemark>
	<Style><LineStyle><color>ff0000ff</color></LineStyle><PolyStyle><fill>0</fill></PolyStyle></Style>
	<ExtendedData><SchemaData schemaUrl="#jag_id_grid">
		<SimpleData name="env.jag_id">780</SimpleData>
	</SchemaData></ExtendedData>
      <Polygon><outerBoundaryIs><LinearRing><coordinates>18.43181140575,-34.2976705026667 18.43181140575,-34.2950469923333 18.434434916,-34.2950469923333 18.434434916,-34.2976705026667 18.43181140575,-34.2976705026667</coordinates></LinearRing></outerBoundaryIs></Polygon>
  </Placemark>
  <Placemark>
	<Style><LineStyle><color>ff0000ff</color></LineStyle><PolyStyle><fill>0</fill></PolyStyle></Style>
	<ExtendedData><SchemaData schemaUrl="#jag_id_grid">
		<SimpleData name="env.jag_id">820</SimpleData>
	</SchemaData></ExtendedData>
      <Polygon><outerBoundaryIs><LinearRing><coordinates>18.434434916,-34.2976705026667 18.434434916,-34.2950469923333 18.43705842625,-34.2950469923333 18.43705842625,-34.2976705026667 18.434434916,-34.2976705026667</coordinates></LinearRing></outerBoundaryIs></Polygon>
  </Placemark>
  <Placemark>
	<Style><LineStyle><color>ff0000ff</color></LineStyle><PolyStyle><fill>0</fill></PolyStyle></Style>
	<ExtendedData><SchemaData schemaUrl="#jag_id_grid">
		<SimpleData name="env.jag_id">860</SimpleData>
	</SchemaData></ExtendedData>
      <Polygon><outerBoundaryIs><LinearRing><coordinates>18.43705842625,-34.2976705026667 18.43705842625,-34.2950469923333 18.4396819365,-34.2950469923333 18.4396819365,-34.2976705026667 18.43705842625,-34.2976705026667</coordinates></LinearRing></outerBoundaryIs></Polygon>
  </Placemark>
  <Placemark>
	<Style><LineStyle><color>ff0000ff</color></LineStyle><PolyStyle><fill>0</fill></PolyStyle></Style>
	<ExtendedData><SchemaData schemaUrl="#jag_id_grid">
		<SimpleData name="env.jag_id">901</SimpleData>
	</SchemaData></ExtendedData>
      <Polygon><outerBoundaryIs><LinearRing><coordinates>18.4396819365,-34.2976705026667 18.4396819365,-34.2950469923333 18.44230544675,-34.2950469923333 18.44230544675,-34.2976705026667 18.4396819365,-34.2976705026667</coordinates></LinearRing></outerBoundaryIs></Polygon>
  </Placemark>
  <Placemark>
	<Style><LineStyle><color>ff0000ff</color></LineStyle><PolyStyle><fill>0</fill></PolyStyle></Style>
	<ExtendedData><SchemaData schemaUrl="#jag_id_grid">
		<SimpleData name="env.jag_id">942</SimpleData>
	</SchemaData></ExtendedData>
      <Polygon><outerBoundaryIs><LinearRing><coordinates>18.44230544675,-34.2976705026667 18.44230544675,-34.2950469923333 18.444928957,-34.2950469923333 18.444928957,-34.2976705026667 18.44230544675,-34.2976705026667</coordinates></LinearRing></outerBoundaryIs></Polygon>
  </Placemark>
  <Placemark>
	<Style><LineStyle><color>ff0000ff</color></LineStyle><PolyStyle><fill>0</fill></PolyStyle></Style>
	<ExtendedData><SchemaData schemaUrl="#jag_id_grid">
		<SimpleData name="env.jag_id">982</SimpleData>
	</SchemaData></ExtendedData>
      <Polygon><outerBoundaryIs><LinearRing><coordinates>18.444928957,-34.2976705026667 18.444928957,-34.2950469923333 18.44755246725,-34.2950469923333 18.44755246725,-34.2976705026667 18.444928957,-34.2976705026667</coordinates></LinearRing></outerBoundaryIs></Polygon>
  </Placemark>
  <Placemark>
	<Style><LineStyle><color>ff0000ff</color></LineStyle><PolyStyle><fill>0</fill></PolyStyle></Style>
	<ExtendedData><SchemaData schemaUrl="#jag_id_grid">
		<SimpleData name="env.jag_id">1027</SimpleData>
	</SchemaData></ExtendedData>
      <Polygon><outerBoundaryIs><LinearRing><coordinates>18.44755246725,-34.2976705026667 18.44755246725,-34.2950469923333 18.4501759775,-34.2950469923333 18.4501759775,-34.2976705026667 18.44755246725,-34.2976705026667</coordinates></LinearRing></outerBoundaryIs></Polygon>
  </Placemark>
  <Placemark>
	<Style><LineStyle><color>ff0000ff</color></LineStyle><PolyStyle><fill>0</fill></PolyStyle></Style>
	<ExtendedData><SchemaData schemaUrl="#jag_id_grid">
		<SimpleData name="env.jag_id">1073</SimpleData>
	</SchemaData></ExtendedData>
      <Polygon><outerBoundaryIs><LinearRing><coordinates>18.4501759775,-34.2976705026667 18.4501759775,-34.2950469923333 18.45279948775,-34.2950469923333 18.45279948775,-34.2976705026667 18.4501759775,-34.2976705026667</coordinates></LinearRing></outerBoundaryIs></Polygon>
  </Placemark>
  <Placemark>
	<Style><LineStyle><color>ff0000ff</color></LineStyle><PolyStyle><fill>0</fill></PolyStyle></Style>
	<ExtendedData><SchemaData schemaUrl="#jag_id_grid">
		<SimpleData name="env.jag_id">1113</SimpleData>
	</SchemaData></ExtendedData>
      <Polygon><outerBoundaryIs><LinearRing><coordinates>18.45279948775,-34.2976705026667 18.45279948775,-34.2950469923333 18.455422998,-34.2950469923333 18.455422998,-34.2976705026667 18.45279948775,-34.2976705026667</coordinates></LinearRing></outerBoundaryIs></Polygon>
  </Placemark>
  <Placemark>
	<Style><LineStyle><color>ff0000ff</color></LineStyle><PolyStyle><fill>0</fill></PolyStyle></Style>
	<ExtendedData><SchemaData schemaUrl="#jag_id_grid">
		<SimpleData name="env.jag_id">1155</SimpleData>
	</SchemaData></ExtendedData>
      <Polygon><outerBoundaryIs><LinearRing><coordinates>18.455422998,-34.2976705026667 18.455422998,-34.2950469923333 18.45804650825,-34.2950469923333 18.45804650825,-34.2976705026667 18.455422998,-34.2976705026667</coordinates></LinearRing></outerBoundaryIs></Polygon>
  </Placemark>
  <Placemark>
	<Style><LineStyle><color>ff0000ff</color></LineStyle><PolyStyle><fill>0</fill></PolyStyle></Style>
	<ExtendedData><SchemaData schemaUrl="#jag_id_grid">
		<SimpleData name="env.jag_id">1197</SimpleData>
	</SchemaData></ExtendedData>
      <Polygon><outerBoundaryIs><LinearRing><coordinates>18.45804650825,-34.2976705026667 18.45804650825,-34.2950469923333 18.4606700185,-34.2950469923333 18.4606700185,-34.2976705026667 18.45804650825,-34.2976705026667</coordinates></LinearRing></outerBoundaryIs></Polygon>
  </Placemark>
  <Placemark>
	<Style><LineStyle><color>ff0000ff</color></LineStyle><PolyStyle><fill>0</fill></PolyStyle></Style>
	<ExtendedData><SchemaData schemaUrl="#jag_id_grid">
		<SimpleData name="env.jag_id">318</SimpleData>
	</SchemaData></ExtendedData>
      <Polygon><outerBoundaryIs><LinearRing><coordinates>18.402952793,-34.300294013 18.402952793,-34.2976705026667 18.40557630325,-34.2976705026667 18.40557630325,-34.300294013 18.402952793,-34.300294013</coordinates></LinearRing></outerBoundaryIs></Polygon>
  </Placemark>
  <Placemark>
	<Style><LineStyle><color>ff0000ff</color></LineStyle><PolyStyle><fill>0</fill></PolyStyle></Style>
	<ExtendedData><SchemaData schemaUrl="#jag_id_grid">
		<SimpleData name="env.jag_id">353</SimpleData>
	</SchemaData></ExtendedData>
      <Polygon><outerBoundaryIs><LinearRing><coordinates>18.40557630325,-34.300294013 18.40557630325,-34.2976705026667 18.4081998135,-34.2976705026667 18.4081998135,-34.300294013 18.40557630325,-34.300294013</coordinates></LinearRing></outerBoundaryIs></Polygon>
  </Placemark>
  <Placemark>
	<Style><LineStyle><color>ff0000ff</color></LineStyle><PolyStyle><fill>0</fill></PolyStyle></Style>
	<ExtendedData><SchemaData schemaUrl="#jag_id_grid">
		<SimpleData name="env.jag_id">391</SimpleData>
	</SchemaData></ExtendedData>
      <Polygon><outerBoundaryIs><LinearRing><coordinates>18.4081998135,-34.300294013 18.4081998135,-34.2976705026667 18.41082332375,-34.2976705026667 18.41082332375,-34.300294013 18.4081998135,-34.300294013</coordinates></LinearRing></outerBoundaryIs></Polygon>
  </Placemark>
  <Placemark>
	<Style><LineStyle><color>ff0000ff</color></LineStyle><PolyStyle><fill>0</fill></PolyStyle></Style>
	<ExtendedData><SchemaData schemaUrl="#jag_id_grid">
		<SimpleData name="env.jag_id">433</SimpleData>
	</SchemaData></ExtendedData>
      <Polygon><outerBoundaryIs><LinearRing><coordinates>18.41082332375,-34.300294013 18.41082332375,-34.2976705026667 18.413446834,-34.2976705026667 18.413446834,-34.300294013 18.41082332375,-34.300294013</coordinates></LinearRing></outerBoundaryIs></Polygon>
  </Placemark>
  <Placemark>
	<Style><LineStyle><color>ff0000ff</color></LineStyle><PolyStyle><fill>0</fill></PolyStyle></Style>
	<ExtendedData><SchemaData schemaUrl="#jag_id_grid">
		<SimpleData name="env.jag_id">476</SimpleData>
	</SchemaData></ExtendedData>
      <Polygon><outerBoundaryIs><LinearRing><coordinates>18.413446834,-34.300294013 18.413446834,-34.2976705026667 18.41607034425,-34.2976705026667 18.41607034425,-34.300294013 18.413446834,-34.300294013</coordinates></LinearRing></outerBoundaryIs></Polygon>
  </Placemark>
  <Placemark>
	<Style><LineStyle><color>ff0000ff</color></LineStyle><PolyStyle><fill>0</fill></PolyStyle></Style>
	<ExtendedData><SchemaData schemaUrl="#jag_id_grid">
		<SimpleData name="env.jag_id">521</SimpleData>
	</SchemaData></ExtendedData>
      <Polygon><outerBoundaryIs><LinearRing><coordinates>18.41607034425,-34.300294013 18.41607034425,-34.2976705026667 18.4186938545,-34.2976705026667 18.4186938545,-34.300294013 18.41607034425,-34.300294013</coordinates></LinearRing></outerBoundaryIs></Polygon>
  </Placemark>
  <Placemark>
	<Style><LineStyle><color>ff0000ff</color></LineStyle><PolyStyle><fill>0</fill></PolyStyle></Style>
	<ExtendedData><SchemaData schemaUrl="#jag_id_grid">
		<SimpleData name="env.jag_id">566</SimpleData>
	</SchemaData></ExtendedData>
      <Polygon><outerBoundaryIs><LinearRing><coordinates>18.4186938545,-34.300294013 18.4186938545,-34.2976705026667 18.42131736475,-34.2976705026667 18.42131736475,-34.300294013 18.4186938545,-34.300294013</coordinates></LinearRing></outerBoundaryIs></Polygon>
  </Placemark>
  <Placemark>
	<Style><LineStyle><color>ff0000ff</color></LineStyle><PolyStyle><fill>0</fill></PolyStyle></Style>
	<ExtendedData><SchemaData schemaUrl="#jag_id_grid">
		<SimpleData name="env.jag_id">612</SimpleData>
	</SchemaData></ExtendedData>
      <Polygon><outerBoundaryIs><LinearRing><coordinates>18.42131736475,-34.300294013 18.42131736475,-34.2976705026667 18.423940875,-34.2976705026667 18.423940875,-34.300294013 18.42131736475,-34.300294013</coordinates></LinearRing></outerBoundaryIs></Polygon>
  </Placemark>
  <Placemark>
	<Style><LineStyle><color>ff0000ff</color></LineStyle><PolyStyle><fill>0</fill></PolyStyle></Style>
	<ExtendedData><SchemaData schemaUrl="#jag_id_grid">
		<SimpleData name="env.jag_id">658</SimpleData>
	</SchemaData></ExtendedData>
      <Polygon><outerBoundaryIs><LinearRing><coordinates>18.423940875,-34.300294013 18.423940875,-34.2976705026667 18.42656438525,-34.2976705026667 18.42656438525,-34.300294013 18.423940875,-34.300294013</coordinates></LinearRing></outerBoundaryIs></Polygon>
  </Placemark>
  <Placemark>
	<Style><LineStyle><color>ff0000ff</color></LineStyle><PolyStyle><fill>0</fill></PolyStyle></Style>
	<ExtendedData><SchemaData schemaUrl="#jag_id_grid">
		<SimpleData name="env.jag_id">699</SimpleData>
	</SchemaData></ExtendedData>
      <Polygon><outerBoundaryIs><LinearRing><coordinates>18.42656438525,-34.300294013 18.42656438525,-34.2976705026667 18.4291878955,-34.2976705026667 18.4291878955,-34.300294013 18.42656438525,-34.300294013</coordinates></LinearRing></outerBoundaryIs></Polygon>
  </Placemark>
  <Placemark>
	<Style><LineStyle><color>ff0000ff</color></LineStyle><PolyStyle><fill>0</fill></PolyStyle></Style>
	<ExtendedData><SchemaData schemaUrl="#jag_id_grid">
		<SimpleData name="env.jag_id">742</SimpleData>
	</SchemaData></ExtendedData>
      <Polygon><outerBoundaryIs><LinearRing><coordinates>18.4291878955,-34.300294013 18.4291878955,-34.2976705026667 18.43181140575,-34.2976705026667 18.43181140575,-34.300294013 18.4291878955,-34.300294013</coordinates></LinearRing></outerBoundaryIs></Polygon>
  </Placemark>
  <Placemark>
	<Style><LineStyle><color>ff0000ff</color></LineStyle><PolyStyle><fill>0</fill></PolyStyle></Style>
	<ExtendedData><SchemaData schemaUrl="#jag_id_grid">
		<SimpleData name="env.jag_id">781</SimpleData>
	</SchemaData></ExtendedData>
      <Polygon><outerBoundaryIs><LinearRing><coordinates>18.43181140575,-34.300294013 18.43181140575,-34.2976705026667 18.434434916,-34.2976705026667 18.434434916,-34.300294013 18.43181140575,-34.300294013</coordinates></LinearRing></outerBoundaryIs></Polygon>
  </Placemark>
  <Placemark>
	<Style><LineStyle><color>ff0000ff</color></LineStyle><PolyStyle><fill>0</fill></PolyStyle></Style>
	<ExtendedData><SchemaData schemaUrl="#jag_id_grid">
		<SimpleData name="env.jag_id">821</SimpleData>
	</SchemaData></ExtendedData>
      <Polygon><outerBoundaryIs><LinearRing><coordinates>18.434434916,-34.300294013 18.434434916,-34.2976705026667 18.43705842625,-34.2976705026667 18.43705842625,-34.300294013 18.434434916,-34.300294013</coordinates></LinearRing></outerBoundaryIs></Polygon>
  </Placemark>
  <Placemark>
	<Style><LineStyle><color>ff0000ff</color></LineStyle><PolyStyle><fill>0</fill></PolyStyle></Style>
	<ExtendedData><SchemaData schemaUrl="#jag_id_grid">
		<SimpleData name="env.jag_id">861</SimpleData>
	</SchemaData></ExtendedData>
      <Polygon><outerBoundaryIs><LinearRing><coordinates>18.43705842625,-34.300294013 18.43705842625,-34.2976705026667 18.4396819365,-34.2976705026667 18.4396819365,-34.300294013 18.43705842625,-34.300294013</coordinates></LinearRing></outerBoundaryIs></Polygon>
  </Placemark>
  <Placemark>
	<Style><LineStyle><color>ff0000ff</color></LineStyle><PolyStyle><fill>0</fill></PolyStyle></Style>
	<ExtendedData><SchemaData schemaUrl="#jag_id_grid">
		<SimpleData name="env.jag_id">902</SimpleData>
	</SchemaData></ExtendedData>
      <Polygon><outerBoundaryIs><LinearRing><coordinates>18.4396819365,-34.300294013 18.4396819365,-34.2976705026667 18.44230544675,-34.2976705026667 18.44230544675,-34.300294013 18.4396819365,-34.300294013</coordinates></LinearRing></outerBoundaryIs></Polygon>
  </Placemark>
  <Placemark>
	<Style><LineStyle><color>ff0000ff</color></LineStyle><PolyStyle><fill>0</fill></PolyStyle></Style>
	<ExtendedData><SchemaData schemaUrl="#jag_id_grid">
		<SimpleData name="env.jag_id">943</SimpleData>
	</SchemaData></ExtendedData>
      <Polygon><outerBoundaryIs><LinearRing><coordinates>18.44230544675,-34.300294013 18.44230544675,-34.2976705026667 18.444928957,-34.2976705026667 18.444928957,-34.300294013 18.44230544675,-34.300294013</coordinates></LinearRing></outerBoundaryIs></Polygon>
  </Placemark>
  <Placemark>
	<Style><LineStyle><color>ff0000ff</color></LineStyle><PolyStyle><fill>0</fill></PolyStyle></Style>
	<ExtendedData><SchemaData schemaUrl="#jag_id_grid">
		<SimpleData name="env.jag_id">983</SimpleData>
	</SchemaData></ExtendedData>
      <Polygon><outerBoundaryIs><LinearRing><coordinates>18.444928957,-34.300294013 18.444928957,-34.2976705026667 18.44755246725,-34.2976705026667 18.44755246725,-34.300294013 18.444928957,-34.300294013</coordinates></LinearRing></outerBoundaryIs></Polygon>
  </Placemark>
  <Placemark>
	<Style><LineStyle><color>ff0000ff</color></LineStyle><PolyStyle><fill>0</fill></PolyStyle></Style>
	<ExtendedData><SchemaData schemaUrl="#jag_id_grid">
		<SimpleData name="env.jag_id">1028</SimpleData>
	</SchemaData></ExtendedData>
      <Polygon><outerBoundaryIs><LinearRing><coordinates>18.44755246725,-34.300294013 18.44755246725,-34.2976705026667 18.4501759775,-34.2976705026667 18.4501759775,-34.300294013 18.44755246725,-34.300294013</coordinates></LinearRing></outerBoundaryIs></Polygon>
  </Placemark>
  <Placemark>
	<Style><LineStyle><color>ff0000ff</color></LineStyle><PolyStyle><fill>0</fill></PolyStyle></Style>
	<ExtendedData><SchemaData schemaUrl="#jag_id_grid">
		<SimpleData name="env.jag_id">1074</SimpleData>
	</SchemaData></ExtendedData>
      <Polygon><outerBoundaryIs><LinearRing><coordinates>18.4501759775,-34.300294013 18.4501759775,-34.2976705026667 18.45279948775,-34.2976705026667 18.45279948775,-34.300294013 18.4501759775,-34.300294013</coordinates></LinearRing></outerBoundaryIs></Polygon>
  </Placemark>
  <Placemark>
	<Style><LineStyle><color>ff0000ff</color></LineStyle><PolyStyle><fill>0</fill></PolyStyle></Style>
	<ExtendedData><SchemaData schemaUrl="#jag_id_grid">
		<SimpleData name="env.jag_id">1114</SimpleData>
	</SchemaData></ExtendedData>
      <Polygon><outerBoundaryIs><LinearRing><coordinates>18.45279948775,-34.300294013 18.45279948775,-34.2976705026667 18.455422998,-34.2976705026667 18.455422998,-34.300294013 18.45279948775,-34.300294013</coordinates></LinearRing></outerBoundaryIs></Polygon>
  </Placemark>
  <Placemark>
	<Style><LineStyle><color>ff0000ff</color></LineStyle><PolyStyle><fill>0</fill></PolyStyle></Style>
	<ExtendedData><SchemaData schemaUrl="#jag_id_grid">
		<SimpleData name="env.jag_id">1156</SimpleData>
	</SchemaData></ExtendedData>
      <Polygon><outerBoundaryIs><LinearRing><coordinates>18.455422998,-34.300294013 18.455422998,-34.2976705026667 18.45804650825,-34.2976705026667 18.45804650825,-34.300294013 18.455422998,-34.300294013</coordinates></LinearRing></outerBoundaryIs></Polygon>
  </Placemark>
  <Placemark>
	<Style><LineStyle><color>ff0000ff</color></LineStyle><PolyStyle><fill>0</fill></PolyStyle></Style>
	<ExtendedData><SchemaData schemaUrl="#jag_id_grid">
		<SimpleData name="env.jag_id">354</SimpleData>
	</SchemaData></ExtendedData>
      <Polygon><outerBoundaryIs><LinearRing><coordinates>18.40557630325,-34.3029175233333 18.40557630325,-34.300294013 18.4081998135,-34.300294013 18.4081998135,-34.3029175233333 18.40557630325,-34.3029175233333</coordinates></LinearRing></outerBoundaryIs></Polygon>
  </Placemark>
  <Placemark>
	<Style><LineStyle><color>ff0000ff</color></LineStyle><PolyStyle><fill>0</fill></PolyStyle></Style>
	<ExtendedData><SchemaData schemaUrl="#jag_id_grid">
		<SimpleData name="env.jag_id">392</SimpleData>
	</SchemaData></ExtendedData>
      <Polygon><outerBoundaryIs><LinearRing><coordinates>18.4081998135,-34.3029175233333 18.4081998135,-34.300294013 18.41082332375,-34.300294013 18.41082332375,-34.3029175233333 18.4081998135,-34.3029175233333</coordinates></LinearRing></outerBoundaryIs></Polygon>
  </Placemark>
  <Placemark>
	<Style><LineStyle><color>ff0000ff</color></LineStyle><PolyStyle><fill>0</fill></PolyStyle></Style>
	<ExtendedData><SchemaData schemaUrl="#jag_id_grid">
		<SimpleData name="env.jag_id">434</SimpleData>
	</SchemaData></ExtendedData>
      <Polygon><outerBoundaryIs><LinearRing><coordinates>18.41082332375,-34.3029175233333 18.41082332375,-34.300294013 18.413446834,-34.300294013 18.413446834,-34.3029175233333 18.41082332375,-34.3029175233333</coordinates></LinearRing></outerBoundaryIs></Polygon>
  </Placemark>
  <Placemark>
	<Style><LineStyle><color>ff0000ff</color></LineStyle><PolyStyle><fill>0</fill></PolyStyle></Style>
	<ExtendedData><SchemaData schemaUrl="#jag_id_grid">
		<SimpleData name="env.jag_id">477</SimpleData>
	</SchemaData></ExtendedData>
      <Polygon><outerBoundaryIs><LinearRing><coordinates>18.413446834,-34.3029175233333 18.413446834,-34.300294013 18.41607034425,-34.300294013 18.41607034425,-34.3029175233333 18.413446834,-34.3029175233333</coordinates></LinearRing></outerBoundaryIs></Polygon>
  </Placemark>
  <Placemark>
	<Style><LineStyle><color>ff0000ff</color></LineStyle><PolyStyle><fill>0</fill></PolyStyle></Style>
	<ExtendedData><SchemaData schemaUrl="#jag_id_grid">
		<SimpleData name="env.jag_id">522</SimpleData>
	</SchemaData></ExtendedData>
      <Polygon><outerBoundaryIs><LinearRing><coordinates>18.41607034425,-34.3029175233333 18.41607034425,-34.300294013 18.4186938545,-34.300294013 18.4186938545,-34.3029175233333 18.41607034425,-34.3029175233333</coordinates></LinearRing></outerBoundaryIs></Polygon>
  </Placemark>
  <Placemark>
	<Style><LineStyle><color>ff0000ff</color></LineStyle><PolyStyle><fill>0</fill></PolyStyle></Style>
	<ExtendedData><SchemaData schemaUrl="#jag_id_grid">
		<SimpleData name="env.jag_id">567</SimpleData>
	</SchemaData></ExtendedData>
      <Polygon><outerBoundaryIs><LinearRing><coordinates>18.4186938545,-34.3029175233333 18.4186938545,-34.300294013 18.42131736475,-34.300294013 18.42131736475,-34.3029175233333 18.4186938545,-34.3029175233333</coordinates></LinearRing></outerBoundaryIs></Polygon>
  </Placemark>
  <Placemark>
	<Style><LineStyle><color>ff0000ff</color></LineStyle><PolyStyle><fill>0</fill></PolyStyle></Style>
	<ExtendedData><SchemaData schemaUrl="#jag_id_grid">
		<SimpleData name="env.jag_id">613</SimpleData>
	</SchemaData></ExtendedData>
      <Polygon><outerBoundaryIs><LinearRing><coordinates>18.42131736475,-34.3029175233333 18.42131736475,-34.300294013 18.423940875,-34.300294013 18.423940875,-34.3029175233333 18.42131736475,-34.3029175233333</coordinates></LinearRing></outerBoundaryIs></Polygon>
  </Placemark>
  <Placemark>
	<Style><LineStyle><color>ff0000ff</color></LineStyle><PolyStyle><fill>0</fill></PolyStyle></Style>
	<ExtendedData><SchemaData schemaUrl="#jag_id_grid">
		<SimpleData name="env.jag_id">659</SimpleData>
	</SchemaData></ExtendedData>
      <Polygon><outerBoundaryIs><LinearRing><coordinates>18.423940875,-34.3029175233333 18.423940875,-34.300294013 18.42656438525,-34.300294013 18.42656438525,-34.3029175233333 18.423940875,-34.3029175233333</coordinates></LinearRing></outerBoundaryIs></Polygon>
  </Placemark>
  <Placemark>
	<Style><LineStyle><color>ff0000ff</color></LineStyle><PolyStyle><fill>0</fill></PolyStyle></Style>
	<ExtendedData><SchemaData schemaUrl="#jag_id_grid">
		<SimpleData name="env.jag_id">700</SimpleData>
	</SchemaData></ExtendedData>
      <Polygon><outerBoundaryIs><LinearRing><coordinates>18.42656438525,-34.3029175233333 18.42656438525,-34.300294013 18.4291878955,-34.300294013 18.4291878955,-34.3029175233333 18.42656438525,-34.3029175233333</coordinates></LinearRing></outerBoundaryIs></Polygon>
  </Placemark>
  <Placemark>
	<Style><LineStyle><color>ff0000ff</color></LineStyle><PolyStyle><fill>0</fill></PolyStyle></Style>
	<ExtendedData><SchemaData schemaUrl="#jag_id_grid">
		<SimpleData name="env.jag_id">743</SimpleData>
	</SchemaData></ExtendedData>
      <Polygon><outerBoundaryIs><LinearRing><coordinates>18.4291878955,-34.3029175233333 18.4291878955,-34.300294013 18.43181140575,-34.300294013 18.43181140575,-34.3029175233333 18.4291878955,-34.3029175233333</coordinates></LinearRing></outerBoundaryIs></Polygon>
  </Placemark>
  <Placemark>
	<Style><LineStyle><color>ff0000ff</color></LineStyle><PolyStyle><fill>0</fill></PolyStyle></Style>
	<ExtendedData><SchemaData schemaUrl="#jag_id_grid">
		<SimpleData name="env.jag_id">782</SimpleData>
	</SchemaData></ExtendedData>
      <Polygon><outerBoundaryIs><LinearRing><coordinates>18.43181140575,-34.3029175233333 18.43181140575,-34.300294013 18.434434916,-34.300294013 18.434434916,-34.3029175233333 18.43181140575,-34.3029175233333</coordinates></LinearRing></outerBoundaryIs></Polygon>
  </Placemark>
  <Placemark>
	<Style><LineStyle><color>ff0000ff</color></LineStyle><PolyStyle><fill>0</fill></PolyStyle></Style>
	<ExtendedData><SchemaData schemaUrl="#jag_id_grid">
		<SimpleData name="env.jag_id">822</SimpleData>
	</SchemaData></ExtendedData>
      <Polygon><outerBoundaryIs><LinearRing><coordinates>18.434434916,-34.3029175233333 18.434434916,-34.300294013 18.43705842625,-34.300294013 18.43705842625,-34.3029175233333 18.434434916,-34.3029175233333</coordinates></LinearRing></outerBoundaryIs></Polygon>
  </Placemark>
  <Placemark>
	<Style><LineStyle><color>ff0000ff</color></LineStyle><PolyStyle><fill>0</fill></PolyStyle></Style>
	<ExtendedData><SchemaData schemaUrl="#jag_id_grid">
		<SimpleData name="env.jag_id">862</SimpleData>
	</SchemaData></ExtendedData>
      <Polygon><outerBoundaryIs><LinearRing><coordinates>18.43705842625,-34.3029175233333 18.43705842625,-34.300294013 18.4396819365,-34.300294013 18.4396819365,-34.3029175233333 18.43705842625,-34.3029175233333</coordinates></LinearRing></outerBoundaryIs></Polygon>
  </Placemark>
  <Placemark>
	<Style><LineStyle><color>ff0000ff</color></LineStyle><PolyStyle><fill>0</fill></PolyStyle></Style>
	<ExtendedData><SchemaData schemaUrl="#jag_id_grid">
		<SimpleData name="env.jag_id">903</SimpleData>
	</SchemaData></ExtendedData>
      <Polygon><outerBoundaryIs><LinearRing><coordinates>18.4396819365,-34.3029175233333 18.4396819365,-34.300294013 18.44230544675,-34.300294013 18.44230544675,-34.3029175233333 18.4396819365,-34.3029175233333</coordinates></LinearRing></outerBoundaryIs></Polygon>
  </Placemark>
  <Placemark>
	<Style><LineStyle><color>ff0000ff</color></LineStyle><PolyStyle><fill>0</fill></PolyStyle></Style>
	<ExtendedData><SchemaData schemaUrl="#jag_id_grid">
		<SimpleData name="env.jag_id">944</SimpleData>
	</SchemaData></ExtendedData>
      <Polygon><outerBoundaryIs><LinearRing><coordinates>18.44230544675,-34.3029175233333 18.44230544675,-34.300294013 18.444928957,-34.300294013 18.444928957,-34.3029175233333 18.44230544675,-34.3029175233333</coordinates></LinearRing></outerBoundaryIs></Polygon>
  </Placemark>
  <Placemark>
	<Style><LineStyle><color>ff0000ff</color></LineStyle><PolyStyle><fill>0</fill></PolyStyle></Style>
	<ExtendedData><SchemaData schemaUrl="#jag_id_grid">
		<SimpleData name="env.jag_id">984</SimpleData>
	</SchemaData></ExtendedData>
      <Polygon><outerBoundaryIs><LinearRing><coordinates>18.444928957,-34.3029175233333 18.444928957,-34.300294013 18.44755246725,-34.300294013 18.44755246725,-34.3029175233333 18.444928957,-34.3029175233333</coordinates></LinearRing></outerBoundaryIs></Polygon>
  </Placemark>
  <Placemark>
	<Style><LineStyle><color>ff0000ff</color></LineStyle><PolyStyle><fill>0</fill></PolyStyle></Style>
	<ExtendedData><SchemaData schemaUrl="#jag_id_grid">
		<SimpleData name="env.jag_id">1029</SimpleData>
	</SchemaData></ExtendedData>
      <Polygon><outerBoundaryIs><LinearRing><coordinates>18.44755246725,-34.3029175233333 18.44755246725,-34.300294013 18.4501759775,-34.300294013 18.4501759775,-34.3029175233333 18.44755246725,-34.3029175233333</coordinates></LinearRing></outerBoundaryIs></Polygon>
  </Placemark>
  <Placemark>
	<Style><LineStyle><color>ff0000ff</color></LineStyle><PolyStyle><fill>0</fill></PolyStyle></Style>
	<ExtendedData><SchemaData schemaUrl="#jag_id_grid">
		<SimpleData name="env.jag_id">1075</SimpleData>
	</SchemaData></ExtendedData>
      <Polygon><outerBoundaryIs><LinearRing><coordinates>18.4501759775,-34.3029175233333 18.4501759775,-34.300294013 18.45279948775,-34.300294013 18.45279948775,-34.3029175233333 18.4501759775,-34.3029175233333</coordinates></LinearRing></outerBoundaryIs></Polygon>
  </Placemark>
  <Placemark>
	<Style><LineStyle><color>ff0000ff</color></LineStyle><PolyStyle><fill>0</fill></PolyStyle></Style>
	<ExtendedData><SchemaData schemaUrl="#jag_id_grid">
		<SimpleData name="env.jag_id">1115</SimpleData>
	</SchemaData></ExtendedData>
      <Polygon><outerBoundaryIs><LinearRing><coordinates>18.45279948775,-34.3029175233333 18.45279948775,-34.300294013 18.455422998,-34.300294013 18.455422998,-34.3029175233333 18.45279948775,-34.3029175233333</coordinates></LinearRing></outerBoundaryIs></Polygon>
  </Placemark>
  <Placemark>
	<Style><LineStyle><color>ff0000ff</color></LineStyle><PolyStyle><fill>0</fill></PolyStyle></Style>
	<ExtendedData><SchemaData schemaUrl="#jag_id_grid">
		<SimpleData name="env.jag_id">1157</SimpleData>
	</SchemaData></ExtendedData>
      <Polygon><outerBoundaryIs><LinearRing><coordinates>18.455422998,-34.3029175233333 18.455422998,-34.300294013 18.45804650825,-34.300294013 18.45804650825,-34.3029175233333 18.455422998,-34.3029175233333</coordinates></LinearRing></outerBoundaryIs></Polygon>
  </Placemark>
  <Placemark>
	<Style><LineStyle><color>ff0000ff</color></LineStyle><PolyStyle><fill>0</fill></PolyStyle></Style>
	<ExtendedData><SchemaData schemaUrl="#jag_id_grid">
		<SimpleData name="env.jag_id">1198</SimpleData>
	</SchemaData></ExtendedData>
      <Polygon><outerBoundaryIs><LinearRing><coordinates>18.45804650825,-34.3029175233333 18.45804650825,-34.300294013 18.4606700185,-34.300294013 18.4606700185,-34.3029175233333 18.45804650825,-34.3029175233333</coordinates></LinearRing></outerBoundaryIs></Polygon>
  </Placemark>
  <Placemark>
	<Style><LineStyle><color>ff0000ff</color></LineStyle><PolyStyle><fill>0</fill></PolyStyle></Style>
	<ExtendedData><SchemaData schemaUrl="#jag_id_grid">
		<SimpleData name="env.jag_id">355</SimpleData>
	</SchemaData></ExtendedData>
      <Polygon><outerBoundaryIs><LinearRing><coordinates>18.40557630325,-34.3055410336667 18.40557630325,-34.3029175233333 18.4081998135,-34.3029175233333 18.4081998135,-34.3055410336667 18.40557630325,-34.3055410336667</coordinates></LinearRing></outerBoundaryIs></Polygon>
  </Placemark>
  <Placemark>
	<Style><LineStyle><color>ff0000ff</color></LineStyle><PolyStyle><fill>0</fill></PolyStyle></Style>
	<ExtendedData><SchemaData schemaUrl="#jag_id_grid">
		<SimpleData name="env.jag_id">393</SimpleData>
	</SchemaData></ExtendedData>
      <Polygon><outerBoundaryIs><LinearRing><coordinates>18.4081998135,-34.3055410336667 18.4081998135,-34.3029175233333 18.41082332375,-34.3029175233333 18.41082332375,-34.3055410336667 18.4081998135,-34.3055410336667</coordinates></LinearRing></outerBoundaryIs></Polygon>
  </Placemark>
  <Placemark>
	<Style><LineStyle><color>ff0000ff</color></LineStyle><PolyStyle><fill>0</fill></PolyStyle></Style>
	<ExtendedData><SchemaData schemaUrl="#jag_id_grid">
		<SimpleData name="env.jag_id">435</SimpleData>
	</SchemaData></ExtendedData>
      <Polygon><outerBoundaryIs><LinearRing><coordinates>18.41082332375,-34.3055410336667 18.41082332375,-34.3029175233333 18.413446834,-34.3029175233333 18.413446834,-34.3055410336667 18.41082332375,-34.3055410336667</coordinates></LinearRing></outerBoundaryIs></Polygon>
  </Placemark>
  <Placemark>
	<Style><LineStyle><color>ff0000ff</color></LineStyle><PolyStyle><fill>0</fill></PolyStyle></Style>
	<ExtendedData><SchemaData schemaUrl="#jag_id_grid">
		<SimpleData name="env.jag_id">478</SimpleData>
	</SchemaData></ExtendedData>
      <Polygon><outerBoundaryIs><LinearRing><coordinates>18.413446834,-34.3055410336667 18.413446834,-34.3029175233333 18.41607034425,-34.3029175233333 18.41607034425,-34.3055410336667 18.413446834,-34.3055410336667</coordinates></LinearRing></outerBoundaryIs></Polygon>
  </Placemark>
  <Placemark>
	<Style><LineStyle><color>ff0000ff</color></LineStyle><PolyStyle><fill>0</fill></PolyStyle></Style>
	<ExtendedData><SchemaData schemaUrl="#jag_id_grid">
		<SimpleData name="env.jag_id">523</SimpleData>
	</SchemaData></ExtendedData>
      <Polygon><outerBoundaryIs><LinearRing><coordinates>18.41607034425,-34.3055410336667 18.41607034425,-34.3029175233333 18.4186938545,-34.3029175233333 18.4186938545,-34.3055410336667 18.41607034425,-34.3055410336667</coordinates></LinearRing></outerBoundaryIs></Polygon>
  </Placemark>
  <Placemark>
	<Style><LineStyle><color>ff0000ff</color></LineStyle><PolyStyle><fill>0</fill></PolyStyle></Style>
	<ExtendedData><SchemaData schemaUrl="#jag_id_grid">
		<SimpleData name="env.jag_id">568</SimpleData>
	</SchemaData></ExtendedData>
      <Polygon><outerBoundaryIs><LinearRing><coordinates>18.4186938545,-34.3055410336667 18.4186938545,-34.3029175233333 18.42131736475,-34.3029175233333 18.42131736475,-34.3055410336667 18.4186938545,-34.3055410336667</coordinates></LinearRing></outerBoundaryIs></Polygon>
  </Placemark>
  <Placemark>
	<Style><LineStyle><color>ff0000ff</color></LineStyle><PolyStyle><fill>0</fill></PolyStyle></Style>
	<ExtendedData><SchemaData schemaUrl="#jag_id_grid">
		<SimpleData name="env.jag_id">614</SimpleData>
	</SchemaData></ExtendedData>
      <Polygon><outerBoundaryIs><LinearRing><coordinates>18.42131736475,-34.3055410336667 18.42131736475,-34.3029175233333 18.423940875,-34.3029175233333 18.423940875,-34.3055410336667 18.42131736475,-34.3055410336667</coordinates></LinearRing></outerBoundaryIs></Polygon>
  </Placemark>
  <Placemark>
	<Style><LineStyle><color>ff0000ff</color></LineStyle><PolyStyle><fill>0</fill></PolyStyle></Style>
	<ExtendedData><SchemaData schemaUrl="#jag_id_grid">
		<SimpleData name="env.jag_id">660</SimpleData>
	</SchemaData></ExtendedData>
      <Polygon><outerBoundaryIs><LinearRing><coordinates>18.423940875,-34.3055410336667 18.423940875,-34.3029175233333 18.42656438525,-34.3029175233333 18.42656438525,-34.3055410336667 18.423940875,-34.3055410336667</coordinates></LinearRing></outerBoundaryIs></Polygon>
  </Placemark>
  <Placemark>
	<Style><LineStyle><color>ff0000ff</color></LineStyle><PolyStyle><fill>0</fill></PolyStyle></Style>
	<ExtendedData><SchemaData schemaUrl="#jag_id_grid">
		<SimpleData name="env.jag_id">701</SimpleData>
	</SchemaData></ExtendedData>
      <Polygon><outerBoundaryIs><LinearRing><coordinates>18.42656438525,-34.3055410336667 18.42656438525,-34.3029175233333 18.4291878955,-34.3029175233333 18.4291878955,-34.3055410336667 18.42656438525,-34.3055410336667</coordinates></LinearRing></outerBoundaryIs></Polygon>
  </Placemark>
  <Placemark>
	<Style><LineStyle><color>ff0000ff</color></LineStyle><PolyStyle><fill>0</fill></PolyStyle></Style>
	<ExtendedData><SchemaData schemaUrl="#jag_id_grid">
		<SimpleData name="env.jag_id">744</SimpleData>
	</SchemaData></ExtendedData>
      <Polygon><outerBoundaryIs><LinearRing><coordinates>18.4291878955,-34.3055410336667 18.4291878955,-34.3029175233333 18.43181140575,-34.3029175233333 18.43181140575,-34.3055410336667 18.4291878955,-34.3055410336667</coordinates></LinearRing></outerBoundaryIs></Polygon>
  </Placemark>
  <Placemark>
	<Style><LineStyle><color>ff0000ff</color></LineStyle><PolyStyle><fill>0</fill></PolyStyle></Style>
	<ExtendedData><SchemaData schemaUrl="#jag_id_grid">
		<SimpleData name="env.jag_id">783</SimpleData>
	</SchemaData></ExtendedData>
      <Polygon><outerBoundaryIs><LinearRing><coordinates>18.43181140575,-34.3055410336667 18.43181140575,-34.3029175233333 18.434434916,-34.3029175233333 18.434434916,-34.3055410336667 18.43181140575,-34.3055410336667</coordinates></LinearRing></outerBoundaryIs></Polygon>
  </Placemark>
  <Placemark>
	<Style><LineStyle><color>ff0000ff</color></LineStyle><PolyStyle><fill>0</fill></PolyStyle></Style>
	<ExtendedData><SchemaData schemaUrl="#jag_id_grid">
		<SimpleData name="env.jag_id">823</SimpleData>
	</SchemaData></ExtendedData>
      <Polygon><outerBoundaryIs><LinearRing><coordinates>18.434434916,-34.3055410336667 18.434434916,-34.3029175233333 18.43705842625,-34.3029175233333 18.43705842625,-34.3055410336667 18.434434916,-34.3055410336667</coordinates></LinearRing></outerBoundaryIs></Polygon>
  </Placemark>
  <Placemark>
	<Style><LineStyle><color>ff0000ff</color></LineStyle><PolyStyle><fill>0</fill></PolyStyle></Style>
	<ExtendedData><SchemaData schemaUrl="#jag_id_grid">
		<SimpleData name="env.jag_id">863</SimpleData>
	</SchemaData></ExtendedData>
      <Polygon><outerBoundaryIs><LinearRing><coordinates>18.43705842625,-34.3055410336667 18.43705842625,-34.3029175233333 18.4396819365,-34.3029175233333 18.4396819365,-34.3055410336667 18.43705842625,-34.3055410336667</coordinates></LinearRing></outerBoundaryIs></Polygon>
  </Placemark>
  <Placemark>
	<Style><LineStyle><color>ff0000ff</color></LineStyle><PolyStyle><fill>0</fill></PolyStyle></Style>
	<ExtendedData><SchemaData schemaUrl="#jag_id_grid">
		<SimpleData name="env.jag_id">904</SimpleData>
	</SchemaData></ExtendedData>
      <Polygon><outerBoundaryIs><LinearRing><coordinates>18.4396819365,-34.3055410336667 18.4396819365,-34.3029175233333 18.44230544675,-34.3029175233333 18.44230544675,-34.3055410336667 18.4396819365,-34.3055410336667</coordinates></LinearRing></outerBoundaryIs></Polygon>
  </Placemark>
  <Placemark>
	<Style><LineStyle><color>ff0000ff</color></LineStyle><PolyStyle><fill>0</fill></PolyStyle></Style>
	<ExtendedData><SchemaData schemaUrl="#jag_id_grid">
		<SimpleData name="env.jag_id">945</SimpleData>
	</SchemaData></ExtendedData>
      <Polygon><outerBoundaryIs><LinearRing><coordinates>18.44230544675,-34.3055410336667 18.44230544675,-34.3029175233333 18.444928957,-34.3029175233333 18.444928957,-34.3055410336667 18.44230544675,-34.3055410336667</coordinates></LinearRing></outerBoundaryIs></Polygon>
  </Placemark>
  <Placemark>
	<Style><LineStyle><color>ff0000ff</color></LineStyle><PolyStyle><fill>0</fill></PolyStyle></Style>
	<ExtendedData><SchemaData schemaUrl="#jag_id_grid">
		<SimpleData name="env.jag_id">985</SimpleData>
	</SchemaData></ExtendedData>
      <Polygon><outerBoundaryIs><LinearRing><coordinates>18.444928957,-34.3055410336667 18.444928957,-34.3029175233333 18.44755246725,-34.3029175233333 18.44755246725,-34.3055410336667 18.444928957,-34.3055410336667</coordinates></LinearRing></outerBoundaryIs></Polygon>
  </Placemark>
  <Placemark>
	<Style><LineStyle><color>ff0000ff</color></LineStyle><PolyStyle><fill>0</fill></PolyStyle></Style>
	<ExtendedData><SchemaData schemaUrl="#jag_id_grid">
		<SimpleData name="env.jag_id">1030</SimpleData>
	</SchemaData></ExtendedData>
      <Polygon><outerBoundaryIs><LinearRing><coordinates>18.44755246725,-34.3055410336667 18.44755246725,-34.3029175233333 18.4501759775,-34.3029175233333 18.4501759775,-34.3055410336667 18.44755246725,-34.3055410336667</coordinates></LinearRing></outerBoundaryIs></Polygon>
  </Placemark>
  <Placemark>
	<Style><LineStyle><color>ff0000ff</color></LineStyle><PolyStyle><fill>0</fill></PolyStyle></Style>
	<ExtendedData><SchemaData schemaUrl="#jag_id_grid">
		<SimpleData name="env.jag_id">1076</SimpleData>
	</SchemaData></ExtendedData>
      <Polygon><outerBoundaryIs><LinearRing><coordinates>18.4501759775,-34.3055410336667 18.4501759775,-34.3029175233333 18.45279948775,-34.3029175233333 18.45279948775,-34.3055410336667 18.4501759775,-34.3055410336667</coordinates></LinearRing></outerBoundaryIs></Polygon>
  </Placemark>
  <Placemark>
	<Style><LineStyle><color>ff0000ff</color></LineStyle><PolyStyle><fill>0</fill></PolyStyle></Style>
	<ExtendedData><SchemaData schemaUrl="#jag_id_grid">
		<SimpleData name="env.jag_id">1116</SimpleData>
	</SchemaData></ExtendedData>
      <Polygon><outerBoundaryIs><LinearRing><coordinates>18.45279948775,-34.3055410336667 18.45279948775,-34.3029175233333 18.455422998,-34.3029175233333 18.455422998,-34.3055410336667 18.45279948775,-34.3055410336667</coordinates></LinearRing></outerBoundaryIs></Polygon>
  </Placemark>
  <Placemark>
	<Style><LineStyle><color>ff0000ff</color></LineStyle><PolyStyle><fill>0</fill></PolyStyle></Style>
	<ExtendedData><SchemaData schemaUrl="#jag_id_grid">
		<SimpleData name="env.jag_id">1158</SimpleData>
	</SchemaData></ExtendedData>
      <Polygon><outerBoundaryIs><LinearRing><coordinates>18.455422998,-34.3055410336667 18.455422998,-34.3029175233333 18.45804650825,-34.3029175233333 18.45804650825,-34.3055410336667 18.455422998,-34.3055410336667</coordinates></LinearRing></outerBoundaryIs></Polygon>
  </Placemark>
  <Placemark>
	<Style><LineStyle><color>ff0000ff</color></LineStyle><PolyStyle><fill>0</fill></PolyStyle></Style>
	<ExtendedData><SchemaData schemaUrl="#jag_id_grid">
		<SimpleData name="env.jag_id">1199</SimpleData>
	</SchemaData></ExtendedData>
      <Polygon><outerBoundaryIs><LinearRing><coordinates>18.45804650825,-34.3055410336667 18.45804650825,-34.3029175233333 18.4606700185,-34.3029175233333 18.4606700185,-34.3055410336667 18.45804650825,-34.3055410336667</coordinates></LinearRing></outerBoundaryIs></Polygon>
  </Placemark>
  <Placemark>
	<Style><LineStyle><color>ff0000ff</color></LineStyle><PolyStyle><fill>0</fill></PolyStyle></Style>
	<ExtendedData><SchemaData schemaUrl="#jag_id_grid">
		<SimpleData name="env.jag_id">356</SimpleData>
	</SchemaData></ExtendedData>
      <Polygon><outerBoundaryIs><LinearRing><coordinates>18.40557630325,-34.308164544 18.40557630325,-34.3055410336667 18.4081998135,-34.3055410336667 18.4081998135,-34.308164544 18.40557630325,-34.308164544</coordinates></LinearRing></outerBoundaryIs></Polygon>
  </Placemark>
  <Placemark>
	<Style><LineStyle><color>ff0000ff</color></LineStyle><PolyStyle><fill>0</fill></PolyStyle></Style>
	<ExtendedData><SchemaData schemaUrl="#jag_id_grid">
		<SimpleData name="env.jag_id">394</SimpleData>
	</SchemaData></ExtendedData>
      <Polygon><outerBoundaryIs><LinearRing><coordinates>18.4081998135,-34.308164544 18.4081998135,-34.3055410336667 18.41082332375,-34.3055410336667 18.41082332375,-34.308164544 18.4081998135,-34.308164544</coordinates></LinearRing></outerBoundaryIs></Polygon>
  </Placemark>
  <Placemark>
	<Style><LineStyle><color>ff0000ff</color></LineStyle><PolyStyle><fill>0</fill></PolyStyle></Style>
	<ExtendedData><SchemaData schemaUrl="#jag_id_grid">
		<SimpleData name="env.jag_id">436</SimpleData>
	</SchemaData></ExtendedData>
      <Polygon><outerBoundaryIs><LinearRing><coordinates>18.41082332375,-34.308164544 18.41082332375,-34.3055410336667 18.413446834,-34.3055410336667 18.413446834,-34.308164544 18.41082332375,-34.308164544</coordinates></LinearRing></outerBoundaryIs></Polygon>
  </Placemark>
  <Placemark>
	<Style><LineStyle><color>ff0000ff</color></LineStyle><PolyStyle><fill>0</fill></PolyStyle></Style>
	<ExtendedData><SchemaData schemaUrl="#jag_id_grid">
		<SimpleData name="env.jag_id">479</SimpleData>
	</SchemaData></ExtendedData>
      <Polygon><outerBoundaryIs><LinearRing><coordinates>18.413446834,-34.308164544 18.413446834,-34.3055410336667 18.41607034425,-34.3055410336667 18.41607034425,-34.308164544 18.413446834,-34.308164544</coordinates></LinearRing></outerBoundaryIs></Polygon>
  </Placemark>
  <Placemark>
	<Style><LineStyle><color>ff0000ff</color></LineStyle><PolyStyle><fill>0</fill></PolyStyle></Style>
	<ExtendedData><SchemaData schemaUrl="#jag_id_grid">
		<SimpleData name="env.jag_id">524</SimpleData>
	</SchemaData></ExtendedData>
      <Polygon><outerBoundaryIs><LinearRing><coordinates>18.41607034425,-34.308164544 18.41607034425,-34.3055410336667 18.4186938545,-34.3055410336667 18.4186938545,-34.308164544 18.41607034425,-34.308164544</coordinates></LinearRing></outerBoundaryIs></Polygon>
  </Placemark>
  <Placemark>
	<Style><LineStyle><color>ff0000ff</color></LineStyle><PolyStyle><fill>0</fill></PolyStyle></Style>
	<ExtendedData><SchemaData schemaUrl="#jag_id_grid">
		<SimpleData name="env.jag_id">569</SimpleData>
	</SchemaData></ExtendedData>
      <Polygon><outerBoundaryIs><LinearRing><coordinates>18.4186938545,-34.308164544 18.4186938545,-34.3055410336667 18.42131736475,-34.3055410336667 18.42131736475,-34.308164544 18.4186938545,-34.308164544</coordinates></LinearRing></outerBoundaryIs></Polygon>
  </Placemark>
  <Placemark>
	<Style><LineStyle><color>ff0000ff</color></LineStyle><PolyStyle><fill>0</fill></PolyStyle></Style>
	<ExtendedData><SchemaData schemaUrl="#jag_id_grid">
		<SimpleData name="env.jag_id">615</SimpleData>
	</SchemaData></ExtendedData>
      <Polygon><outerBoundaryIs><LinearRing><coordinates>18.42131736475,-34.308164544 18.42131736475,-34.3055410336667 18.423940875,-34.3055410336667 18.423940875,-34.308164544 18.42131736475,-34.308164544</coordinates></LinearRing></outerBoundaryIs></Polygon>
  </Placemark>
  <Placemark>
	<Style><LineStyle><color>ff0000ff</color></LineStyle><PolyStyle><fill>0</fill></PolyStyle></Style>
	<ExtendedData><SchemaData schemaUrl="#jag_id_grid">
		<SimpleData name="env.jag_id">661</SimpleData>
	</SchemaData></ExtendedData>
      <Polygon><outerBoundaryIs><LinearRing><coordinates>18.423940875,-34.308164544 18.423940875,-34.3055410336667 18.42656438525,-34.3055410336667 18.42656438525,-34.308164544 18.423940875,-34.308164544</coordinates></LinearRing></outerBoundaryIs></Polygon>
  </Placemark>
  <Placemark>
	<Style><LineStyle><color>ff0000ff</color></LineStyle><PolyStyle><fill>0</fill></PolyStyle></Style>
	<ExtendedData><SchemaData schemaUrl="#jag_id_grid">
		<SimpleData name="env.jag_id">702</SimpleData>
	</SchemaData></ExtendedData>
      <Polygon><outerBoundaryIs><LinearRing><coordinates>18.42656438525,-34.308164544 18.42656438525,-34.3055410336667 18.4291878955,-34.3055410336667 18.4291878955,-34.308164544 18.42656438525,-34.308164544</coordinates></LinearRing></outerBoundaryIs></Polygon>
  </Placemark>
  <Placemark>
	<Style><LineStyle><color>ff0000ff</color></LineStyle><PolyStyle><fill>0</fill></PolyStyle></Style>
	<ExtendedData><SchemaData schemaUrl="#jag_id_grid">
		<SimpleData name="env.jag_id">745</SimpleData>
	</SchemaData></ExtendedData>
      <Polygon><outerBoundaryIs><LinearRing><coordinates>18.4291878955,-34.308164544 18.4291878955,-34.3055410336667 18.43181140575,-34.3055410336667 18.43181140575,-34.308164544 18.4291878955,-34.308164544</coordinates></LinearRing></outerBoundaryIs></Polygon>
  </Placemark>
  <Placemark>
	<Style><LineStyle><color>ff0000ff</color></LineStyle><PolyStyle><fill>0</fill></PolyStyle></Style>
	<ExtendedData><SchemaData schemaUrl="#jag_id_grid">
		<SimpleData name="env.jag_id">784</SimpleData>
	</SchemaData></ExtendedData>
      <Polygon><outerBoundaryIs><LinearRing><coordinates>18.43181140575,-34.308164544 18.43181140575,-34.3055410336667 18.434434916,-34.3055410336667 18.434434916,-34.308164544 18.43181140575,-34.308164544</coordinates></LinearRing></outerBoundaryIs></Polygon>
  </Placemark>
  <Placemark>
	<Style><LineStyle><color>ff0000ff</color></LineStyle><PolyStyle><fill>0</fill></PolyStyle></Style>
	<ExtendedData><SchemaData schemaUrl="#jag_id_grid">
		<SimpleData name="env.jag_id">824</SimpleData>
	</SchemaData></ExtendedData>
      <Polygon><outerBoundaryIs><LinearRing><coordinates>18.434434916,-34.308164544 18.434434916,-34.3055410336667 18.43705842625,-34.3055410336667 18.43705842625,-34.308164544 18.434434916,-34.308164544</coordinates></LinearRing></outerBoundaryIs></Polygon>
  </Placemark>
  <Placemark>
	<Style><LineStyle><color>ff0000ff</color></LineStyle><PolyStyle><fill>0</fill></PolyStyle></Style>
	<ExtendedData><SchemaData schemaUrl="#jag_id_grid">
		<SimpleData name="env.jag_id">864</SimpleData>
	</SchemaData></ExtendedData>
      <Polygon><outerBoundaryIs><LinearRing><coordinates>18.43705842625,-34.308164544 18.43705842625,-34.3055410336667 18.4396819365,-34.3055410336667 18.4396819365,-34.308164544 18.43705842625,-34.308164544</coordinates></LinearRing></outerBoundaryIs></Polygon>
  </Placemark>
  <Placemark>
	<Style><LineStyle><color>ff0000ff</color></LineStyle><PolyStyle><fill>0</fill></PolyStyle></Style>
	<ExtendedData><SchemaData schemaUrl="#jag_id_grid">
		<SimpleData name="env.jag_id">905</SimpleData>
	</SchemaData></ExtendedData>
      <Polygon><outerBoundaryIs><LinearRing><coordinates>18.4396819365,-34.308164544 18.4396819365,-34.3055410336667 18.44230544675,-34.3055410336667 18.44230544675,-34.308164544 18.4396819365,-34.308164544</coordinates></LinearRing></outerBoundaryIs></Polygon>
  </Placemark>
  <Placemark>
	<Style><LineStyle><color>ff0000ff</color></LineStyle><PolyStyle><fill>0</fill></PolyStyle></Style>
	<ExtendedData><SchemaData schemaUrl="#jag_id_grid">
		<SimpleData name="env.jag_id">946</SimpleData>
	</SchemaData></ExtendedData>
      <Polygon><outerBoundaryIs><LinearRing><coordinates>18.44230544675,-34.308164544 18.44230544675,-34.3055410336667 18.444928957,-34.3055410336667 18.444928957,-34.308164544 18.44230544675,-34.308164544</coordinates></LinearRing></outerBoundaryIs></Polygon>
  </Placemark>
  <Placemark>
	<Style><LineStyle><color>ff0000ff</color></LineStyle><PolyStyle><fill>0</fill></PolyStyle></Style>
	<ExtendedData><SchemaData schemaUrl="#jag_id_grid">
		<SimpleData name="env.jag_id">986</SimpleData>
	</SchemaData></ExtendedData>
      <Polygon><outerBoundaryIs><LinearRing><coordinates>18.444928957,-34.308164544 18.444928957,-34.3055410336667 18.44755246725,-34.3055410336667 18.44755246725,-34.308164544 18.444928957,-34.308164544</coordinates></LinearRing></outerBoundaryIs></Polygon>
  </Placemark>
  <Placemark>
	<Style><LineStyle><color>ff0000ff</color></LineStyle><PolyStyle><fill>0</fill></PolyStyle></Style>
	<ExtendedData><SchemaData schemaUrl="#jag_id_grid">
		<SimpleData name="env.jag_id">1031</SimpleData>
	</SchemaData></ExtendedData>
      <Polygon><outerBoundaryIs><LinearRing><coordinates>18.44755246725,-34.308164544 18.44755246725,-34.3055410336667 18.4501759775,-34.3055410336667 18.4501759775,-34.308164544 18.44755246725,-34.308164544</coordinates></LinearRing></outerBoundaryIs></Polygon>
  </Placemark>
  <Placemark>
	<Style><LineStyle><color>ff0000ff</color></LineStyle><PolyStyle><fill>0</fill></PolyStyle></Style>
	<ExtendedData><SchemaData schemaUrl="#jag_id_grid">
		<SimpleData name="env.jag_id">1077</SimpleData>
	</SchemaData></ExtendedData>
      <Polygon><outerBoundaryIs><LinearRing><coordinates>18.4501759775,-34.308164544 18.4501759775,-34.3055410336667 18.45279948775,-34.3055410336667 18.45279948775,-34.308164544 18.4501759775,-34.308164544</coordinates></LinearRing></outerBoundaryIs></Polygon>
  </Placemark>
  <Placemark>
	<Style><LineStyle><color>ff0000ff</color></LineStyle><PolyStyle><fill>0</fill></PolyStyle></Style>
	<ExtendedData><SchemaData schemaUrl="#jag_id_grid">
		<SimpleData name="env.jag_id">1117</SimpleData>
	</SchemaData></ExtendedData>
      <Polygon><outerBoundaryIs><LinearRing><coordinates>18.45279948775,-34.308164544 18.45279948775,-34.3055410336667 18.455422998,-34.3055410336667 18.455422998,-34.308164544 18.45279948775,-34.308164544</coordinates></LinearRing></outerBoundaryIs></Polygon>
  </Placemark>
  <Placemark>
	<Style><LineStyle><color>ff0000ff</color></LineStyle><PolyStyle><fill>0</fill></PolyStyle></Style>
	<ExtendedData><SchemaData schemaUrl="#jag_id_grid">
		<SimpleData name="env.jag_id">1159</SimpleData>
	</SchemaData></ExtendedData>
      <Polygon><outerBoundaryIs><LinearRing><coordinates>18.455422998,-34.308164544 18.455422998,-34.3055410336667 18.45804650825,-34.3055410336667 18.45804650825,-34.308164544 18.455422998,-34.308164544</coordinates></LinearRing></outerBoundaryIs></Polygon>
  </Placemark>
  <Placemark>
	<Style><LineStyle><color>ff0000ff</color></LineStyle><PolyStyle><fill>0</fill></PolyStyle></Style>
	<ExtendedData><SchemaData schemaUrl="#jag_id_grid">
		<SimpleData name="env.jag_id">1200</SimpleData>
	</SchemaData></ExtendedData>
      <Polygon><outerBoundaryIs><LinearRing><coordinates>18.45804650825,-34.308164544 18.45804650825,-34.3055410336667 18.4606700185,-34.3055410336667 18.4606700185,-34.308164544 18.45804650825,-34.308164544</coordinates></LinearRing></outerBoundaryIs></Polygon>
  </Placemark>
  <Placemark>
	<Style><LineStyle><color>ff0000ff</color></LineStyle><PolyStyle><fill>0</fill></PolyStyle></Style>
	<ExtendedData><SchemaData schemaUrl="#jag_id_grid">
		<SimpleData name="env.jag_id">1235</SimpleData>
	</SchemaData></ExtendedData>
      <Polygon><outerBoundaryIs><LinearRing><coordinates>18.4606700185,-34.308164544 18.4606700185,-34.3055410336667 18.46329352875,-34.3055410336667 18.46329352875,-34.308164544 18.4606700185,-34.308164544</coordinates></LinearRing></outerBoundaryIs></Polygon>
  </Placemark>
  <Placemark>
	<Style><LineStyle><color>ff0000ff</color></LineStyle><PolyStyle><fill>0</fill></PolyStyle></Style>
	<ExtendedData><SchemaData schemaUrl="#jag_id_grid">
		<SimpleData name="env.jag_id">319</SimpleData>
	</SchemaData></ExtendedData>
      <Polygon><outerBoundaryIs><LinearRing><coordinates>18.402952793,-34.3107880543333 18.402952793,-34.308164544 18.40557630325,-34.308164544 18.40557630325,-34.3107880543333 18.402952793,-34.3107880543333</coordinates></LinearRing></outerBoundaryIs></Polygon>
  </Placemark>
  <Placemark>
	<Style><LineStyle><color>ff0000ff</color></LineStyle><PolyStyle><fill>0</fill></PolyStyle></Style>
	<ExtendedData><SchemaData schemaUrl="#jag_id_grid">
		<SimpleData name="env.jag_id">357</SimpleData>
	</SchemaData></ExtendedData>
      <Polygon><outerBoundaryIs><LinearRing><coordinates>18.40557630325,-34.3107880543333 18.40557630325,-34.308164544 18.4081998135,-34.308164544 18.4081998135,-34.3107880543333 18.40557630325,-34.3107880543333</coordinates></LinearRing></outerBoundaryIs></Polygon>
  </Placemark>
  <Placemark>
	<Style><LineStyle><color>ff0000ff</color></LineStyle><PolyStyle><fill>0</fill></PolyStyle></Style>
	<ExtendedData><SchemaData schemaUrl="#jag_id_grid">
		<SimpleData name="env.jag_id">395</SimpleData>
	</SchemaData></ExtendedData>
      <Polygon><outerBoundaryIs><LinearRing><coordinates>18.4081998135,-34.3107880543333 18.4081998135,-34.308164544 18.41082332375,-34.308164544 18.41082332375,-34.3107880543333 18.4081998135,-34.3107880543333</coordinates></LinearRing></outerBoundaryIs></Polygon>
  </Placemark>
  <Placemark>
	<Style><LineStyle><color>ff0000ff</color></LineStyle><PolyStyle><fill>0</fill></PolyStyle></Style>
	<ExtendedData><SchemaData schemaUrl="#jag_id_grid">
		<SimpleData name="env.jag_id">437</SimpleData>
	</SchemaData></ExtendedData>
      <Polygon><outerBoundaryIs><LinearRing><coordinates>18.41082332375,-34.3107880543333 18.41082332375,-34.308164544 18.413446834,-34.308164544 18.413446834,-34.3107880543333 18.41082332375,-34.3107880543333</coordinates></LinearRing></outerBoundaryIs></Polygon>
  </Placemark>
  <Placemark>
	<Style><LineStyle><color>ff0000ff</color></LineStyle><PolyStyle><fill>0</fill></PolyStyle></Style>
	<ExtendedData><SchemaData schemaUrl="#jag_id_grid">
		<SimpleData name="env.jag_id">480</SimpleData>
	</SchemaData></ExtendedData>
      <Polygon><outerBoundaryIs><LinearRing><coordinates>18.413446834,-34.3107880543333 18.413446834,-34.308164544 18.41607034425,-34.308164544 18.41607034425,-34.3107880543333 18.413446834,-34.3107880543333</coordinates></LinearRing></outerBoundaryIs></Polygon>
  </Placemark>
  <Placemark>
	<Style><LineStyle><color>ff0000ff</color></LineStyle><PolyStyle><fill>0</fill></PolyStyle></Style>
	<ExtendedData><SchemaData schemaUrl="#jag_id_grid">
		<SimpleData name="env.jag_id">525</SimpleData>
	</SchemaData></ExtendedData>
      <Polygon><outerBoundaryIs><LinearRing><coordinates>18.41607034425,-34.3107880543333 18.41607034425,-34.308164544 18.4186938545,-34.308164544 18.4186938545,-34.3107880543333 18.41607034425,-34.3107880543333</coordinates></LinearRing></outerBoundaryIs></Polygon>
  </Placemark>
  <Placemark>
	<Style><LineStyle><color>ff0000ff</color></LineStyle><PolyStyle><fill>0</fill></PolyStyle></Style>
	<ExtendedData><SchemaData schemaUrl="#jag_id_grid">
		<SimpleData name="env.jag_id">570</SimpleData>
	</SchemaData></ExtendedData>
      <Polygon><outerBoundaryIs><LinearRing><coordinates>18.4186938545,-34.3107880543333 18.4186938545,-34.308164544 18.42131736475,-34.308164544 18.42131736475,-34.3107880543333 18.4186938545,-34.3107880543333</coordinates></LinearRing></outerBoundaryIs></Polygon>
  </Placemark>
  <Placemark>
	<Style><LineStyle><color>ff0000ff</color></LineStyle><PolyStyle><fill>0</fill></PolyStyle></Style>
	<ExtendedData><SchemaData schemaUrl="#jag_id_grid">
		<SimpleData name="env.jag_id">616</SimpleData>
	</SchemaData></ExtendedData>
      <Polygon><outerBoundaryIs><LinearRing><coordinates>18.42131736475,-34.3107880543333 18.42131736475,-34.308164544 18.423940875,-34.308164544 18.423940875,-34.3107880543333 18.42131736475,-34.3107880543333</coordinates></LinearRing></outerBoundaryIs></Polygon>
  </Placemark>
  <Placemark>
	<Style><LineStyle><color>ff0000ff</color></LineStyle><PolyStyle><fill>0</fill></PolyStyle></Style>
	<ExtendedData><SchemaData schemaUrl="#jag_id_grid">
		<SimpleData name="env.jag_id">662</SimpleData>
	</SchemaData></ExtendedData>
      <Polygon><outerBoundaryIs><LinearRing><coordinates>18.423940875,-34.3107880543333 18.423940875,-34.308164544 18.42656438525,-34.308164544 18.42656438525,-34.3107880543333 18.423940875,-34.3107880543333</coordinates></LinearRing></outerBoundaryIs></Polygon>
  </Placemark>
  <Placemark>
	<Style><LineStyle><color>ff0000ff</color></LineStyle><PolyStyle><fill>0</fill></PolyStyle></Style>
	<ExtendedData><SchemaData schemaUrl="#jag_id_grid">
		<SimpleData name="env.jag_id">703</SimpleData>
	</SchemaData></ExtendedData>
      <Polygon><outerBoundaryIs><LinearRing><coordinates>18.42656438525,-34.3107880543333 18.42656438525,-34.308164544 18.4291878955,-34.308164544 18.4291878955,-34.3107880543333 18.42656438525,-34.3107880543333</coordinates></LinearRing></outerBoundaryIs></Polygon>
  </Placemark>
  <Placemark>
	<Style><LineStyle><color>ff0000ff</color></LineStyle><PolyStyle><fill>0</fill></PolyStyle></Style>
	<ExtendedData><SchemaData schemaUrl="#jag_id_grid">
		<SimpleData name="env.jag_id">746</SimpleData>
	</SchemaData></ExtendedData>
      <Polygon><outerBoundaryIs><LinearRing><coordinates>18.4291878955,-34.3107880543333 18.4291878955,-34.308164544 18.43181140575,-34.308164544 18.43181140575,-34.3107880543333 18.4291878955,-34.3107880543333</coordinates></LinearRing></outerBoundaryIs></Polygon>
  </Placemark>
  <Placemark>
	<Style><LineStyle><color>ff0000ff</color></LineStyle><PolyStyle><fill>0</fill></PolyStyle></Style>
	<ExtendedData><SchemaData schemaUrl="#jag_id_grid">
		<SimpleData name="env.jag_id">785</SimpleData>
	</SchemaData></ExtendedData>
      <Polygon><outerBoundaryIs><LinearRing><coordinates>18.43181140575,-34.3107880543333 18.43181140575,-34.308164544 18.434434916,-34.308164544 18.434434916,-34.3107880543333 18.43181140575,-34.3107880543333</coordinates></LinearRing></outerBoundaryIs></Polygon>
  </Placemark>
  <Placemark>
	<Style><LineStyle><color>ff0000ff</color></LineStyle><PolyStyle><fill>0</fill></PolyStyle></Style>
	<ExtendedData><SchemaData schemaUrl="#jag_id_grid">
		<SimpleData name="env.jag_id">825</SimpleData>
	</SchemaData></ExtendedData>
      <Polygon><outerBoundaryIs><LinearRing><coordinates>18.434434916,-34.3107880543333 18.434434916,-34.308164544 18.43705842625,-34.308164544 18.43705842625,-34.3107880543333 18.434434916,-34.3107880543333</coordinates></LinearRing></outerBoundaryIs></Polygon>
  </Placemark>
  <Placemark>
	<Style><LineStyle><color>ff0000ff</color></LineStyle><PolyStyle><fill>0</fill></PolyStyle></Style>
	<ExtendedData><SchemaData schemaUrl="#jag_id_grid">
		<SimpleData name="env.jag_id">865</SimpleData>
	</SchemaData></ExtendedData>
      <Polygon><outerBoundaryIs><LinearRing><coordinates>18.43705842625,-34.3107880543333 18.43705842625,-34.308164544 18.4396819365,-34.308164544 18.4396819365,-34.3107880543333 18.43705842625,-34.3107880543333</coordinates></LinearRing></outerBoundaryIs></Polygon>
  </Placemark>
  <Placemark>
	<Style><LineStyle><color>ff0000ff</color></LineStyle><PolyStyle><fill>0</fill></PolyStyle></Style>
	<ExtendedData><SchemaData schemaUrl="#jag_id_grid">
		<SimpleData name="env.jag_id">906</SimpleData>
	</SchemaData></ExtendedData>
      <Polygon><outerBoundaryIs><LinearRing><coordinates>18.4396819365,-34.3107880543333 18.4396819365,-34.308164544 18.44230544675,-34.308164544 18.44230544675,-34.3107880543333 18.4396819365,-34.3107880543333</coordinates></LinearRing></outerBoundaryIs></Polygon>
  </Placemark>
  <Placemark>
	<Style><LineStyle><color>ff0000ff</color></LineStyle><PolyStyle><fill>0</fill></PolyStyle></Style>
	<ExtendedData><SchemaData schemaUrl="#jag_id_grid">
		<SimpleData name="env.jag_id">947</SimpleData>
	</SchemaData></ExtendedData>
      <Polygon><outerBoundaryIs><LinearRing><coordinates>18.44230544675,-34.3107880543333 18.44230544675,-34.308164544 18.444928957,-34.308164544 18.444928957,-34.3107880543333 18.44230544675,-34.3107880543333</coordinates></LinearRing></outerBoundaryIs></Polygon>
  </Placemark>
  <Placemark>
	<Style><LineStyle><color>ff0000ff</color></LineStyle><PolyStyle><fill>0</fill></PolyStyle></Style>
	<ExtendedData><SchemaData schemaUrl="#jag_id_grid">
		<SimpleData name="env.jag_id">987</SimpleData>
	</SchemaData></ExtendedData>
      <Polygon><outerBoundaryIs><LinearRing><coordinates>18.444928957,-34.3107880543333 18.444928957,-34.308164544 18.44755246725,-34.308164544 18.44755246725,-34.3107880543333 18.444928957,-34.3107880543333</coordinates></LinearRing></outerBoundaryIs></Polygon>
  </Placemark>
  <Placemark>
	<Style><LineStyle><color>ff0000ff</color></LineStyle><PolyStyle><fill>0</fill></PolyStyle></Style>
	<ExtendedData><SchemaData schemaUrl="#jag_id_grid">
		<SimpleData name="env.jag_id">1032</SimpleData>
	</SchemaData></ExtendedData>
      <Polygon><outerBoundaryIs><LinearRing><coordinates>18.44755246725,-34.3107880543333 18.44755246725,-34.308164544 18.4501759775,-34.308164544 18.4501759775,-34.3107880543333 18.44755246725,-34.3107880543333</coordinates></LinearRing></outerBoundaryIs></Polygon>
  </Placemark>
  <Placemark>
	<Style><LineStyle><color>ff0000ff</color></LineStyle><PolyStyle><fill>0</fill></PolyStyle></Style>
	<ExtendedData><SchemaData schemaUrl="#jag_id_grid">
		<SimpleData name="env.jag_id">1078</SimpleData>
	</SchemaData></ExtendedData>
      <Polygon><outerBoundaryIs><LinearRing><coordinates>18.4501759775,-34.3107880543333 18.4501759775,-34.308164544 18.45279948775,-34.308164544 18.45279948775,-34.3107880543333 18.4501759775,-34.3107880543333</coordinates></LinearRing></outerBoundaryIs></Polygon>
  </Placemark>
  <Placemark>
	<Style><LineStyle><color>ff0000ff</color></LineStyle><PolyStyle><fill>0</fill></PolyStyle></Style>
	<ExtendedData><SchemaData schemaUrl="#jag_id_grid">
		<SimpleData name="env.jag_id">1118</SimpleData>
	</SchemaData></ExtendedData>
      <Polygon><outerBoundaryIs><LinearRing><coordinates>18.45279948775,-34.3107880543333 18.45279948775,-34.308164544 18.455422998,-34.308164544 18.455422998,-34.3107880543333 18.45279948775,-34.3107880543333</coordinates></LinearRing></outerBoundaryIs></Polygon>
  </Placemark>
  <Placemark>
	<Style><LineStyle><color>ff0000ff</color></LineStyle><PolyStyle><fill>0</fill></PolyStyle></Style>
	<ExtendedData><SchemaData schemaUrl="#jag_id_grid">
		<SimpleData name="env.jag_id">1160</SimpleData>
	</SchemaData></ExtendedData>
      <Polygon><outerBoundaryIs><LinearRing><coordinates>18.455422998,-34.3107880543333 18.455422998,-34.308164544 18.45804650825,-34.308164544 18.45804650825,-34.3107880543333 18.455422998,-34.3107880543333</coordinates></LinearRing></outerBoundaryIs></Polygon>
  </Placemark>
  <Placemark>
	<Style><LineStyle><color>ff0000ff</color></LineStyle><PolyStyle><fill>0</fill></PolyStyle></Style>
	<ExtendedData><SchemaData schemaUrl="#jag_id_grid">
		<SimpleData name="env.jag_id">396</SimpleData>
	</SchemaData></ExtendedData>
      <Polygon><outerBoundaryIs><LinearRing><coordinates>18.4081998135,-34.3134115646667 18.4081998135,-34.3107880543333 18.41082332375,-34.3107880543333 18.41082332375,-34.3134115646667 18.4081998135,-34.3134115646667</coordinates></LinearRing></outerBoundaryIs></Polygon>
  </Placemark>
  <Placemark>
	<Style><LineStyle><color>ff0000ff</color></LineStyle><PolyStyle><fill>0</fill></PolyStyle></Style>
	<ExtendedData><SchemaData schemaUrl="#jag_id_grid">
		<SimpleData name="env.jag_id">438</SimpleData>
	</SchemaData></ExtendedData>
      <Polygon><outerBoundaryIs><LinearRing><coordinates>18.41082332375,-34.3134115646667 18.41082332375,-34.3107880543333 18.413446834,-34.3107880543333 18.413446834,-34.3134115646667 18.41082332375,-34.3134115646667</coordinates></LinearRing></outerBoundaryIs></Polygon>
  </Placemark>
  <Placemark>
	<Style><LineStyle><color>ff0000ff</color></LineStyle><PolyStyle><fill>0</fill></PolyStyle></Style>
	<ExtendedData><SchemaData schemaUrl="#jag_id_grid">
		<SimpleData name="env.jag_id">481</SimpleData>
	</SchemaData></ExtendedData>
      <Polygon><outerBoundaryIs><LinearRing><coordinates>18.413446834,-34.3134115646667 18.413446834,-34.3107880543333 18.41607034425,-34.3107880543333 18.41607034425,-34.3134115646667 18.413446834,-34.3134115646667</coordinates></LinearRing></outerBoundaryIs></Polygon>
  </Placemark>
  <Placemark>
	<Style><LineStyle><color>ff0000ff</color></LineStyle><PolyStyle><fill>0</fill></PolyStyle></Style>
	<ExtendedData><SchemaData schemaUrl="#jag_id_grid">
		<SimpleData name="env.jag_id">526</SimpleData>
	</SchemaData></ExtendedData>
      <Polygon><outerBoundaryIs><LinearRing><coordinates>18.41607034425,-34.3134115646667 18.41607034425,-34.3107880543333 18.4186938545,-34.3107880543333 18.4186938545,-34.3134115646667 18.41607034425,-34.3134115646667</coordinates></LinearRing></outerBoundaryIs></Polygon>
  </Placemark>
  <Placemark>
	<Style><LineStyle><color>ff0000ff</color></LineStyle><PolyStyle><fill>0</fill></PolyStyle></Style>
	<ExtendedData><SchemaData schemaUrl="#jag_id_grid">
		<SimpleData name="env.jag_id">571</SimpleData>
	</SchemaData></ExtendedData>
      <Polygon><outerBoundaryIs><LinearRing><coordinates>18.4186938545,-34.3134115646667 18.4186938545,-34.3107880543333 18.42131736475,-34.3107880543333 18.42131736475,-34.3134115646667 18.4186938545,-34.3134115646667</coordinates></LinearRing></outerBoundaryIs></Polygon>
  </Placemark>
  <Placemark>
	<Style><LineStyle><color>ff0000ff</color></LineStyle><PolyStyle><fill>0</fill></PolyStyle></Style>
	<ExtendedData><SchemaData schemaUrl="#jag_id_grid">
		<SimpleData name="env.jag_id">617</SimpleData>
	</SchemaData></ExtendedData>
      <Polygon><outerBoundaryIs><LinearRing><coordinates>18.42131736475,-34.3134115646667 18.42131736475,-34.3107880543333 18.423940875,-34.3107880543333 18.423940875,-34.3134115646667 18.42131736475,-34.3134115646667</coordinates></LinearRing></outerBoundaryIs></Polygon>
  </Placemark>
  <Placemark>
	<Style><LineStyle><color>ff0000ff</color></LineStyle><PolyStyle><fill>0</fill></PolyStyle></Style>
	<ExtendedData><SchemaData schemaUrl="#jag_id_grid">
		<SimpleData name="env.jag_id">663</SimpleData>
	</SchemaData></ExtendedData>
      <Polygon><outerBoundaryIs><LinearRing><coordinates>18.423940875,-34.3134115646667 18.423940875,-34.3107880543333 18.42656438525,-34.3107880543333 18.42656438525,-34.3134115646667 18.423940875,-34.3134115646667</coordinates></LinearRing></outerBoundaryIs></Polygon>
  </Placemark>
  <Placemark>
	<Style><LineStyle><color>ff0000ff</color></LineStyle><PolyStyle><fill>0</fill></PolyStyle></Style>
	<ExtendedData><SchemaData schemaUrl="#jag_id_grid">
		<SimpleData name="env.jag_id">704</SimpleData>
	</SchemaData></ExtendedData>
      <Polygon><outerBoundaryIs><LinearRing><coordinates>18.42656438525,-34.3134115646667 18.42656438525,-34.3107880543333 18.4291878955,-34.3107880543333 18.4291878955,-34.3134115646667 18.42656438525,-34.3134115646667</coordinates></LinearRing></outerBoundaryIs></Polygon>
  </Placemark>
  <Placemark>
	<Style><LineStyle><color>ff0000ff</color></LineStyle><PolyStyle><fill>0</fill></PolyStyle></Style>
	<ExtendedData><SchemaData schemaUrl="#jag_id_grid">
		<SimpleData name="env.jag_id">786</SimpleData>
	</SchemaData></ExtendedData>
      <Polygon><outerBoundaryIs><LinearRing><coordinates>18.43181140575,-34.3134115646667 18.43181140575,-34.3107880543333 18.434434916,-34.3107880543333 18.434434916,-34.3134115646667 18.43181140575,-34.3134115646667</coordinates></LinearRing></outerBoundaryIs></Polygon>
  </Placemark>
  <Placemark>
	<Style><LineStyle><color>ff0000ff</color></LineStyle><PolyStyle><fill>0</fill></PolyStyle></Style>
	<ExtendedData><SchemaData schemaUrl="#jag_id_grid">
		<SimpleData name="env.jag_id">826</SimpleData>
	</SchemaData></ExtendedData>
      <Polygon><outerBoundaryIs><LinearRing><coordinates>18.434434916,-34.3134115646667 18.434434916,-34.3107880543333 18.43705842625,-34.3107880543333 18.43705842625,-34.3134115646667 18.434434916,-34.3134115646667</coordinates></LinearRing></outerBoundaryIs></Polygon>
  </Placemark>
  <Placemark>
	<Style><LineStyle><color>ff0000ff</color></LineStyle><PolyStyle><fill>0</fill></PolyStyle></Style>
	<ExtendedData><SchemaData schemaUrl="#jag_id_grid">
		<SimpleData name="env.jag_id">866</SimpleData>
	</SchemaData></ExtendedData>
      <Polygon><outerBoundaryIs><LinearRing><coordinates>18.43705842625,-34.3134115646667 18.43705842625,-34.3107880543333 18.4396819365,-34.3107880543333 18.4396819365,-34.3134115646667 18.43705842625,-34.3134115646667</coordinates></LinearRing></outerBoundaryIs></Polygon>
  </Placemark>
  <Placemark>
	<Style><LineStyle><color>ff0000ff</color></LineStyle><PolyStyle><fill>0</fill></PolyStyle></Style>
	<ExtendedData><SchemaData schemaUrl="#jag_id_grid">
		<SimpleData name="env.jag_id">907</SimpleData>
	</SchemaData></ExtendedData>
      <Polygon><outerBoundaryIs><LinearRing><coordinates>18.4396819365,-34.3134115646667 18.4396819365,-34.3107880543333 18.44230544675,-34.3107880543333 18.44230544675,-34.3134115646667 18.4396819365,-34.3134115646667</coordinates></LinearRing></outerBoundaryIs></Polygon>
  </Placemark>
  <Placemark>
	<Style><LineStyle><color>ff0000ff</color></LineStyle><PolyStyle><fill>0</fill></PolyStyle></Style>
	<ExtendedData><SchemaData schemaUrl="#jag_id_grid">
		<SimpleData name="env.jag_id">948</SimpleData>
	</SchemaData></ExtendedData>
      <Polygon><outerBoundaryIs><LinearRing><coordinates>18.44230544675,-34.3134115646667 18.44230544675,-34.3107880543333 18.444928957,-34.3107880543333 18.444928957,-34.3134115646667 18.44230544675,-34.3134115646667</coordinates></LinearRing></outerBoundaryIs></Polygon>
  </Placemark>
  <Placemark>
	<Style><LineStyle><color>ff0000ff</color></LineStyle><PolyStyle><fill>0</fill></PolyStyle></Style>
	<ExtendedData><SchemaData schemaUrl="#jag_id_grid">
		<SimpleData name="env.jag_id">988</SimpleData>
	</SchemaData></ExtendedData>
      <Polygon><outerBoundaryIs><LinearRing><coordinates>18.444928957,-34.3134115646667 18.444928957,-34.3107880543333 18.44755246725,-34.3107880543333 18.44755246725,-34.3134115646667 18.444928957,-34.3134115646667</coordinates></LinearRing></outerBoundaryIs></Polygon>
  </Placemark>
  <Placemark>
	<Style><LineStyle><color>ff0000ff</color></LineStyle><PolyStyle><fill>0</fill></PolyStyle></Style>
	<ExtendedData><SchemaData schemaUrl="#jag_id_grid">
		<SimpleData name="env.jag_id">1033</SimpleData>
	</SchemaData></ExtendedData>
      <Polygon><outerBoundaryIs><LinearRing><coordinates>18.44755246725,-34.3134115646667 18.44755246725,-34.3107880543333 18.4501759775,-34.3107880543333 18.4501759775,-34.3134115646667 18.44755246725,-34.3134115646667</coordinates></LinearRing></outerBoundaryIs></Polygon>
  </Placemark>
  <Placemark>
	<Style><LineStyle><color>ff0000ff</color></LineStyle><PolyStyle><fill>0</fill></PolyStyle></Style>
	<ExtendedData><SchemaData schemaUrl="#jag_id_grid">
		<SimpleData name="env.jag_id">1079</SimpleData>
	</SchemaData></ExtendedData>
      <Polygon><outerBoundaryIs><LinearRing><coordinates>18.4501759775,-34.3134115646667 18.4501759775,-34.3107880543333 18.45279948775,-34.3107880543333 18.45279948775,-34.3134115646667 18.4501759775,-34.3134115646667</coordinates></LinearRing></outerBoundaryIs></Polygon>
  </Placemark>
  <Placemark>
	<Style><LineStyle><color>ff0000ff</color></LineStyle><PolyStyle><fill>0</fill></PolyStyle></Style>
	<ExtendedData><SchemaData schemaUrl="#jag_id_grid">
		<SimpleData name="env.jag_id">1119</SimpleData>
	</SchemaData></ExtendedData>
      <Polygon><outerBoundaryIs><LinearRing><coordinates>18.45279948775,-34.3134115646667 18.45279948775,-34.3107880543333 18.455422998,-34.3107880543333 18.455422998,-34.3134115646667 18.45279948775,-34.3134115646667</coordinates></LinearRing></outerBoundaryIs></Polygon>
  </Placemark>
  <Placemark>
	<Style><LineStyle><color>ff0000ff</color></LineStyle><PolyStyle><fill>0</fill></PolyStyle></Style>
	<ExtendedData><SchemaData schemaUrl="#jag_id_grid">
		<SimpleData name="env.jag_id">1161</SimpleData>
	</SchemaData></ExtendedData>
      <Polygon><outerBoundaryIs><LinearRing><coordinates>18.455422998,-34.3134115646667 18.455422998,-34.3107880543333 18.45804650825,-34.3107880543333 18.45804650825,-34.3134115646667 18.455422998,-34.3134115646667</coordinates></LinearRing></outerBoundaryIs></Polygon>
  </Placemark>
  <Placemark>
	<Style><LineStyle><color>ff0000ff</color></LineStyle><PolyStyle><fill>0</fill></PolyStyle></Style>
	<ExtendedData><SchemaData schemaUrl="#jag_id_grid">
		<SimpleData name="env.jag_id">1201</SimpleData>
	</SchemaData></ExtendedData>
      <Polygon><outerBoundaryIs><LinearRing><coordinates>18.45804650825,-34.3134115646667 18.45804650825,-34.3107880543333 18.4606700185,-34.3107880543333 18.4606700185,-34.3134115646667 18.45804650825,-34.3134115646667</coordinates></LinearRing></outerBoundaryIs></Polygon>
  </Placemark>
  <Placemark>
	<Style><LineStyle><color>ff0000ff</color></LineStyle><PolyStyle><fill>0</fill></PolyStyle></Style>
	<ExtendedData><SchemaData schemaUrl="#jag_id_grid">
		<SimpleData name="env.jag_id">482</SimpleData>
	</SchemaData></ExtendedData>
      <Polygon><outerBoundaryIs><LinearRing><coordinates>18.413446834,-34.316035075 18.413446834,-34.3134115646667 18.41607034425,-34.3134115646667 18.41607034425,-34.316035075 18.413446834,-34.316035075</coordinates></LinearRing></outerBoundaryIs></Polygon>
  </Placemark>
  <Placemark>
	<Style><LineStyle><color>ff0000ff</color></LineStyle><PolyStyle><fill>0</fill></PolyStyle></Style>
	<ExtendedData><SchemaData schemaUrl="#jag_id_grid">
		<SimpleData name="env.jag_id">527</SimpleData>
	</SchemaData></ExtendedData>
      <Polygon><outerBoundaryIs><LinearRing><coordinates>18.41607034425,-34.316035075 18.41607034425,-34.3134115646667 18.4186938545,-34.3134115646667 18.4186938545,-34.316035075 18.41607034425,-34.316035075</coordinates></LinearRing></outerBoundaryIs></Polygon>
  </Placemark>
  <Placemark>
	<Style><LineStyle><color>ff0000ff</color></LineStyle><PolyStyle><fill>0</fill></PolyStyle></Style>
	<ExtendedData><SchemaData schemaUrl="#jag_id_grid">
		<SimpleData name="env.jag_id">572</SimpleData>
	</SchemaData></ExtendedData>
      <Polygon><outerBoundaryIs><LinearRing><coordinates>18.4186938545,-34.316035075 18.4186938545,-34.3134115646667 18.42131736475,-34.3134115646667 18.42131736475,-34.316035075 18.4186938545,-34.316035075</coordinates></LinearRing></outerBoundaryIs></Polygon>
  </Placemark>
  <Placemark>
	<Style><LineStyle><color>ff0000ff</color></LineStyle><PolyStyle><fill>0</fill></PolyStyle></Style>
	<ExtendedData><SchemaData schemaUrl="#jag_id_grid">
		<SimpleData name="env.jag_id">618</SimpleData>
	</SchemaData></ExtendedData>
      <Polygon><outerBoundaryIs><LinearRing><coordinates>18.42131736475,-34.316035075 18.42131736475,-34.3134115646667 18.423940875,-34.3134115646667 18.423940875,-34.316035075 18.42131736475,-34.316035075</coordinates></LinearRing></outerBoundaryIs></Polygon>
  </Placemark>
  <Placemark>
	<Style><LineStyle><color>ff0000ff</color></LineStyle><PolyStyle><fill>0</fill></PolyStyle></Style>
	<ExtendedData><SchemaData schemaUrl="#jag_id_grid">
		<SimpleData name="env.jag_id">664</SimpleData>
	</SchemaData></ExtendedData>
      <Polygon><outerBoundaryIs><LinearRing><coordinates>18.423940875,-34.316035075 18.423940875,-34.3134115646667 18.42656438525,-34.3134115646667 18.42656438525,-34.316035075 18.423940875,-34.316035075</coordinates></LinearRing></outerBoundaryIs></Polygon>
  </Placemark>
  <Placemark>
	<Style><LineStyle><color>ff0000ff</color></LineStyle><PolyStyle><fill>0</fill></PolyStyle></Style>
	<ExtendedData><SchemaData schemaUrl="#jag_id_grid">
		<SimpleData name="env.jag_id">705</SimpleData>
	</SchemaData></ExtendedData>
      <Polygon><outerBoundaryIs><LinearRing><coordinates>18.42656438525,-34.316035075 18.42656438525,-34.3134115646667 18.4291878955,-34.3134115646667 18.4291878955,-34.316035075 18.42656438525,-34.316035075</coordinates></LinearRing></outerBoundaryIs></Polygon>
  </Placemark>
  <Placemark>
	<Style><LineStyle><color>ff0000ff</color></LineStyle><PolyStyle><fill>0</fill></PolyStyle></Style>
	<ExtendedData><SchemaData schemaUrl="#jag_id_grid">
		<SimpleData name="env.jag_id">747</SimpleData>
	</SchemaData></ExtendedData>
      <Polygon><outerBoundaryIs><LinearRing><coordinates>18.4291878955,-34.316035075 18.4291878955,-34.3134115646667 18.43181140575,-34.3134115646667 18.43181140575,-34.316035075 18.4291878955,-34.316035075</coordinates></LinearRing></outerBoundaryIs></Polygon>
  </Placemark>
  <Placemark>
	<Style><LineStyle><color>ff0000ff</color></LineStyle><PolyStyle><fill>0</fill></PolyStyle></Style>
	<ExtendedData><SchemaData schemaUrl="#jag_id_grid">
		<SimpleData name="env.jag_id">787</SimpleData>
	</SchemaData></ExtendedData>
      <Polygon><outerBoundaryIs><LinearRing><coordinates>18.43181140575,-34.316035075 18.43181140575,-34.3134115646667 18.434434916,-34.3134115646667 18.434434916,-34.316035075 18.43181140575,-34.316035075</coordinates></LinearRing></outerBoundaryIs></Polygon>
  </Placemark>
  <Placemark>
	<Style><LineStyle><color>ff0000ff</color></LineStyle><PolyStyle><fill>0</fill></PolyStyle></Style>
	<ExtendedData><SchemaData schemaUrl="#jag_id_grid">
		<SimpleData name="env.jag_id">827</SimpleData>
	</SchemaData></ExtendedData>
      <Polygon><outerBoundaryIs><LinearRing><coordinates>18.434434916,-34.316035075 18.434434916,-34.3134115646667 18.43705842625,-34.3134115646667 18.43705842625,-34.316035075 18.434434916,-34.316035075</coordinates></LinearRing></outerBoundaryIs></Polygon>
  </Placemark>
  <Placemark>
	<Style><LineStyle><color>ff0000ff</color></LineStyle><PolyStyle><fill>0</fill></PolyStyle></Style>
	<ExtendedData><SchemaData schemaUrl="#jag_id_grid">
		<SimpleData name="env.jag_id">867</SimpleData>
	</SchemaData></ExtendedData>
      <Polygon><outerBoundaryIs><LinearRing><coordinates>18.43705842625,-34.316035075 18.43705842625,-34.3134115646667 18.4396819365,-34.3134115646667 18.4396819365,-34.316035075 18.43705842625,-34.316035075</coordinates></LinearRing></outerBoundaryIs></Polygon>
  </Placemark>
  <Placemark>
	<Style><LineStyle><color>ff0000ff</color></LineStyle><PolyStyle><fill>0</fill></PolyStyle></Style>
	<ExtendedData><SchemaData schemaUrl="#jag_id_grid">
		<SimpleData name="env.jag_id">908</SimpleData>
	</SchemaData></ExtendedData>
      <Polygon><outerBoundaryIs><LinearRing><coordinates>18.4396819365,-34.316035075 18.4396819365,-34.3134115646667 18.44230544675,-34.3134115646667 18.44230544675,-34.316035075 18.4396819365,-34.316035075</coordinates></LinearRing></outerBoundaryIs></Polygon>
  </Placemark>
  <Placemark>
	<Style><LineStyle><color>ff0000ff</color></LineStyle><PolyStyle><fill>0</fill></PolyStyle></Style>
	<ExtendedData><SchemaData schemaUrl="#jag_id_grid">
		<SimpleData name="env.jag_id">949</SimpleData>
	</SchemaData></ExtendedData>
      <Polygon><outerBoundaryIs><LinearRing><coordinates>18.44230544675,-34.316035075 18.44230544675,-34.3134115646667 18.444928957,-34.3134115646667 18.444928957,-34.316035075 18.44230544675,-34.316035075</coordinates></LinearRing></outerBoundaryIs></Polygon>
  </Placemark>
  <Placemark>
	<Style><LineStyle><color>ff0000ff</color></LineStyle><PolyStyle><fill>0</fill></PolyStyle></Style>
	<ExtendedData><SchemaData schemaUrl="#jag_id_grid">
		<SimpleData name="env.jag_id">989</SimpleData>
	</SchemaData></ExtendedData>
      <Polygon><outerBoundaryIs><LinearRing><coordinates>18.444928957,-34.316035075 18.444928957,-34.3134115646667 18.44755246725,-34.3134115646667 18.44755246725,-34.316035075 18.444928957,-34.316035075</coordinates></LinearRing></outerBoundaryIs></Polygon>
  </Placemark>
  <Placemark>
	<Style><LineStyle><color>ff0000ff</color></LineStyle><PolyStyle><fill>0</fill></PolyStyle></Style>
	<ExtendedData><SchemaData schemaUrl="#jag_id_grid">
		<SimpleData name="env.jag_id">1034</SimpleData>
	</SchemaData></ExtendedData>
      <Polygon><outerBoundaryIs><LinearRing><coordinates>18.44755246725,-34.316035075 18.44755246725,-34.3134115646667 18.4501759775,-34.3134115646667 18.4501759775,-34.316035075 18.44755246725,-34.316035075</coordinates></LinearRing></outerBoundaryIs></Polygon>
  </Placemark>
  <Placemark>
	<Style><LineStyle><color>ff0000ff</color></LineStyle><PolyStyle><fill>0</fill></PolyStyle></Style>
	<ExtendedData><SchemaData schemaUrl="#jag_id_grid">
		<SimpleData name="env.jag_id">1120</SimpleData>
	</SchemaData></ExtendedData>
      <Polygon><outerBoundaryIs><LinearRing><coordinates>18.45279948775,-34.316035075 18.45279948775,-34.3134115646667 18.455422998,-34.3134115646667 18.455422998,-34.316035075 18.45279948775,-34.316035075</coordinates></LinearRing></outerBoundaryIs></Polygon>
  </Placemark>
  <Placemark>
	<Style><LineStyle><color>ff0000ff</color></LineStyle><PolyStyle><fill>0</fill></PolyStyle></Style>
	<ExtendedData><SchemaData schemaUrl="#jag_id_grid">
		<SimpleData name="env.jag_id">1162</SimpleData>
	</SchemaData></ExtendedData>
      <Polygon><outerBoundaryIs><LinearRing><coordinates>18.455422998,-34.316035075 18.455422998,-34.3134115646667 18.45804650825,-34.3134115646667 18.45804650825,-34.316035075 18.455422998,-34.316035075</coordinates></LinearRing></outerBoundaryIs></Polygon>
  </Placemark>
  <Placemark>
	<Style><LineStyle><color>ff0000ff</color></LineStyle><PolyStyle><fill>0</fill></PolyStyle></Style>
	<ExtendedData><SchemaData schemaUrl="#jag_id_grid">
		<SimpleData name="env.jag_id">1202</SimpleData>
	</SchemaData></ExtendedData>
      <Polygon><outerBoundaryIs><LinearRing><coordinates>18.45804650825,-34.316035075 18.45804650825,-34.3134115646667 18.4606700185,-34.3134115646667 18.4606700185,-34.316035075 18.45804650825,-34.316035075</coordinates></LinearRing></outerBoundaryIs></Polygon>
  </Placemark>
  <Placemark>
	<Style><LineStyle><color>ff0000ff</color></LineStyle><PolyStyle><fill>0</fill></PolyStyle></Style>
	<ExtendedData><SchemaData schemaUrl="#jag_id_grid">
		<SimpleData name="env.jag_id">528</SimpleData>
	</SchemaData></ExtendedData>
      <Polygon><outerBoundaryIs><LinearRing><coordinates>18.41607034425,-34.3186585853333 18.41607034425,-34.316035075 18.4186938545,-34.316035075 18.4186938545,-34.3186585853333 18.41607034425,-34.3186585853333</coordinates></LinearRing></outerBoundaryIs></Polygon>
  </Placemark>
  <Placemark>
	<Style><LineStyle><color>ff0000ff</color></LineStyle><PolyStyle><fill>0</fill></PolyStyle></Style>
	<ExtendedData><SchemaData schemaUrl="#jag_id_grid">
		<SimpleData name="env.jag_id">573</SimpleData>
	</SchemaData></ExtendedData>
      <Polygon><outerBoundaryIs><LinearRing><coordinates>18.4186938545,-34.3186585853333 18.4186938545,-34.316035075 18.42131736475,-34.316035075 18.42131736475,-34.3186585853333 18.4186938545,-34.3186585853333</coordinates></LinearRing></outerBoundaryIs></Polygon>
  </Placemark>
  <Placemark>
	<Style><LineStyle><color>ff0000ff</color></LineStyle><PolyStyle><fill>0</fill></PolyStyle></Style>
	<ExtendedData><SchemaData schemaUrl="#jag_id_grid">
		<SimpleData name="env.jag_id">619</SimpleData>
	</SchemaData></ExtendedData>
      <Polygon><outerBoundaryIs><LinearRing><coordinates>18.42131736475,-34.3186585853333 18.42131736475,-34.316035075 18.423940875,-34.316035075 18.423940875,-34.3186585853333 18.42131736475,-34.3186585853333</coordinates></LinearRing></outerBoundaryIs></Polygon>
  </Placemark>
  <Placemark>
	<Style><LineStyle><color>ff0000ff</color></LineStyle><PolyStyle><fill>0</fill></PolyStyle></Style>
	<ExtendedData><SchemaData schemaUrl="#jag_id_grid">
		<SimpleData name="env.jag_id">665</SimpleData>
	</SchemaData></ExtendedData>
      <Polygon><outerBoundaryIs><LinearRing><coordinates>18.423940875,-34.3186585853333 18.423940875,-34.316035075 18.42656438525,-34.316035075 18.42656438525,-34.3186585853333 18.423940875,-34.3186585853333</coordinates></LinearRing></outerBoundaryIs></Polygon>
  </Placemark>
  <Placemark>
	<Style><LineStyle><color>ff0000ff</color></LineStyle><PolyStyle><fill>0</fill></PolyStyle></Style>
	<ExtendedData><SchemaData schemaUrl="#jag_id_grid">
		<SimpleData name="env.jag_id">706</SimpleData>
	</SchemaData></ExtendedData>
      <Polygon><outerBoundaryIs><LinearRing><coordinates>18.42656438525,-34.3186585853333 18.42656438525,-34.316035075 18.4291878955,-34.316035075 18.4291878955,-34.3186585853333 18.42656438525,-34.3186585853333</coordinates></LinearRing></outerBoundaryIs></Polygon>
  </Placemark>
  <Placemark>
	<Style><LineStyle><color>ff0000ff</color></LineStyle><PolyStyle><fill>0</fill></PolyStyle></Style>
	<ExtendedData><SchemaData schemaUrl="#jag_id_grid">
		<SimpleData name="env.jag_id">748</SimpleData>
	</SchemaData></ExtendedData>
      <Polygon><outerBoundaryIs><LinearRing><coordinates>18.4291878955,-34.3186585853333 18.4291878955,-34.316035075 18.43181140575,-34.316035075 18.43181140575,-34.3186585853333 18.4291878955,-34.3186585853333</coordinates></LinearRing></outerBoundaryIs></Polygon>
  </Placemark>
  <Placemark>
	<Style><LineStyle><color>ff0000ff</color></LineStyle><PolyStyle><fill>0</fill></PolyStyle></Style>
	<ExtendedData><SchemaData schemaUrl="#jag_id_grid">
		<SimpleData name="env.jag_id">788</SimpleData>
	</SchemaData></ExtendedData>
      <Polygon><outerBoundaryIs><LinearRing><coordinates>18.43181140575,-34.3186585853333 18.43181140575,-34.316035075 18.434434916,-34.316035075 18.434434916,-34.3186585853333 18.43181140575,-34.3186585853333</coordinates></LinearRing></outerBoundaryIs></Polygon>
  </Placemark>
  <Placemark>
	<Style><LineStyle><color>ff0000ff</color></LineStyle><PolyStyle><fill>0</fill></PolyStyle></Style>
	<ExtendedData><SchemaData schemaUrl="#jag_id_grid">
		<SimpleData name="env.jag_id">828</SimpleData>
	</SchemaData></ExtendedData>
      <Polygon><outerBoundaryIs><LinearRing><coordinates>18.434434916,-34.3186585853333 18.434434916,-34.316035075 18.43705842625,-34.316035075 18.43705842625,-34.3186585853333 18.434434916,-34.3186585853333</coordinates></LinearRing></outerBoundaryIs></Polygon>
  </Placemark>
  <Placemark>
	<Style><LineStyle><color>ff0000ff</color></LineStyle><PolyStyle><fill>0</fill></PolyStyle></Style>
	<ExtendedData><SchemaData schemaUrl="#jag_id_grid">
		<SimpleData name="env.jag_id">868</SimpleData>
	</SchemaData></ExtendedData>
      <Polygon><outerBoundaryIs><LinearRing><coordinates>18.43705842625,-34.3186585853333 18.43705842625,-34.316035075 18.4396819365,-34.316035075 18.4396819365,-34.3186585853333 18.43705842625,-34.3186585853333</coordinates></LinearRing></outerBoundaryIs></Polygon>
  </Placemark>
  <Placemark>
	<Style><LineStyle><color>ff0000ff</color></LineStyle><PolyStyle><fill>0</fill></PolyStyle></Style>
	<ExtendedData><SchemaData schemaUrl="#jag_id_grid">
		<SimpleData name="env.jag_id">909</SimpleData>
	</SchemaData></ExtendedData>
      <Polygon><outerBoundaryIs><LinearRing><coordinates>18.4396819365,-34.3186585853333 18.4396819365,-34.316035075 18.44230544675,-34.316035075 18.44230544675,-34.3186585853333 18.4396819365,-34.3186585853333</coordinates></LinearRing></outerBoundaryIs></Polygon>
  </Placemark>
  <Placemark>
	<Style><LineStyle><color>ff0000ff</color></LineStyle><PolyStyle><fill>0</fill></PolyStyle></Style>
	<ExtendedData><SchemaData schemaUrl="#jag_id_grid">
		<SimpleData name="env.jag_id">950</SimpleData>
	</SchemaData></ExtendedData>
      <Polygon><outerBoundaryIs><LinearRing><coordinates>18.44230544675,-34.3186585853333 18.44230544675,-34.316035075 18.444928957,-34.316035075 18.444928957,-34.3186585853333 18.44230544675,-34.3186585853333</coordinates></LinearRing></outerBoundaryIs></Polygon>
  </Placemark>
  <Placemark>
	<Style><LineStyle><color>ff0000ff</color></LineStyle><PolyStyle><fill>0</fill></PolyStyle></Style>
	<ExtendedData><SchemaData schemaUrl="#jag_id_grid">
		<SimpleData name="env.jag_id">990</SimpleData>
	</SchemaData></ExtendedData>
      <Polygon><outerBoundaryIs><LinearRing><coordinates>18.444928957,-34.3186585853333 18.444928957,-34.316035075 18.44755246725,-34.316035075 18.44755246725,-34.3186585853333 18.444928957,-34.3186585853333</coordinates></LinearRing></outerBoundaryIs></Polygon>
  </Placemark>
  <Placemark>
	<Style><LineStyle><color>ff0000ff</color></LineStyle><PolyStyle><fill>0</fill></PolyStyle></Style>
	<ExtendedData><SchemaData schemaUrl="#jag_id_grid">
		<SimpleData name="env.jag_id">1035</SimpleData>
	</SchemaData></ExtendedData>
      <Polygon><outerBoundaryIs><LinearRing><coordinates>18.44755246725,-34.3186585853333 18.44755246725,-34.316035075 18.4501759775,-34.316035075 18.4501759775,-34.3186585853333 18.44755246725,-34.3186585853333</coordinates></LinearRing></outerBoundaryIs></Polygon>
  </Placemark>
  <Placemark>
	<Style><LineStyle><color>ff0000ff</color></LineStyle><PolyStyle><fill>0</fill></PolyStyle></Style>
	<ExtendedData><SchemaData schemaUrl="#jag_id_grid">
		<SimpleData name="env.jag_id">1080</SimpleData>
	</SchemaData></ExtendedData>
      <Polygon><outerBoundaryIs><LinearRing><coordinates>18.4501759775,-34.3186585853333 18.4501759775,-34.316035075 18.45279948775,-34.316035075 18.45279948775,-34.3186585853333 18.4501759775,-34.3186585853333</coordinates></LinearRing></outerBoundaryIs></Polygon>
  </Placemark>
  <Placemark>
	<Style><LineStyle><color>ff0000ff</color></LineStyle><PolyStyle><fill>0</fill></PolyStyle></Style>
	<ExtendedData><SchemaData schemaUrl="#jag_id_grid">
		<SimpleData name="env.jag_id">1121</SimpleData>
	</SchemaData></ExtendedData>
      <Polygon><outerBoundaryIs><LinearRing><coordinates>18.45279948775,-34.3186585853333 18.45279948775,-34.316035075 18.455422998,-34.316035075 18.455422998,-34.3186585853333 18.45279948775,-34.3186585853333</coordinates></LinearRing></outerBoundaryIs></Polygon>
  </Placemark>
  <Placemark>
	<Style><LineStyle><color>ff0000ff</color></LineStyle><PolyStyle><fill>0</fill></PolyStyle></Style>
	<ExtendedData><SchemaData schemaUrl="#jag_id_grid">
		<SimpleData name="env.jag_id">1163</SimpleData>
	</SchemaData></ExtendedData>
      <Polygon><outerBoundaryIs><LinearRing><coordinates>18.455422998,-34.3186585853333 18.455422998,-34.316035075 18.45804650825,-34.316035075 18.45804650825,-34.3186585853333 18.455422998,-34.3186585853333</coordinates></LinearRing></outerBoundaryIs></Polygon>
  </Placemark>
  <Placemark>
	<Style><LineStyle><color>ff0000ff</color></LineStyle><PolyStyle><fill>0</fill></PolyStyle></Style>
	<ExtendedData><SchemaData schemaUrl="#jag_id_grid">
		<SimpleData name="env.jag_id">1203</SimpleData>
	</SchemaData></ExtendedData>
      <Polygon><outerBoundaryIs><LinearRing><coordinates>18.45804650825,-34.3186585853333 18.45804650825,-34.316035075 18.4606700185,-34.316035075 18.4606700185,-34.3186585853333 18.45804650825,-34.3186585853333</coordinates></LinearRing></outerBoundaryIs></Polygon>
  </Placemark>
  <Placemark>
	<Style><LineStyle><color>ff0000ff</color></LineStyle><PolyStyle><fill>0</fill></PolyStyle></Style>
	<ExtendedData><SchemaData schemaUrl="#jag_id_grid">
		<SimpleData name="env.jag_id">574</SimpleData>
	</SchemaData></ExtendedData>
      <Polygon><outerBoundaryIs><LinearRing><coordinates>18.4186938545,-34.3212820956667 18.4186938545,-34.3186585853333 18.42131736475,-34.3186585853333 18.42131736475,-34.3212820956667 18.4186938545,-34.3212820956667</coordinates></LinearRing></outerBoundaryIs></Polygon>
  </Placemark>
  <Placemark>
	<Style><LineStyle><color>ff0000ff</color></LineStyle><PolyStyle><fill>0</fill></PolyStyle></Style>
	<ExtendedData><SchemaData schemaUrl="#jag_id_grid">
		<SimpleData name="env.jag_id">620</SimpleData>
	</SchemaData></ExtendedData>
      <Polygon><outerBoundaryIs><LinearRing><coordinates>18.42131736475,-34.3212820956667 18.42131736475,-34.3186585853333 18.423940875,-34.3186585853333 18.423940875,-34.3212820956667 18.42131736475,-34.3212820956667</coordinates></LinearRing></outerBoundaryIs></Polygon>
  </Placemark>
  <Placemark>
	<Style><LineStyle><color>ff0000ff</color></LineStyle><PolyStyle><fill>0</fill></PolyStyle></Style>
	<ExtendedData><SchemaData schemaUrl="#jag_id_grid">
		<SimpleData name="env.jag_id">666</SimpleData>
	</SchemaData></ExtendedData>
      <Polygon><outerBoundaryIs><LinearRing><coordinates>18.423940875,-34.3212820956667 18.423940875,-34.3186585853333 18.42656438525,-34.3186585853333 18.42656438525,-34.3212820956667 18.423940875,-34.3212820956667</coordinates></LinearRing></outerBoundaryIs></Polygon>
  </Placemark>
  <Placemark>
	<Style><LineStyle><color>ff0000ff</color></LineStyle><PolyStyle><fill>0</fill></PolyStyle></Style>
	<ExtendedData><SchemaData schemaUrl="#jag_id_grid">
		<SimpleData name="env.jag_id">707</SimpleData>
	</SchemaData></ExtendedData>
      <Polygon><outerBoundaryIs><LinearRing><coordinates>18.42656438525,-34.3212820956667 18.42656438525,-34.3186585853333 18.4291878955,-34.3186585853333 18.4291878955,-34.3212820956667 18.42656438525,-34.3212820956667</coordinates></LinearRing></outerBoundaryIs></Polygon>
  </Placemark>
  <Placemark>
	<Style><LineStyle><color>ff0000ff</color></LineStyle><PolyStyle><fill>0</fill></PolyStyle></Style>
	<ExtendedData><SchemaData schemaUrl="#jag_id_grid">
		<SimpleData name="env.jag_id">749</SimpleData>
	</SchemaData></ExtendedData>
      <Polygon><outerBoundaryIs><LinearRing><coordinates>18.4291878955,-34.3212820956667 18.4291878955,-34.3186585853333 18.43181140575,-34.3186585853333 18.43181140575,-34.3212820956667 18.4291878955,-34.3212820956667</coordinates></LinearRing></outerBoundaryIs></Polygon>
  </Placemark>
  <Placemark>
	<Style><LineStyle><color>ff0000ff</color></LineStyle><PolyStyle><fill>0</fill></PolyStyle></Style>
	<ExtendedData><SchemaData schemaUrl="#jag_id_grid">
		<SimpleData name="env.jag_id">789</SimpleData>
	</SchemaData></ExtendedData>
      <Polygon><outerBoundaryIs><LinearRing><coordinates>18.43181140575,-34.3212820956667 18.43181140575,-34.3186585853333 18.434434916,-34.3186585853333 18.434434916,-34.3212820956667 18.43181140575,-34.3212820956667</coordinates></LinearRing></outerBoundaryIs></Polygon>
  </Placemark>
  <Placemark>
	<Style><LineStyle><color>ff0000ff</color></LineStyle><PolyStyle><fill>0</fill></PolyStyle></Style>
	<ExtendedData><SchemaData schemaUrl="#jag_id_grid">
		<SimpleData name="env.jag_id">829</SimpleData>
	</SchemaData></ExtendedData>
      <Polygon><outerBoundaryIs><LinearRing><coordinates>18.434434916,-34.3212820956667 18.434434916,-34.3186585853333 18.43705842625,-34.3186585853333 18.43705842625,-34.3212820956667 18.434434916,-34.3212820956667</coordinates></LinearRing></outerBoundaryIs></Polygon>
  </Placemark>
  <Placemark>
	<Style><LineStyle><color>ff0000ff</color></LineStyle><PolyStyle><fill>0</fill></PolyStyle></Style>
	<ExtendedData><SchemaData schemaUrl="#jag_id_grid">
		<SimpleData name="env.jag_id">869</SimpleData>
	</SchemaData></ExtendedData>
      <Polygon><outerBoundaryIs><LinearRing><coordinates>18.43705842625,-34.3212820956667 18.43705842625,-34.3186585853333 18.4396819365,-34.3186585853333 18.4396819365,-34.3212820956667 18.43705842625,-34.3212820956667</coordinates></LinearRing></outerBoundaryIs></Polygon>
  </Placemark>
  <Placemark>
	<Style><LineStyle><color>ff0000ff</color></LineStyle><PolyStyle><fill>0</fill></PolyStyle></Style>
	<ExtendedData><SchemaData schemaUrl="#jag_id_grid">
		<SimpleData name="env.jag_id">910</SimpleData>
	</SchemaData></ExtendedData>
      <Polygon><outerBoundaryIs><LinearRing><coordinates>18.4396819365,-34.3212820956667 18.4396819365,-34.3186585853333 18.44230544675,-34.3186585853333 18.44230544675,-34.3212820956667 18.4396819365,-34.3212820956667</coordinates></LinearRing></outerBoundaryIs></Polygon>
  </Placemark>
  <Placemark>
	<Style><LineStyle><color>ff0000ff</color></LineStyle><PolyStyle><fill>0</fill></PolyStyle></Style>
	<ExtendedData><SchemaData schemaUrl="#jag_id_grid">
		<SimpleData name="env.jag_id">951</SimpleData>
	</SchemaData></ExtendedData>
      <Polygon><outerBoundaryIs><LinearRing><coordinates>18.44230544675,-34.3212820956667 18.44230544675,-34.3186585853333 18.444928957,-34.3186585853333 18.444928957,-34.3212820956667 18.44230544675,-34.3212820956667</coordinates></LinearRing></outerBoundaryIs></Polygon>
  </Placemark>
  <Placemark>
	<Style><LineStyle><color>ff0000ff</color></LineStyle><PolyStyle><fill>0</fill></PolyStyle></Style>
	<ExtendedData><SchemaData schemaUrl="#jag_id_grid">
		<SimpleData name="env.jag_id">991</SimpleData>
	</SchemaData></ExtendedData>
      <Polygon><outerBoundaryIs><LinearRing><coordinates>18.444928957,-34.3212820956667 18.444928957,-34.3186585853333 18.44755246725,-34.3186585853333 18.44755246725,-34.3212820956667 18.444928957,-34.3212820956667</coordinates></LinearRing></outerBoundaryIs></Polygon>
  </Placemark>
  <Placemark>
	<Style><LineStyle><color>ff0000ff</color></LineStyle><PolyStyle><fill>0</fill></PolyStyle></Style>
	<ExtendedData><SchemaData schemaUrl="#jag_id_grid">
		<SimpleData name="env.jag_id">1036</SimpleData>
	</SchemaData></ExtendedData>
      <Polygon><outerBoundaryIs><LinearRing><coordinates>18.44755246725,-34.3212820956667 18.44755246725,-34.3186585853333 18.4501759775,-34.3186585853333 18.4501759775,-34.3212820956667 18.44755246725,-34.3212820956667</coordinates></LinearRing></outerBoundaryIs></Polygon>
  </Placemark>
  <Placemark>
	<Style><LineStyle><color>ff0000ff</color></LineStyle><PolyStyle><fill>0</fill></PolyStyle></Style>
	<ExtendedData><SchemaData schemaUrl="#jag_id_grid">
		<SimpleData name="env.jag_id">1081</SimpleData>
	</SchemaData></ExtendedData>
      <Polygon><outerBoundaryIs><LinearRing><coordinates>18.4501759775,-34.3212820956667 18.4501759775,-34.3186585853333 18.45279948775,-34.3186585853333 18.45279948775,-34.3212820956667 18.4501759775,-34.3212820956667</coordinates></LinearRing></outerBoundaryIs></Polygon>
  </Placemark>
  <Placemark>
	<Style><LineStyle><color>ff0000ff</color></LineStyle><PolyStyle><fill>0</fill></PolyStyle></Style>
	<ExtendedData><SchemaData schemaUrl="#jag_id_grid">
		<SimpleData name="env.jag_id">1122</SimpleData>
	</SchemaData></ExtendedData>
      <Polygon><outerBoundaryIs><LinearRing><coordinates>18.45279948775,-34.3212820956667 18.45279948775,-34.3186585853333 18.455422998,-34.3186585853333 18.455422998,-34.3212820956667 18.45279948775,-34.3212820956667</coordinates></LinearRing></outerBoundaryIs></Polygon>
  </Placemark>
  <Placemark>
	<Style><LineStyle><color>ff0000ff</color></LineStyle><PolyStyle><fill>0</fill></PolyStyle></Style>
	<ExtendedData><SchemaData schemaUrl="#jag_id_grid">
		<SimpleData name="env.jag_id">1164</SimpleData>
	</SchemaData></ExtendedData>
      <Polygon><outerBoundaryIs><LinearRing><coordinates>18.455422998,-34.3212820956667 18.455422998,-34.3186585853333 18.45804650825,-34.3186585853333 18.45804650825,-34.3212820956667 18.455422998,-34.3212820956667</coordinates></LinearRing></outerBoundaryIs></Polygon>
  </Placemark>
  <Placemark>
	<Style><LineStyle><color>ff0000ff</color></LineStyle><PolyStyle><fill>0</fill></PolyStyle></Style>
	<ExtendedData><SchemaData schemaUrl="#jag_id_grid">
		<SimpleData name="env.jag_id">1204</SimpleData>
	</SchemaData></ExtendedData>
      <Polygon><outerBoundaryIs><LinearRing><coordinates>18.45804650825,-34.3212820956667 18.45804650825,-34.3186585853333 18.4606700185,-34.3186585853333 18.4606700185,-34.3212820956667 18.45804650825,-34.3212820956667</coordinates></LinearRing></outerBoundaryIs></Polygon>
  </Placemark>
  <Placemark>
	<Style><LineStyle><color>ff0000ff</color></LineStyle><PolyStyle><fill>0</fill></PolyStyle></Style>
	<ExtendedData><SchemaData schemaUrl="#jag_id_grid">
		<SimpleData name="env.jag_id">621</SimpleData>
	</SchemaData></ExtendedData>
      <Polygon><outerBoundaryIs><LinearRing><coordinates>18.42131736475,-34.323905606 18.42131736475,-34.3212820956667 18.423940875,-34.3212820956667 18.423940875,-34.323905606 18.42131736475,-34.323905606</coordinates></LinearRing></outerBoundaryIs></Polygon>
  </Placemark>
  <Placemark>
	<Style><LineStyle><color>ff0000ff</color></LineStyle><PolyStyle><fill>0</fill></PolyStyle></Style>
	<ExtendedData><SchemaData schemaUrl="#jag_id_grid">
		<SimpleData name="env.jag_id">667</SimpleData>
	</SchemaData></ExtendedData>
      <Polygon><outerBoundaryIs><LinearRing><coordinates>18.423940875,-34.323905606 18.423940875,-34.3212820956667 18.42656438525,-34.3212820956667 18.42656438525,-34.323905606 18.423940875,-34.323905606</coordinates></LinearRing></outerBoundaryIs></Polygon>
  </Placemark>
  <Placemark>
	<Style><LineStyle><color>ff0000ff</color></LineStyle><PolyStyle><fill>0</fill></PolyStyle></Style>
	<ExtendedData><SchemaData schemaUrl="#jag_id_grid">
		<SimpleData name="env.jag_id">708</SimpleData>
	</SchemaData></ExtendedData>
      <Polygon><outerBoundaryIs><LinearRing><coordinates>18.42656438525,-34.323905606 18.42656438525,-34.3212820956667 18.4291878955,-34.3212820956667 18.4291878955,-34.323905606 18.42656438525,-34.323905606</coordinates></LinearRing></outerBoundaryIs></Polygon>
  </Placemark>
  <Placemark>
	<Style><LineStyle><color>ff0000ff</color></LineStyle><PolyStyle><fill>0</fill></PolyStyle></Style>
	<ExtendedData><SchemaData schemaUrl="#jag_id_grid">
		<SimpleData name="env.jag_id">750</SimpleData>
	</SchemaData></ExtendedData>
      <Polygon><outerBoundaryIs><LinearRing><coordinates>18.4291878955,-34.323905606 18.4291878955,-34.3212820956667 18.43181140575,-34.3212820956667 18.43181140575,-34.323905606 18.4291878955,-34.323905606</coordinates></LinearRing></outerBoundaryIs></Polygon>
  </Placemark>
  <Placemark>
	<Style><LineStyle><color>ff0000ff</color></LineStyle><PolyStyle><fill>0</fill></PolyStyle></Style>
	<ExtendedData><SchemaData schemaUrl="#jag_id_grid">
		<SimpleData name="env.jag_id">790</SimpleData>
	</SchemaData></ExtendedData>
      <Polygon><outerBoundaryIs><LinearRing><coordinates>18.43181140575,-34.323905606 18.43181140575,-34.3212820956667 18.434434916,-34.3212820956667 18.434434916,-34.323905606 18.43181140575,-34.323905606</coordinates></LinearRing></outerBoundaryIs></Polygon>
  </Placemark>
  <Placemark>
	<Style><LineStyle><color>ff0000ff</color></LineStyle><PolyStyle><fill>0</fill></PolyStyle></Style>
	<ExtendedData><SchemaData schemaUrl="#jag_id_grid">
		<SimpleData name="env.jag_id">830</SimpleData>
	</SchemaData></ExtendedData>
      <Polygon><outerBoundaryIs><LinearRing><coordinates>18.434434916,-34.323905606 18.434434916,-34.3212820956667 18.43705842625,-34.3212820956667 18.43705842625,-34.323905606 18.434434916,-34.323905606</coordinates></LinearRing></outerBoundaryIs></Polygon>
  </Placemark>
  <Placemark>
	<Style><LineStyle><color>ff0000ff</color></LineStyle><PolyStyle><fill>0</fill></PolyStyle></Style>
	<ExtendedData><SchemaData schemaUrl="#jag_id_grid">
		<SimpleData name="env.jag_id">870</SimpleData>
	</SchemaData></ExtendedData>
      <Polygon><outerBoundaryIs><LinearRing><coordinates>18.43705842625,-34.323905606 18.43705842625,-34.3212820956667 18.4396819365,-34.3212820956667 18.4396819365,-34.323905606 18.43705842625,-34.323905606</coordinates></LinearRing></outerBoundaryIs></Polygon>
  </Placemark>
  <Placemark>
	<Style><LineStyle><color>ff0000ff</color></LineStyle><PolyStyle><fill>0</fill></PolyStyle></Style>
	<ExtendedData><SchemaData schemaUrl="#jag_id_grid">
		<SimpleData name="env.jag_id">911</SimpleData>
	</SchemaData></ExtendedData>
      <Polygon><outerBoundaryIs><LinearRing><coordinates>18.4396819365,-34.323905606 18.4396819365,-34.3212820956667 18.44230544675,-34.3212820956667 18.44230544675,-34.323905606 18.4396819365,-34.323905606</coordinates></LinearRing></outerBoundaryIs></Polygon>
  </Placemark>
  <Placemark>
	<Style><LineStyle><color>ff0000ff</color></LineStyle><PolyStyle><fill>0</fill></PolyStyle></Style>
	<ExtendedData><SchemaData schemaUrl="#jag_id_grid">
		<SimpleData name="env.jag_id">952</SimpleData>
	</SchemaData></ExtendedData>
      <Polygon><outerBoundaryIs><LinearRing><coordinates>18.44230544675,-34.323905606 18.44230544675,-34.3212820956667 18.444928957,-34.3212820956667 18.444928957,-34.323905606 18.44230544675,-34.323905606</coordinates></LinearRing></outerBoundaryIs></Polygon>
  </Placemark>
  <Placemark>
	<Style><LineStyle><color>ff0000ff</color></LineStyle><PolyStyle><fill>0</fill></PolyStyle></Style>
	<ExtendedData><SchemaData schemaUrl="#jag_id_grid">
		<SimpleData name="env.jag_id">992</SimpleData>
	</SchemaData></ExtendedData>
      <Polygon><outerBoundaryIs><LinearRing><coordinates>18.444928957,-34.323905606 18.444928957,-34.3212820956667 18.44755246725,-34.3212820956667 18.44755246725,-34.323905606 18.444928957,-34.323905606</coordinates></LinearRing></outerBoundaryIs></Polygon>
  </Placemark>
  <Placemark>
	<Style><LineStyle><color>ff0000ff</color></LineStyle><PolyStyle><fill>0</fill></PolyStyle></Style>
	<ExtendedData><SchemaData schemaUrl="#jag_id_grid">
		<SimpleData name="env.jag_id">1037</SimpleData>
	</SchemaData></ExtendedData>
      <Polygon><outerBoundaryIs><LinearRing><coordinates>18.44755246725,-34.323905606 18.44755246725,-34.3212820956667 18.4501759775,-34.3212820956667 18.4501759775,-34.323905606 18.44755246725,-34.323905606</coordinates></LinearRing></outerBoundaryIs></Polygon>
  </Placemark>
  <Placemark>
	<Style><LineStyle><color>ff0000ff</color></LineStyle><PolyStyle><fill>0</fill></PolyStyle></Style>
	<ExtendedData><SchemaData schemaUrl="#jag_id_grid">
		<SimpleData name="env.jag_id">1082</SimpleData>
	</SchemaData></ExtendedData>
      <Polygon><outerBoundaryIs><LinearRing><coordinates>18.4501759775,-34.323905606 18.4501759775,-34.3212820956667 18.45279948775,-34.3212820956667 18.45279948775,-34.323905606 18.4501759775,-34.323905606</coordinates></LinearRing></outerBoundaryIs></Polygon>
  </Placemark>
  <Placemark>
	<Style><LineStyle><color>ff0000ff</color></LineStyle><PolyStyle><fill>0</fill></PolyStyle></Style>
	<ExtendedData><SchemaData schemaUrl="#jag_id_grid">
		<SimpleData name="env.jag_id">1123</SimpleData>
	</SchemaData></ExtendedData>
      <Polygon><outerBoundaryIs><LinearRing><coordinates>18.45279948775,-34.323905606 18.45279948775,-34.3212820956667 18.455422998,-34.3212820956667 18.455422998,-34.323905606 18.45279948775,-34.323905606</coordinates></LinearRing></outerBoundaryIs></Polygon>
  </Placemark>
  <Placemark>
	<Style><LineStyle><color>ff0000ff</color></LineStyle><PolyStyle><fill>0</fill></PolyStyle></Style>
	<ExtendedData><SchemaData schemaUrl="#jag_id_grid">
		<SimpleData name="env.jag_id">1165</SimpleData>
	</SchemaData></ExtendedData>
      <Polygon><outerBoundaryIs><LinearRing><coordinates>18.455422998,-34.323905606 18.455422998,-34.3212820956667 18.45804650825,-34.3212820956667 18.45804650825,-34.323905606 18.455422998,-34.323905606</coordinates></LinearRing></outerBoundaryIs></Polygon>
  </Placemark>
  <Placemark>
	<Style><LineStyle><color>ff0000ff</color></LineStyle><PolyStyle><fill>0</fill></PolyStyle></Style>
	<ExtendedData><SchemaData schemaUrl="#jag_id_grid">
		<SimpleData name="env.jag_id">1205</SimpleData>
	</SchemaData></ExtendedData>
      <Polygon><outerBoundaryIs><LinearRing><coordinates>18.45804650825,-34.323905606 18.45804650825,-34.3212820956667 18.4606700185,-34.3212820956667 18.4606700185,-34.323905606 18.45804650825,-34.323905606</coordinates></LinearRing></outerBoundaryIs></Polygon>
  </Placemark>
  <Placemark>
	<Style><LineStyle><color>ff0000ff</color></LineStyle><PolyStyle><fill>0</fill></PolyStyle></Style>
	<ExtendedData><SchemaData schemaUrl="#jag_id_grid">
		<SimpleData name="env.jag_id">709</SimpleData>
	</SchemaData></ExtendedData>
      <Polygon><outerBoundaryIs><LinearRing><coordinates>18.42656438525,-34.3265291163333 18.42656438525,-34.323905606 18.4291878955,-34.323905606 18.4291878955,-34.3265291163333 18.42656438525,-34.3265291163333</coordinates></LinearRing></outerBoundaryIs></Polygon>
  </Placemark>
  <Placemark>
	<Style><LineStyle><color>ff0000ff</color></LineStyle><PolyStyle><fill>0</fill></PolyStyle></Style>
	<ExtendedData><SchemaData schemaUrl="#jag_id_grid">
		<SimpleData name="env.jag_id">751</SimpleData>
	</SchemaData></ExtendedData>
      <Polygon><outerBoundaryIs><LinearRing><coordinates>18.4291878955,-34.3265291163333 18.4291878955,-34.323905606 18.43181140575,-34.323905606 18.43181140575,-34.3265291163333 18.4291878955,-34.3265291163333</coordinates></LinearRing></outerBoundaryIs></Polygon>
  </Placemark>
  <Placemark>
	<Style><LineStyle><color>ff0000ff</color></LineStyle><PolyStyle><fill>0</fill></PolyStyle></Style>
	<ExtendedData><SchemaData schemaUrl="#jag_id_grid">
		<SimpleData name="env.jag_id">791</SimpleData>
	</SchemaData></ExtendedData>
      <Polygon><outerBoundaryIs><LinearRing><coordinates>18.43181140575,-34.3265291163333 18.43181140575,-34.323905606 18.434434916,-34.323905606 18.434434916,-34.3265291163333 18.43181140575,-34.3265291163333</coordinates></LinearRing></outerBoundaryIs></Polygon>
  </Placemark>
  <Placemark>
	<Style><LineStyle><color>ff0000ff</color></LineStyle><PolyStyle><fill>0</fill></PolyStyle></Style>
	<ExtendedData><SchemaData schemaUrl="#jag_id_grid">
		<SimpleData name="env.jag_id">831</SimpleData>
	</SchemaData></ExtendedData>
      <Polygon><outerBoundaryIs><LinearRing><coordinates>18.434434916,-34.3265291163333 18.434434916,-34.323905606 18.43705842625,-34.323905606 18.43705842625,-34.3265291163333 18.434434916,-34.3265291163333</coordinates></LinearRing></outerBoundaryIs></Polygon>
  </Placemark>
  <Placemark>
	<Style><LineStyle><color>ff0000ff</color></LineStyle><PolyStyle><fill>0</fill></PolyStyle></Style>
	<ExtendedData><SchemaData schemaUrl="#jag_id_grid">
		<SimpleData name="env.jag_id">871</SimpleData>
	</SchemaData></ExtendedData>
      <Polygon><outerBoundaryIs><LinearRing><coordinates>18.43705842625,-34.3265291163333 18.43705842625,-34.323905606 18.4396819365,-34.323905606 18.4396819365,-34.3265291163333 18.43705842625,-34.3265291163333</coordinates></LinearRing></outerBoundaryIs></Polygon>
  </Placemark>
  <Placemark>
	<Style><LineStyle><color>ff0000ff</color></LineStyle><PolyStyle><fill>0</fill></PolyStyle></Style>
	<ExtendedData><SchemaData schemaUrl="#jag_id_grid">
		<SimpleData name="env.jag_id">912</SimpleData>
	</SchemaData></ExtendedData>
      <Polygon><outerBoundaryIs><LinearRing><coordinates>18.4396819365,-34.3265291163333 18.4396819365,-34.323905606 18.44230544675,-34.323905606 18.44230544675,-34.3265291163333 18.4396819365,-34.3265291163333</coordinates></LinearRing></outerBoundaryIs></Polygon>
  </Placemark>
  <Placemark>
	<Style><LineStyle><color>ff0000ff</color></LineStyle><PolyStyle><fill>0</fill></PolyStyle></Style>
	<ExtendedData><SchemaData schemaUrl="#jag_id_grid">
		<SimpleData name="env.jag_id">953</SimpleData>
	</SchemaData></ExtendedData>
      <Polygon><outerBoundaryIs><LinearRing><coordinates>18.44230544675,-34.3265291163333 18.44230544675,-34.323905606 18.444928957,-34.323905606 18.444928957,-34.3265291163333 18.44230544675,-34.3265291163333</coordinates></LinearRing></outerBoundaryIs></Polygon>
  </Placemark>
  <Placemark>
	<Style><LineStyle><color>ff0000ff</color></LineStyle><PolyStyle><fill>0</fill></PolyStyle></Style>
	<ExtendedData><SchemaData schemaUrl="#jag_id_grid">
		<SimpleData name="env.jag_id">993</SimpleData>
	</SchemaData></ExtendedData>
      <Polygon><outerBoundaryIs><LinearRing><coordinates>18.444928957,-34.3265291163333 18.444928957,-34.323905606 18.44755246725,-34.323905606 18.44755246725,-34.3265291163333 18.444928957,-34.3265291163333</coordinates></LinearRing></outerBoundaryIs></Polygon>
  </Placemark>
  <Placemark>
	<Style><LineStyle><color>ff0000ff</color></LineStyle><PolyStyle><fill>0</fill></PolyStyle></Style>
	<ExtendedData><SchemaData schemaUrl="#jag_id_grid">
		<SimpleData name="env.jag_id">1038</SimpleData>
	</SchemaData></ExtendedData>
      <Polygon><outerBoundaryIs><LinearRing><coordinates>18.44755246725,-34.3265291163333 18.44755246725,-34.323905606 18.4501759775,-34.323905606 18.4501759775,-34.3265291163333 18.44755246725,-34.3265291163333</coordinates></LinearRing></outerBoundaryIs></Polygon>
  </Placemark>
  <Placemark>
	<Style><LineStyle><color>ff0000ff</color></LineStyle><PolyStyle><fill>0</fill></PolyStyle></Style>
	<ExtendedData><SchemaData schemaUrl="#jag_id_grid">
		<SimpleData name="env.jag_id">1166</SimpleData>
	</SchemaData></ExtendedData>
      <Polygon><outerBoundaryIs><LinearRing><coordinates>18.455422998,-34.3265291163333 18.455422998,-34.323905606 18.45804650825,-34.323905606 18.45804650825,-34.3265291163333 18.455422998,-34.3265291163333</coordinates></LinearRing></outerBoundaryIs></Polygon>
  </Placemark>
  <Placemark>
	<Style><LineStyle><color>ff0000ff</color></LineStyle><PolyStyle><fill>0</fill></PolyStyle></Style>
	<ExtendedData><SchemaData schemaUrl="#jag_id_grid">
		<SimpleData name="env.jag_id">1206</SimpleData>
	</SchemaData></ExtendedData>
      <Polygon><outerBoundaryIs><LinearRing><coordinates>18.45804650825,-34.3265291163333 18.45804650825,-34.323905606 18.4606700185,-34.323905606 18.4606700185,-34.3265291163333 18.45804650825,-34.3265291163333</coordinates></LinearRing></outerBoundaryIs></Polygon>
  </Placemark>
  <Placemark>
	<Style><LineStyle><color>ff0000ff</color></LineStyle><PolyStyle><fill>0</fill></PolyStyle></Style>
	<ExtendedData><SchemaData schemaUrl="#jag_id_grid">
		<SimpleData name="env.jag_id">1236</SimpleData>
	</SchemaData></ExtendedData>
      <Polygon><outerBoundaryIs><LinearRing><coordinates>18.4606700185,-34.3265291163333 18.4606700185,-34.323905606 18.46329352875,-34.323905606 18.46329352875,-34.3265291163333 18.4606700185,-34.3265291163333</coordinates></LinearRing></outerBoundaryIs></Polygon>
  </Placemark>
  <Placemark>
	<Style><LineStyle><color>ff0000ff</color></LineStyle><PolyStyle><fill>0</fill></PolyStyle></Style>
	<ExtendedData><SchemaData schemaUrl="#jag_id_grid">
		<SimpleData name="env.jag_id">710</SimpleData>
	</SchemaData></ExtendedData>
      <Polygon><outerBoundaryIs><LinearRing><coordinates>18.42656438525,-34.3291526266667 18.42656438525,-34.3265291163333 18.4291878955,-34.3265291163333 18.4291878955,-34.3291526266667 18.42656438525,-34.3291526266667</coordinates></LinearRing></outerBoundaryIs></Polygon>
  </Placemark>
  <Placemark>
	<Style><LineStyle><color>ff0000ff</color></LineStyle><PolyStyle><fill>0</fill></PolyStyle></Style>
	<ExtendedData><SchemaData schemaUrl="#jag_id_grid">
		<SimpleData name="env.jag_id">752</SimpleData>
	</SchemaData></ExtendedData>
      <Polygon><outerBoundaryIs><LinearRing><coordinates>18.4291878955,-34.3291526266667 18.4291878955,-34.3265291163333 18.43181140575,-34.3265291163333 18.43181140575,-34.3291526266667 18.4291878955,-34.3291526266667</coordinates></LinearRing></outerBoundaryIs></Polygon>
  </Placemark>
  <Placemark>
	<Style><LineStyle><color>ff0000ff</color></LineStyle><PolyStyle><fill>0</fill></PolyStyle></Style>
	<ExtendedData><SchemaData schemaUrl="#jag_id_grid">
		<SimpleData name="env.jag_id">792</SimpleData>
	</SchemaData></ExtendedData>
      <Polygon><outerBoundaryIs><LinearRing><coordinates>18.43181140575,-34.3291526266667 18.43181140575,-34.3265291163333 18.434434916,-34.3265291163333 18.434434916,-34.3291526266667 18.43181140575,-34.3291526266667</coordinates></LinearRing></outerBoundaryIs></Polygon>
  </Placemark>
  <Placemark>
	<Style><LineStyle><color>ff0000ff</color></LineStyle><PolyStyle><fill>0</fill></PolyStyle></Style>
	<ExtendedData><SchemaData schemaUrl="#jag_id_grid">
		<SimpleData name="env.jag_id">832</SimpleData>
	</SchemaData></ExtendedData>
      <Polygon><outerBoundaryIs><LinearRing><coordinates>18.434434916,-34.3291526266667 18.434434916,-34.3265291163333 18.43705842625,-34.3265291163333 18.43705842625,-34.3291526266667 18.434434916,-34.3291526266667</coordinates></LinearRing></outerBoundaryIs></Polygon>
  </Placemark>
  <Placemark>
	<Style><LineStyle><color>ff0000ff</color></LineStyle><PolyStyle><fill>0</fill></PolyStyle></Style>
	<ExtendedData><SchemaData schemaUrl="#jag_id_grid">
		<SimpleData name="env.jag_id">872</SimpleData>
	</SchemaData></ExtendedData>
      <Polygon><outerBoundaryIs><LinearRing><coordinates>18.43705842625,-34.3291526266667 18.43705842625,-34.3265291163333 18.4396819365,-34.3265291163333 18.4396819365,-34.3291526266667 18.43705842625,-34.3291526266667</coordinates></LinearRing></outerBoundaryIs></Polygon>
  </Placemark>
  <Placemark>
	<Style><LineStyle><color>ff0000ff</color></LineStyle><PolyStyle><fill>0</fill></PolyStyle></Style>
	<ExtendedData><SchemaData schemaUrl="#jag_id_grid">
		<SimpleData name="env.jag_id">913</SimpleData>
	</SchemaData></ExtendedData>
      <Polygon><outerBoundaryIs><LinearRing><coordinates>18.4396819365,-34.3291526266667 18.4396819365,-34.3265291163333 18.44230544675,-34.3265291163333 18.44230544675,-34.3291526266667 18.4396819365,-34.3291526266667</coordinates></LinearRing></outerBoundaryIs></Polygon>
  </Placemark>
  <Placemark>
	<Style><LineStyle><color>ff0000ff</color></LineStyle><PolyStyle><fill>0</fill></PolyStyle></Style>
	<ExtendedData><SchemaData schemaUrl="#jag_id_grid">
		<SimpleData name="env.jag_id">954</SimpleData>
	</SchemaData></ExtendedData>
      <Polygon><outerBoundaryIs><LinearRing><coordinates>18.44230544675,-34.3291526266667 18.44230544675,-34.3265291163333 18.444928957,-34.3265291163333 18.444928957,-34.3291526266667 18.44230544675,-34.3291526266667</coordinates></LinearRing></outerBoundaryIs></Polygon>
  </Placemark>
  <Placemark>
	<Style><LineStyle><color>ff0000ff</color></LineStyle><PolyStyle><fill>0</fill></PolyStyle></Style>
	<ExtendedData><SchemaData schemaUrl="#jag_id_grid">
		<SimpleData name="env.jag_id">994</SimpleData>
	</SchemaData></ExtendedData>
      <Polygon><outerBoundaryIs><LinearRing><coordinates>18.444928957,-34.3291526266667 18.444928957,-34.3265291163333 18.44755246725,-34.3265291163333 18.44755246725,-34.3291526266667 18.444928957,-34.3291526266667</coordinates></LinearRing></outerBoundaryIs></Polygon>
  </Placemark>
  <Placemark>
	<Style><LineStyle><color>ff0000ff</color></LineStyle><PolyStyle><fill>0</fill></PolyStyle></Style>
	<ExtendedData><SchemaData schemaUrl="#jag_id_grid">
		<SimpleData name="env.jag_id">1039</SimpleData>
	</SchemaData></ExtendedData>
      <Polygon><outerBoundaryIs><LinearRing><coordinates>18.44755246725,-34.3291526266667 18.44755246725,-34.3265291163333 18.4501759775,-34.3265291163333 18.4501759775,-34.3291526266667 18.44755246725,-34.3291526266667</coordinates></LinearRing></outerBoundaryIs></Polygon>
  </Placemark>
  <Placemark>
	<Style><LineStyle><color>ff0000ff</color></LineStyle><PolyStyle><fill>0</fill></PolyStyle></Style>
	<ExtendedData><SchemaData schemaUrl="#jag_id_grid">
		<SimpleData name="env.jag_id">1083</SimpleData>
	</SchemaData></ExtendedData>
      <Polygon><outerBoundaryIs><LinearRing><coordinates>18.4501759775,-34.3291526266667 18.4501759775,-34.3265291163333 18.45279948775,-34.3265291163333 18.45279948775,-34.3291526266667 18.4501759775,-34.3291526266667</coordinates></LinearRing></outerBoundaryIs></Polygon>
  </Placemark>
  <Placemark>
	<Style><LineStyle><color>ff0000ff</color></LineStyle><PolyStyle><fill>0</fill></PolyStyle></Style>
	<ExtendedData><SchemaData schemaUrl="#jag_id_grid">
		<SimpleData name="env.jag_id">1167</SimpleData>
	</SchemaData></ExtendedData>
      <Polygon><outerBoundaryIs><LinearRing><coordinates>18.455422998,-34.3291526266667 18.455422998,-34.3265291163333 18.45804650825,-34.3265291163333 18.45804650825,-34.3291526266667 18.455422998,-34.3291526266667</coordinates></LinearRing></outerBoundaryIs></Polygon>
  </Placemark>
  <Placemark>
	<Style><LineStyle><color>ff0000ff</color></LineStyle><PolyStyle><fill>0</fill></PolyStyle></Style>
	<ExtendedData><SchemaData schemaUrl="#jag_id_grid">
		<SimpleData name="env.jag_id">1207</SimpleData>
	</SchemaData></ExtendedData>
      <Polygon><outerBoundaryIs><LinearRing><coordinates>18.45804650825,-34.3291526266667 18.45804650825,-34.3265291163333 18.4606700185,-34.3265291163333 18.4606700185,-34.3291526266667 18.45804650825,-34.3291526266667</coordinates></LinearRing></outerBoundaryIs></Polygon>
  </Placemark>
  <Placemark>
	<Style><LineStyle><color>ff0000ff</color></LineStyle><PolyStyle><fill>0</fill></PolyStyle></Style>
	<ExtendedData><SchemaData schemaUrl="#jag_id_grid">
		<SimpleData name="env.jag_id">1237</SimpleData>
	</SchemaData></ExtendedData>
      <Polygon><outerBoundaryIs><LinearRing><coordinates>18.4606700185,-34.3291526266667 18.4606700185,-34.3265291163333 18.46329352875,-34.3265291163333 18.46329352875,-34.3291526266667 18.4606700185,-34.3291526266667</coordinates></LinearRing></outerBoundaryIs></Polygon>
  </Placemark>
  <Placemark>
	<Style><LineStyle><color>ff0000ff</color></LineStyle><PolyStyle><fill>0</fill></PolyStyle></Style>
	<ExtendedData><SchemaData schemaUrl="#jag_id_grid">
		<SimpleData name="env.jag_id">1264</SimpleData>
	</SchemaData></ExtendedData>
      <Polygon><outerBoundaryIs><LinearRing><coordinates>18.46329352875,-34.3291526266667 18.46329352875,-34.3265291163333 18.465917039,-34.3265291163333 18.465917039,-34.3291526266667 18.46329352875,-34.3291526266667</coordinates></LinearRing></outerBoundaryIs></Polygon>
  </Placemark>
  <Placemark>
	<Style><LineStyle><color>ff0000ff</color></LineStyle><PolyStyle><fill>0</fill></PolyStyle></Style>
	<ExtendedData><SchemaData schemaUrl="#jag_id_grid">
		<SimpleData name="env.jag_id">833</SimpleData>
	</SchemaData></ExtendedData>
      <Polygon><outerBoundaryIs><LinearRing><coordinates>18.434434916,-34.331776137 18.434434916,-34.3291526266667 18.43705842625,-34.3291526266667 18.43705842625,-34.331776137 18.434434916,-34.331776137</coordinates></LinearRing></outerBoundaryIs></Polygon>
  </Placemark>
  <Placemark>
	<Style><LineStyle><color>ff0000ff</color></LineStyle><PolyStyle><fill>0</fill></PolyStyle></Style>
	<ExtendedData><SchemaData schemaUrl="#jag_id_grid">
		<SimpleData name="env.jag_id">873</SimpleData>
	</SchemaData></ExtendedData>
      <Polygon><outerBoundaryIs><LinearRing><coordinates>18.43705842625,-34.331776137 18.43705842625,-34.3291526266667 18.4396819365,-34.3291526266667 18.4396819365,-34.331776137 18.43705842625,-34.331776137</coordinates></LinearRing></outerBoundaryIs></Polygon>
  </Placemark>
  <Placemark>
	<Style><LineStyle><color>ff0000ff</color></LineStyle><PolyStyle><fill>0</fill></PolyStyle></Style>
	<ExtendedData><SchemaData schemaUrl="#jag_id_grid">
		<SimpleData name="env.jag_id">914</SimpleData>
	</SchemaData></ExtendedData>
      <Polygon><outerBoundaryIs><LinearRing><coordinates>18.4396819365,-34.331776137 18.4396819365,-34.3291526266667 18.44230544675,-34.3291526266667 18.44230544675,-34.331776137 18.4396819365,-34.331776137</coordinates></LinearRing></outerBoundaryIs></Polygon>
  </Placemark>
  <Placemark>
	<Style><LineStyle><color>ff0000ff</color></LineStyle><PolyStyle><fill>0</fill></PolyStyle></Style>
	<ExtendedData><SchemaData schemaUrl="#jag_id_grid">
		<SimpleData name="env.jag_id">955</SimpleData>
	</SchemaData></ExtendedData>
      <Polygon><outerBoundaryIs><LinearRing><coordinates>18.44230544675,-34.331776137 18.44230544675,-34.3291526266667 18.444928957,-34.3291526266667 18.444928957,-34.331776137 18.44230544675,-34.331776137</coordinates></LinearRing></outerBoundaryIs></Polygon>
  </Placemark>
  <Placemark>
	<Style><LineStyle><color>ff0000ff</color></LineStyle><PolyStyle><fill>0</fill></PolyStyle></Style>
	<ExtendedData><SchemaData schemaUrl="#jag_id_grid">
		<SimpleData name="env.jag_id">995</SimpleData>
	</SchemaData></ExtendedData>
      <Polygon><outerBoundaryIs><LinearRing><coordinates>18.444928957,-34.331776137 18.444928957,-34.3291526266667 18.44755246725,-34.3291526266667 18.44755246725,-34.331776137 18.444928957,-34.331776137</coordinates></LinearRing></outerBoundaryIs></Polygon>
  </Placemark>
  <Placemark>
	<Style><LineStyle><color>ff0000ff</color></LineStyle><PolyStyle><fill>0</fill></PolyStyle></Style>
	<ExtendedData><SchemaData schemaUrl="#jag_id_grid">
		<SimpleData name="env.jag_id">1040</SimpleData>
	</SchemaData></ExtendedData>
      <Polygon><outerBoundaryIs><LinearRing><coordinates>18.44755246725,-34.331776137 18.44755246725,-34.3291526266667 18.4501759775,-34.3291526266667 18.4501759775,-34.331776137 18.44755246725,-34.331776137</coordinates></LinearRing></outerBoundaryIs></Polygon>
  </Placemark>
  <Placemark>
	<Style><LineStyle><color>ff0000ff</color></LineStyle><PolyStyle><fill>0</fill></PolyStyle></Style>
	<ExtendedData><SchemaData schemaUrl="#jag_id_grid">
		<SimpleData name="env.jag_id">1084</SimpleData>
	</SchemaData></ExtendedData>
      <Polygon><outerBoundaryIs><LinearRing><coordinates>18.4501759775,-34.331776137 18.4501759775,-34.3291526266667 18.45279948775,-34.3291526266667 18.45279948775,-34.331776137 18.4501759775,-34.331776137</coordinates></LinearRing></outerBoundaryIs></Polygon>
  </Placemark>
  <Placemark>
	<Style><LineStyle><color>ff0000ff</color></LineStyle><PolyStyle><fill>0</fill></PolyStyle></Style>
	<ExtendedData><SchemaData schemaUrl="#jag_id_grid">
		<SimpleData name="env.jag_id">1124</SimpleData>
	</SchemaData></ExtendedData>
      <Polygon><outerBoundaryIs><LinearRing><coordinates>18.45279948775,-34.331776137 18.45279948775,-34.3291526266667 18.455422998,-34.3291526266667 18.455422998,-34.331776137 18.45279948775,-34.331776137</coordinates></LinearRing></outerBoundaryIs></Polygon>
  </Placemark>
  <Placemark>
	<Style><LineStyle><color>ff0000ff</color></LineStyle><PolyStyle><fill>0</fill></PolyStyle></Style>
	<ExtendedData><SchemaData schemaUrl="#jag_id_grid">
		<SimpleData name="env.jag_id">1238</SimpleData>
	</SchemaData></ExtendedData>
      <Polygon><outerBoundaryIs><LinearRing><coordinates>18.4606700185,-34.331776137 18.4606700185,-34.3291526266667 18.46329352875,-34.3291526266667 18.46329352875,-34.331776137 18.4606700185,-34.331776137</coordinates></LinearRing></outerBoundaryIs></Polygon>
  </Placemark>
  <Placemark>
	<Style><LineStyle><color>ff0000ff</color></LineStyle><PolyStyle><fill>0</fill></PolyStyle></Style>
	<ExtendedData><SchemaData schemaUrl="#jag_id_grid">
		<SimpleData name="env.jag_id">1265</SimpleData>
	</SchemaData></ExtendedData>
      <Polygon><outerBoundaryIs><LinearRing><coordinates>18.46329352875,-34.331776137 18.46329352875,-34.3291526266667 18.465917039,-34.3291526266667 18.465917039,-34.331776137 18.46329352875,-34.331776137</coordinates></LinearRing></outerBoundaryIs></Polygon>
  </Placemark>
  <Placemark>
	<Style><LineStyle><color>ff0000ff</color></LineStyle><PolyStyle><fill>0</fill></PolyStyle></Style>
	<ExtendedData><SchemaData schemaUrl="#jag_id_grid">
		<SimpleData name="env.jag_id">1288</SimpleData>
	</SchemaData></ExtendedData>
      <Polygon><outerBoundaryIs><LinearRing><coordinates>18.465917039,-34.331776137 18.465917039,-34.3291526266667 18.46854054925,-34.3291526266667 18.46854054925,-34.331776137 18.465917039,-34.331776137</coordinates></LinearRing></outerBoundaryIs></Polygon>
  </Placemark>
  <Placemark>
	<Style><LineStyle><color>ff0000ff</color></LineStyle><PolyStyle><fill>0</fill></PolyStyle></Style>
	<ExtendedData><SchemaData schemaUrl="#jag_id_grid">
		<SimpleData name="env.jag_id">874</SimpleData>
	</SchemaData></ExtendedData>
      <Polygon><outerBoundaryIs><LinearRing><coordinates>18.43705842625,-34.3343996473333 18.43705842625,-34.331776137 18.4396819365,-34.331776137 18.4396819365,-34.3343996473333 18.43705842625,-34.3343996473333</coordinates></LinearRing></outerBoundaryIs></Polygon>
  </Placemark>
  <Placemark>
	<Style><LineStyle><color>ff0000ff</color></LineStyle><PolyStyle><fill>0</fill></PolyStyle></Style>
	<ExtendedData><SchemaData schemaUrl="#jag_id_grid">
		<SimpleData name="env.jag_id">996</SimpleData>
	</SchemaData></ExtendedData>
      <Polygon><outerBoundaryIs><LinearRing><coordinates>18.444928957,-34.3343996473333 18.444928957,-34.331776137 18.44755246725,-34.331776137 18.44755246725,-34.3343996473333 18.444928957,-34.3343996473333</coordinates></LinearRing></outerBoundaryIs></Polygon>
  </Placemark>
  <Placemark>
	<Style><LineStyle><color>ff0000ff</color></LineStyle><PolyStyle><fill>0</fill></PolyStyle></Style>
	<ExtendedData><SchemaData schemaUrl="#jag_id_grid">
		<SimpleData name="env.jag_id">1041</SimpleData>
	</SchemaData></ExtendedData>
      <Polygon><outerBoundaryIs><LinearRing><coordinates>18.44755246725,-34.3343996473333 18.44755246725,-34.331776137 18.4501759775,-34.331776137 18.4501759775,-34.3343996473333 18.44755246725,-34.3343996473333</coordinates></LinearRing></outerBoundaryIs></Polygon>
  </Placemark>
  <Placemark>
	<Style><LineStyle><color>ff0000ff</color></LineStyle><PolyStyle><fill>0</fill></PolyStyle></Style>
	<ExtendedData><SchemaData schemaUrl="#jag_id_grid">
		<SimpleData name="env.jag_id">1085</SimpleData>
	</SchemaData></ExtendedData>
      <Polygon><outerBoundaryIs><LinearRing><coordinates>18.4501759775,-34.3343996473333 18.4501759775,-34.331776137 18.45279948775,-34.331776137 18.45279948775,-34.3343996473333 18.4501759775,-34.3343996473333</coordinates></LinearRing></outerBoundaryIs></Polygon>
  </Placemark>
  <Placemark>
	<Style><LineStyle><color>ff0000ff</color></LineStyle><PolyStyle><fill>0</fill></PolyStyle></Style>
	<ExtendedData><SchemaData schemaUrl="#jag_id_grid">
		<SimpleData name="env.jag_id">1125</SimpleData>
	</SchemaData></ExtendedData>
      <Polygon><outerBoundaryIs><LinearRing><coordinates>18.45279948775,-34.3343996473333 18.45279948775,-34.331776137 18.455422998,-34.331776137 18.455422998,-34.3343996473333 18.45279948775,-34.3343996473333</coordinates></LinearRing></outerBoundaryIs></Polygon>
  </Placemark>
  <Placemark>
	<Style><LineStyle><color>ff0000ff</color></LineStyle><PolyStyle><fill>0</fill></PolyStyle></Style>
	<ExtendedData><SchemaData schemaUrl="#jag_id_grid">
		<SimpleData name="env.jag_id">1168</SimpleData>
	</SchemaData></ExtendedData>
      <Polygon><outerBoundaryIs><LinearRing><coordinates>18.455422998,-34.3343996473333 18.455422998,-34.331776137 18.45804650825,-34.331776137 18.45804650825,-34.3343996473333 18.455422998,-34.3343996473333</coordinates></LinearRing></outerBoundaryIs></Polygon>
  </Placemark>
  <Placemark>
	<Style><LineStyle><color>ff0000ff</color></LineStyle><PolyStyle><fill>0</fill></PolyStyle></Style>
	<ExtendedData><SchemaData schemaUrl="#jag_id_grid">
		<SimpleData name="env.jag_id">1208</SimpleData>
	</SchemaData></ExtendedData>
      <Polygon><outerBoundaryIs><LinearRing><coordinates>18.45804650825,-34.3343996473333 18.45804650825,-34.331776137 18.4606700185,-34.331776137 18.4606700185,-34.3343996473333 18.45804650825,-34.3343996473333</coordinates></LinearRing></outerBoundaryIs></Polygon>
  </Placemark>
  <Placemark>
	<Style><LineStyle><color>ff0000ff</color></LineStyle><PolyStyle><fill>0</fill></PolyStyle></Style>
	<ExtendedData><SchemaData schemaUrl="#jag_id_grid">
		<SimpleData name="env.jag_id">1266</SimpleData>
	</SchemaData></ExtendedData>
      <Polygon><outerBoundaryIs><LinearRing><coordinates>18.46329352875,-34.3343996473333 18.46329352875,-34.331776137 18.465917039,-34.331776137 18.465917039,-34.3343996473333 18.46329352875,-34.3343996473333</coordinates></LinearRing></outerBoundaryIs></Polygon>
  </Placemark>
  <Placemark>
	<Style><LineStyle><color>ff0000ff</color></LineStyle><PolyStyle><fill>0</fill></PolyStyle></Style>
	<ExtendedData><SchemaData schemaUrl="#jag_id_grid">
		<SimpleData name="env.jag_id">1126</SimpleData>
	</SchemaData></ExtendedData>
      <Polygon><outerBoundaryIs><LinearRing><coordinates>18.45279948775,-34.3370231576667 18.45279948775,-34.3343996473333 18.455422998,-34.3343996473333 18.455422998,-34.3370231576667 18.45279948775,-34.3370231576667</coordinates></LinearRing></outerBoundaryIs></Polygon>
  </Placemark>
  <Placemark>
	<Style><LineStyle><color>ff0000ff</color></LineStyle><PolyStyle><fill>0</fill></PolyStyle></Style>
	<ExtendedData><SchemaData schemaUrl="#jag_id_grid">
		<SimpleData name="env.jag_id">1169</SimpleData>
	</SchemaData></ExtendedData>
      <Polygon><outerBoundaryIs><LinearRing><coordinates>18.455422998,-34.3370231576667 18.455422998,-34.3343996473333 18.45804650825,-34.3343996473333 18.45804650825,-34.3370231576667 18.455422998,-34.3370231576667</coordinates></LinearRing></outerBoundaryIs></Polygon>
  </Placemark>
  <Placemark>
	<Style><LineStyle><color>ff0000ff</color></LineStyle><PolyStyle><fill>0</fill></PolyStyle></Style>
	<ExtendedData><SchemaData schemaUrl="#jag_id_grid">
		<SimpleData name="env.jag_id">1209</SimpleData>
	</SchemaData></ExtendedData>
      <Polygon><outerBoundaryIs><LinearRing><coordinates>18.45804650825,-34.3370231576667 18.45804650825,-34.3343996473333 18.4606700185,-34.3343996473333 18.4606700185,-34.3370231576667 18.45804650825,-34.3370231576667</coordinates></LinearRing></outerBoundaryIs></Polygon>
  </Placemark>
  <Placemark>
	<Style><LineStyle><color>ff0000ff</color></LineStyle><PolyStyle><fill>0</fill></PolyStyle></Style>
	<ExtendedData><SchemaData schemaUrl="#jag_id_grid">
		<SimpleData name="env.jag_id">1267</SimpleData>
	</SchemaData></ExtendedData>
      <Polygon><outerBoundaryIs><LinearRing><coordinates>18.46329352875,-34.3370231576667 18.46329352875,-34.3343996473333 18.465917039,-34.3343996473333 18.465917039,-34.3370231576667 18.46329352875,-34.3370231576667</coordinates></LinearRing></outerBoundaryIs></Polygon>
  </Placemark>
  <Placemark>
	<Style><LineStyle><color>ff0000ff</color></LineStyle><PolyStyle><fill>0</fill></PolyStyle></Style>
	<ExtendedData><SchemaData schemaUrl="#jag_id_grid">
		<SimpleData name="env.jag_id">1289</SimpleData>
	</SchemaData></ExtendedData>
      <Polygon><outerBoundaryIs><LinearRing><coordinates>18.465917039,-34.3370231576667 18.465917039,-34.3343996473333 18.46854054925,-34.3343996473333 18.46854054925,-34.3370231576667 18.465917039,-34.3370231576667</coordinates></LinearRing></outerBoundaryIs></Polygon>
  </Placemark>
  <Placemark>
	<Style><LineStyle><color>ff0000ff</color></LineStyle><PolyStyle><fill>0</fill></PolyStyle></Style>
	<ExtendedData><SchemaData schemaUrl="#jag_id_grid">
		<SimpleData name="env.jag_id">1210</SimpleData>
	</SchemaData></ExtendedData>
      <Polygon><outerBoundaryIs><LinearRing><coordinates>18.45804650825,-34.339646668 18.45804650825,-34.3370231576667 18.4606700185,-34.3370231576667 18.4606700185,-34.339646668 18.45804650825,-34.339646668</coordinates></LinearRing></outerBoundaryIs></Polygon>
  </Placemark>
  <Placemark>
	<Style><LineStyle><color>ff0000ff</color></LineStyle><PolyStyle><fill>0</fill></PolyStyle></Style>
	<ExtendedData><SchemaData schemaUrl="#jag_id_grid">
		<SimpleData name="env.jag_id">1239</SimpleData>
	</SchemaData></ExtendedData>
      <Polygon><outerBoundaryIs><LinearRing><coordinates>18.4606700185,-34.339646668 18.4606700185,-34.3370231576667 18.46329352875,-34.3370231576667 18.46329352875,-34.339646668 18.4606700185,-34.339646668</coordinates></LinearRing></outerBoundaryIs></Polygon>
  </Placemark>
  <Placemark>
	<Style><LineStyle><color>ff0000ff</color></LineStyle><PolyStyle><fill>0</fill></PolyStyle></Style>
	<ExtendedData><SchemaData schemaUrl="#jag_id_grid">
		<SimpleData name="env.jag_id">1268</SimpleData>
	</SchemaData></ExtendedData>
      <Polygon><outerBoundaryIs><LinearRing><coordinates>18.46329352875,-34.339646668 18.46329352875,-34.3370231576667 18.465917039,-34.3370231576667 18.465917039,-34.339646668 18.46329352875,-34.339646668</coordinates></LinearRing></outerBoundaryIs></Polygon>
  </Placemark>
  <Placemark>
	<Style><LineStyle><color>ff0000ff</color></LineStyle><PolyStyle><fill>0</fill></PolyStyle></Style>
	<ExtendedData><SchemaData schemaUrl="#jag_id_grid">
		<SimpleData name="env.jag_id">1290</SimpleData>
	</SchemaData></ExtendedData>
      <Polygon><outerBoundaryIs><LinearRing><coordinates>18.465917039,-34.339646668 18.465917039,-34.3370231576667 18.46854054925,-34.3370231576667 18.46854054925,-34.339646668 18.465917039,-34.339646668</coordinates></LinearRing></outerBoundaryIs></Polygon>
  </Placemark>
  <Placemark>
	<Style><LineStyle><color>ff0000ff</color></LineStyle><PolyStyle><fill>0</fill></PolyStyle></Style>
	<ExtendedData><SchemaData schemaUrl="#jag_id_grid">
		<SimpleData name="env.jag_id">1269</SimpleData>
	</SchemaData></ExtendedData>
      <Polygon><outerBoundaryIs><LinearRing><coordinates>18.46329352875,-34.3422701783333 18.46329352875,-34.339646668 18.465917039,-34.339646668 18.465917039,-34.3422701783333 18.46329352875,-34.3422701783333</coordinates></LinearRing></outerBoundaryIs></Polygon>
  </Placemark>
  <Placemark>
	<Style><LineStyle><color>ff0000ff</color></LineStyle><PolyStyle><fill>0</fill></PolyStyle></Style>
	<ExtendedData><SchemaData schemaUrl="#jag_id_grid">
		<SimpleData name="env.jag_id">1315</SimpleData>
	</SchemaData></ExtendedData>
      <Polygon><outerBoundaryIs><LinearRing><coordinates>18.4711640595,-34.3527642196667 18.4711640595,-34.3501407093333 18.47378756975,-34.3501407093333 18.47378756975,-34.3527642196667 18.4711640595,-34.3527642196667</coordinates></LinearRing></outerBoundaryIs></Polygon>
  </Placemark>
  <Placemark>
	<Style><LineStyle><color>ff0000ff</color></LineStyle><PolyStyle><fill>0</fill></PolyStyle></Style>
	<ExtendedData><SchemaData schemaUrl="#jag_id_grid">
		<SimpleData name="env.jag_id">1319</SimpleData>
	</SchemaData></ExtendedData>
      <Polygon><outerBoundaryIs><LinearRing><coordinates>18.47378756975,-34.3527642196667 18.47378756975,-34.3501407093333 18.47641108,-34.3501407093333 18.47641108,-34.3527642196667 18.47378756975,-34.3527642196667</coordinates></LinearRing></outerBoundaryIs></Polygon>
  </Placemark>
  <Placemark>
	<Style><LineStyle><color>ff0000ff</color></LineStyle><PolyStyle><fill>0</fill></PolyStyle></Style>
	<ExtendedData><SchemaData schemaUrl="#jag_id_grid">
		<SimpleData name="env.jag_id">1316</SimpleData>
	</SchemaData></ExtendedData>
      <Polygon><outerBoundaryIs><LinearRing><coordinates>18.4711640595,-34.35538773 18.4711640595,-34.3527642196667 18.47378756975,-34.3527642196667 18.47378756975,-34.35538773 18.4711640595,-34.35538773</coordinates></LinearRing></outerBoundaryIs></Polygon>
  </Placemark>
  <Placemark>
	<Style><LineStyle><color>ff0000ff</color></LineStyle><PolyStyle><fill>0</fill></PolyStyle></Style>
	<ExtendedData><SchemaData schemaUrl="#jag_id_grid">
		<SimpleData name="env.jag_id">1320</SimpleData>
	</SchemaData></ExtendedData>
      <Polygon><outerBoundaryIs><LinearRing><coordinates>18.47378756975,-34.35538773 18.47378756975,-34.3527642196667 18.47641108,-34.3527642196667 18.47641108,-34.35538773 18.47378756975,-34.35538773</coordinates></LinearRing></outerBoundaryIs></Polygon>
  </Placemark>
</Folder>
</Document></kml>
